{"type":"FeatureCollection","features":[{"type":"Feature","geometry":{"type":"MultiPolygon","coordinates":[[[[-46.6766648,-23.6085428],[-46.677127,-23.6100194],[-46.67717,-23.6102162],[-46.6772297,-23.6105099],[-46.6774068,-23.6109557],[-46.6777692,-23.6119557],[-46.6781706,-23.6129872],[-46.6784688,-23.6136007],[-46.6787052,-23.6139255],[-46.6792709,-23.6147199],[-46.6798744,-23.6156198],[-46.6804758,-23.6164689],[-46.6810676,-23.6173235],[-46.6816944,-23.6181892],[-46.6820377,-23.6186656],[-46.6821963,-23.618879],[-46.6823114,-23.6190338],[-46.6825975,-23.6194239],[-46.6833009,-23.620471],[-46.6838772,-23.6213445],[-46.6841903,-23.6217948],[-46.6845673,-23.6223204],[-46.6849743,-23.6229652],[-46.6858337,-23.6241865],[-46.6861394,-23.6246291],[-46.687368,-23.6263235]]],[[[-46.6766648,-23.6085428],[-46.6760626,-23.6090468],[-46.6757391,-23.6094601],[-46.674886,-23.6106033],[-46.6746683,-23.6108719],[-46.6743058,-23.6111578],[-46.6736591,-23.6116533],[-46.6731157,-23.6119351],[-46.6718088,-23.6125323],[-46.6704527,-23.6131528],[-46.6699191,-23.6135089],[-46.667751,-23.6152009],[-46.6673209,-23.615451],[-46.6661395,-23.6158519],[-46.6649342,-23.6161056],[-46.6640138,-23.6163159],[-46.6632643,-23.616594],[-46.6619828,-23.6172626],[-46.661723,-23.6173841]]],[[[-46.661723,-23.6173841],[-46.660945,-23.6177459],[-46.6594344,-23.6184739],[-46.6564661,-23.6198956],[-46.6548736,-23.6209254],[-46.6550337,-23.6211454],[-46.6551744,-23.621273],[-46.6540627,-23.6232935],[-46.6540365,-23.6232715],[-46.6539947,-23.623342],[-46.6530327,-23.6249647],[-46.6530076,-23.62501],[-46.6529354,-23.6251539],[-46.6528302,-23.6254107],[-46.6524759,-23.6262583],[-46.6524319,-23.6263694],[-46.6524294,-23.6263772],[-46.6524155,-23.6264095],[-46.6521214,-23.6271579],[-46.6515997,-23.6281519],[-46.6507132,-23.6294199],[-46.6506147,-23.6294807],[-46.6504906,-23.6295341],[-46.6490841,-23.629954],[-46.6484712,-23.63013],[-46.648093,-23.6302264],[-46.647922,-23.6302381],[-46.6476923,-23.6302462],[-46.6474357,-23.6303529]]],[[[-46.6474357,-23.6303529],[-46.6485635,-23.6309954],[-46.6486394,-23.6308817],[-46.6487833,-23.6309522],[-46.6490033,-23.6310764],[-46.6490116,-23.6310642],[-46.649027,-23.6310746],[-46.6492498,-23.6312048],[-46.6492608,-23.6312635],[-46.6492843,-23.6313004],[-46.6493121,-23.6313437],[-46.649461,-23.6314299],[-46.6494141,-23.6314991],[-46.6497233,-23.6316916],[-46.6499859,-23.6318722],[-46.6500905,-23.6329299],[-46.6501487,-23.6333751],[-46.6498364,-23.6338687],[-46.6494848,-23.6342914],[-46.6493823,-23.6344253],[-46.6495143,-23.6345077],[-46.6496882,-23.6346489],[-46.64912,-23.6355127],[-46.6501647,-23.6357179],[-46.6503605,-23.6358076],[-46.6503135,-23.6358954],[-46.6502444,-23.6367324],[-46.6505974,-23.637525],[-46.6511977,-23.6388476],[-46.6512959,-23.639005],[-46.6514071,-23.6391475],[-46.6516518,-23.639406],[-46.6517573,-23.639532],[-46.6518502,-23.6395611],[-46.6522528,-23.6395262]]],[[[-46.6522528,-23.6395262],[-46.6524827,-23.6395263],[-46.6527158,-23.6395814],[-46.6531375,-23.639776],[-46.6533233,-23.6399273]]],[[[-46.6533233,-23.6399273],[-46.6539574,-23.6403716]]],[[[-46.6539574,-23.6403716],[-46.6542724,-23.6405604],[-46.6544859,-23.6406804],[-46.6546454,-23.640707],[-46.6551206,-23.6407104],[-46.6560338,-23.640733],[-46.656314,-23.6407761],[-46.656571,-23.6408756],[-46.6568061,-23.6409974],[-46.657148,-23.6412904],[-46.6583595,-23.6423965],[-46.6585465,-23.6425231],[-46.6589246,-23.642579],[-46.6589734,-23.6425083],[-46.6590715,-23.6423797],[-46.6591365,-23.6422639],[-46.6593277,-23.6419437],[-46.6595594,-23.6416415],[-46.6597893,-23.6412776],[-46.6599844,-23.6409469],[-46.6601471,-23.6407754]]],[[[-46.6601471,-23.6407754],[-46.660166,-23.6398299],[-46.660361,-23.6394758],[-46.6606907,-23.6391619],[-46.6610936,-23.6387993],[-46.6613465,-23.6385639],[-46.6616959,-23.6382731]]],[[[-46.6616959,-23.6382731],[-46.6622242,-23.6381641],[-46.6623997,-23.6380733],[-46.6627073,-23.6383868],[-46.662746,-23.6384335],[-46.6629701,-23.6386495],[-46.6631195,-23.6387884],[-46.6634572,-23.6391557],[-46.6637033,-23.6394243],[-46.6644082,-23.6402525],[-46.6650064,-23.6407272],[-46.6651418,-23.6408346],[-46.6654301,-23.6410611],[-46.6654721,-23.6410941],[-46.6663547,-23.6418164],[-46.6662998,-23.6419427],[-46.666266,-23.6420204],[-46.6663794,-23.6420514],[-46.6671592,-23.6422649],[-46.6678032,-23.6424331],[-46.6676309,-23.6430109],[-46.6694212,-23.6434215],[-46.6698631,-23.6435228],[-46.6702097,-23.6436418],[-46.670458,-23.6437871],[-46.6706881,-23.644004],[-46.6708478,-23.6441912],[-46.6709493,-23.6443934],[-46.6709894,-23.6445694],[-46.6710086,-23.644654],[-46.6710827,-23.6446698],[-46.6717702,-23.6448156],[-46.6718576,-23.6448346],[-46.6719581,-23.6448565],[-46.6720304,-23.6448788]]],[[[-46.6720304,-23.6448788],[-46.6724091,-23.6443301],[-46.6725869,-23.6441093]]],[[[-46.6725869,-23.6441093],[-46.6726317,-23.6440538],[-46.6727394,-23.6439302],[-46.6731373,-23.643481],[-46.6740987,-23.6423658],[-46.6744111,-23.6419962],[-46.6752783,-23.641379],[-46.6756728,-23.641108],[-46.6759399,-23.6409157],[-46.6761648,-23.6407104],[-46.67623,-23.6406509],[-46.6764524,-23.6402908],[-46.6767761,-23.6390503],[-46.6767967,-23.6389514],[-46.6771256,-23.6376313],[-46.6772701,-23.6371534],[-46.6775534,-23.6366078],[-46.6778022,-23.6362063],[-46.6782968,-23.6354901],[-46.6789808,-23.634604],[-46.6793447,-23.6341768],[-46.6798177,-23.6337932],[-46.6800676,-23.6335905],[-46.6806717,-23.6330898],[-46.6808127,-23.632973],[-46.681306,-23.6326335],[-46.6821939,-23.6320211],[-46.6834678,-23.6308121],[-46.6841058,-23.6301984],[-46.6845215,-23.6297712],[-46.6848848,-23.6291167],[-46.6850157,-23.6288312],[-46.6854623,-23.6278569],[-46.6856571,-23.6275232],[-46.6858362,-23.6272968],[-46.6861112,-23.6270364],[-46.6864057,-23.6268213],[-46.6866967,-23.6266398],[-46.687368,-23.6263235]]]]},"properties":{"name":"Campo Belo","admin_level":"9"}},{"type":"Feature","geometry":{"type":"MultiPolygon","coordinates":[[[[-46.6798499,-23.6542066],[-46.6799474,-23.6540253],[-46.6799936,-23.6539041],[-46.6801549,-23.6536422],[-46.6803018,-23.6533733]]],[[[-46.6798499,-23.6542066],[-46.6798356,-23.6543776],[-46.6797064,-23.6565563],[-46.6796585,-23.6568975],[-46.6796156,-23.6575075],[-46.6794348,-23.6600786],[-46.6794353,-23.6609143],[-46.6793514,-23.6614742],[-46.6786208,-23.6638321],[-46.6781669,-23.6652708]]],[[[-46.670393,-23.6886164],[-46.6705467,-23.6885444],[-46.6709775,-23.6882643],[-46.6709085,-23.68816],[-46.6707293,-23.6878754],[-46.6704835,-23.6873282],[-46.6704375,-23.6867515],[-46.6704375,-23.6861069],[-46.670432,-23.6856075],[-46.6701999,-23.6851524],[-46.6700965,-23.684934],[-46.6700607,-23.6848583],[-46.6699549,-23.6845129],[-46.6699428,-23.6843809],[-46.6699496,-23.6842495],[-46.6699743,-23.6840522],[-46.6701393,-23.683448],[-46.6701692,-23.6833386],[-46.6702353,-23.6830055],[-46.6702344,-23.6829227],[-46.670229,-23.6828656],[-46.6700867,-23.6824715],[-46.6698967,-23.6820118],[-46.6698242,-23.6817526],[-46.669768,-23.6814852],[-46.66972,-23.6808533],[-46.6697061,-23.680678],[-46.670332,-23.6804021],[-46.6704699,-23.6803492],[-46.6705577,-23.6803139],[-46.6706918,-23.6798514],[-46.6706997,-23.6797141],[-46.6707097,-23.6795552],[-46.6707185,-23.6793825],[-46.6706944,-23.6788274],[-46.6706631,-23.6782459],[-46.6706395,-23.6774965],[-46.6705671,-23.6771472],[-46.6705669,-23.677146],[-46.6705093,-23.6769064],[-46.6704522,-23.6767151],[-46.6703561,-23.6762928],[-46.6702747,-23.6759452],[-46.6700885,-23.6751503],[-46.6698911,-23.6744114],[-46.669983,-23.6742339],[-46.6701044,-23.6740671],[-46.6702256,-23.6739464],[-46.6706577,-23.6736763],[-46.6711336,-23.6734125],[-46.67116,-23.6733606],[-46.6711724,-23.6733155],[-46.6711763,-23.6732659],[-46.6711668,-23.6732026],[-46.6707645,-23.6725278],[-46.6706005,-23.6723478],[-46.6705167,-23.672287],[-46.6704268,-23.6722404],[-46.6703215,-23.6721986],[-46.6702344,-23.6721667],[-46.6699429,-23.6721112],[-46.6699019,-23.6721019],[-46.669566,-23.6720534],[-46.6691493,-23.6719834],[-46.6689028,-23.6719317],[-46.6687269,-23.6718522],[-46.6686061,-23.6717745],[-46.6685259,-23.671723],[-46.6682769,-23.6715],[-46.6682091,-23.6714203],[-46.6684022,-23.6712977],[-46.6684199,-23.6712859],[-46.6688808,-23.6709951],[-46.6691202,-23.6708352],[-46.6692743,-23.6707065],[-46.6694453,-23.6705525],[-46.6694884,-23.6705149],[-46.6696794,-23.6703469],[-46.6698492,-23.670178],[-46.6700056,-23.6699926],[-46.6702109,-23.6697181],[-46.670284,-23.6696395],[-46.6703363,-23.6696008],[-46.6703926,-23.6695676],[-46.6704584,-23.669549],[-46.6707871,-23.6694686],[-46.6713052,-23.6693411],[-46.6714541,-23.6693046],[-46.6716575,-23.6692529],[-46.6718341,-23.6692117],[-46.6719416,-23.6691822],[-46.6720295,-23.669147],[-46.6721486,-23.6690877],[-46.6724354,-23.6689288],[-46.672633,-23.6688279],[-46.672681,-23.6688052],[-46.6727571,-23.6687682],[-46.6728152,-23.6687392],[-46.6731277,-23.6685619],[-46.6732857,-23.6684618],[-46.6733777,-23.6683749],[-46.6734443,-23.6682861],[-46.6735242,-23.6679107],[-46.673571,-23.6677655],[-46.6736442,-23.6676557],[-46.6739132,-23.6674666],[-46.6740501,-23.6673759],[-46.6740945,-23.6673529],[-46.6741974,-23.6672995],[-46.6742614,-23.6672663],[-46.6744288,-23.6672054],[-46.6746232,-23.6671694],[-46.6748286,-23.6671314],[-46.6751124,-23.6670087],[-46.6755893,-23.6667291],[-46.6761974,-23.6663725],[-46.6763506,-23.6662818],[-46.6765086,-23.6661797],[-46.6767908,-23.6660255],[-46.6770814,-23.6658668],[-46.6773056,-23.6657432],[-46.6780046,-23.665358],[-46.6781231,-23.665297],[-46.6781669,-23.6652708]]],[[[-46.6858649,-23.6999024],[-46.6869578,-23.6993201],[-46.6873897,-23.6990082],[-46.6878886,-23.6986397],[-46.688299,-23.6983131],[-46.6887094,-23.6979177],[-46.6888516,-23.6977574],[-46.6891493,-23.6974216],[-46.689852,-23.6964294],[-46.6917239,-23.6935233],[-46.6924038,-23.6924677],[-46.693709,-23.6904413],[-46.6955683,-23.6874777]]],[[[-46.6858649,-23.6999024],[-46.6857134,-23.6995955],[-46.6855685,-23.6993073],[-46.6849851,-23.6984479],[-46.6849687,-23.6983144],[-46.6849884,-23.698003],[-46.6849551,-23.6979423],[-46.6848459,-23.6978975],[-46.6845273,-23.6978109]]],[[[-46.6845273,-23.6978109],[-46.683973,-23.6976918]]],[[[-46.683973,-23.6976918],[-46.6838077,-23.6976949],[-46.6837037,-23.6977002],[-46.6836128,-23.6976253],[-46.6835561,-23.6975558],[-46.6835034,-23.6974534],[-46.683403,-23.6973672],[-46.6833266,-23.6971806],[-46.6832034,-23.6969782],[-46.6830912,-23.6967151],[-46.6830055,-23.6965917],[-46.6829373,-23.6965619],[-46.6829064,-23.6964945],[-46.6829856,-23.6963294],[-46.6830233,-23.6962622],[-46.6831043,-23.696247],[-46.6831675,-23.6962545],[-46.6832646,-23.6962935],[-46.6833407,-23.6962895],[-46.6833846,-23.6962321],[-46.6833896,-23.6961594],[-46.6833448,-23.6960889],[-46.6832765,-23.6960131],[-46.6832872,-23.6959584],[-46.683262,-23.6958744],[-46.6832232,-23.6958069],[-46.6831663,-23.6957732],[-46.6831087,-23.6957939],[-46.6830426,-23.6958552],[-46.682978,-23.6958806],[-46.6829085,-23.6958526],[-46.6828708,-23.6957799],[-46.6828729,-23.6956778],[-46.6829294,-23.6955797],[-46.6829936,-23.6955274],[-46.683049,-23.6955107],[-46.6831012,-23.6955222],[-46.6831853,-23.6955153],[-46.6832268,-23.6954571],[-46.6831696,-23.6953969],[-46.6829593,-23.6953369],[-46.6827244,-23.6952665],[-46.6825773,-23.6952145],[-46.682433,-23.6951964],[-46.6822935,-23.6951795],[-46.6819886,-23.6951822],[-46.6817877,-23.6952004],[-46.681461,-23.6952117],[-46.681118,-23.695242],[-46.6809887,-23.6952327],[-46.6806999,-23.6950912],[-46.6804911,-23.6953437],[-46.6804007,-23.6954296],[-46.6802093,-23.6954539],[-46.6800165,-23.6953997],[-46.6798723,-23.6953478],[-46.6795033,-23.695239],[-46.6793109,-23.6952377],[-46.6791392,-23.695216]]],[[[-46.6791392,-23.695216],[-46.6790908,-23.6951161],[-46.6784633,-23.6946953],[-46.6781522,-23.6944006],[-46.6775192,-23.6936638],[-46.6774499,-23.6935657],[-46.6773698,-23.693491],[-46.6772203,-23.6933851],[-46.677035,-23.6931907],[-46.6767791,-23.6930627],[-46.6765514,-23.6929294],[-46.6763986,-23.6928842],[-46.6762695,-23.6928841],[-46.6760875,-23.6928888],[-46.6759785,-23.6929126],[-46.675869,-23.6929425],[-46.6756904,-23.6929395],[-46.6754248,-23.6928816],[-46.6753242,-23.6928446],[-46.6752306,-23.6927881],[-46.6751003,-23.6926759],[-46.6750094,-23.6926003],[-46.674885,-23.6925296],[-46.6747233,-23.6924522],[-46.6744615,-23.6922883],[-46.6744186,-23.6921999],[-46.6743542,-23.6921508],[-46.6742791,-23.6921017],[-46.6741396,-23.6920231],[-46.674043,-23.6919543],[-46.6739787,-23.6919543],[-46.6738821,-23.691915],[-46.673807,-23.6918364],[-46.6737963,-23.6917382],[-46.6737963,-23.6916203],[-46.6737963,-23.6914925],[-46.6737105,-23.6913943],[-46.6736032,-23.6913452],[-46.67341,-23.6912273],[-46.6732242,-23.6911175],[-46.6730908,-23.691037],[-46.6729566,-23.6909923],[-46.6727879,-23.6909471],[-46.672646,-23.6908635],[-46.6723479,-23.6908048],[-46.6721333,-23.6906869],[-46.6719938,-23.6905887],[-46.6717849,-23.6903892],[-46.6714494,-23.6900444],[-46.6711515,-23.6897126],[-46.6708029,-23.6892721],[-46.670393,-23.6886164]]],[[[-46.6955683,-23.6874777],[-46.6965028,-23.685676],[-46.6985734,-23.6822077],[-46.6991032,-23.68162],[-46.701041,-23.6796727],[-46.7023232,-23.6783091],[-46.7023553,-23.678275],[-46.7027257,-23.6778011],[-46.7032208,-23.6770888],[-46.7032312,-23.6770712],[-46.7070252,-23.6706919],[-46.7075285,-23.6698264],[-46.7085137,-23.6681322],[-46.710275,-23.6650963]]],[[[-46.7008228,-23.6596226],[-46.7012631,-23.6597849],[-46.7026013,-23.6602064],[-46.7031994,-23.6603414],[-46.7032895,-23.6603561],[-46.7039591,-23.6604656],[-46.7041679,-23.6605038],[-46.7047466,-23.6606966],[-46.704868,-23.6607463],[-46.7054773,-23.6612387],[-46.7059152,-23.6616518],[-46.7066483,-23.6624191],[-46.7075316,-23.6632191],[-46.7082759,-23.663897],[-46.7087432,-23.664261],[-46.710275,-23.6650963]]],[[[-46.6803018,-23.6533733],[-46.6803308,-23.6533388],[-46.6803986,-23.6532584],[-46.6805604,-23.6530676],[-46.6805913,-23.6530312],[-46.6807955,-23.6527902],[-46.6808775,-23.6526935],[-46.6810741,-23.6524686],[-46.6812831,-23.652281],[-46.6814514,-23.6521863],[-46.6816353,-23.6520933],[-46.6817236,-23.6520487],[-46.6818894,-23.6519962],[-46.6822813,-23.6518721],[-46.6826251,-23.6518024],[-46.6832224,-23.6516644],[-46.6851265,-23.6512819],[-46.6856884,-23.6511886],[-46.6860498,-23.6512534],[-46.6862338,-23.6513153],[-46.6864349,-23.651407],[-46.6866045,-23.6515334],[-46.6873916,-23.6521183],[-46.6886136,-23.6530114],[-46.6889461,-23.6532087],[-46.6890463,-23.6532913],[-46.6894145,-23.6535345],[-46.6895056,-23.6535959],[-46.6898154,-23.6537853],[-46.690097,-23.6539418],[-46.6910479,-23.65454],[-46.6920243,-23.6551233],[-46.6925968,-23.6554706],[-46.6927964,-23.655609],[-46.6929456,-23.6557179],[-46.6937994,-23.6561814],[-46.6943434,-23.656446],[-46.6947425,-23.6566609],[-46.6956494,-23.6571241],[-46.696038,-23.6573297],[-46.6971701,-23.6579137],[-46.6983518,-23.6584401],[-46.6989584,-23.658744],[-46.6998555,-23.6591856],[-46.7003332,-23.6594158],[-46.7008228,-23.6596226]]]]},"properties":{"name":"Campo Grande","admin_level":"9"}},{"type":"Feature","geometry":{"type":"MultiPolygon","coordinates":[[[[-46.6355016,-23.6907749],[-46.6356373,-23.6904493],[-46.6357708,-23.690107],[-46.6356339,-23.6900192],[-46.6355661,-23.6899811],[-46.6355364,-23.6899602],[-46.6354387,-23.6898917],[-46.63532,-23.6897824],[-46.6352444,-23.6896604],[-46.6350786,-23.6893931],[-46.6349982,-23.6892531],[-46.634974,-23.6891979],[-46.6349326,-23.6890184],[-46.6348836,-23.6888585],[-46.6348513,-23.6887138],[-46.6348183,-23.6886238],[-46.6347729,-23.6885494],[-46.6347259,-23.6884929],[-46.6346817,-23.6884561],[-46.6346119,-23.688418],[-46.6343571,-23.6883247],[-46.6341788,-23.6882657],[-46.633993,-23.6881804],[-46.6338556,-23.6880969],[-46.633761,-23.6880207],[-46.6336973,-23.6879409],[-46.6336497,-23.6878463],[-46.6335893,-23.6876344],[-46.6335176,-23.6873557],[-46.6334988,-23.6872624],[-46.6334921,-23.6871715],[-46.6334901,-23.687045],[-46.6335095,-23.6869062],[-46.6335527,-23.6867658],[-46.6335639,-23.6866791],[-46.6335652,-23.6866133],[-46.6335507,-23.6865219],[-46.6335208,-23.6863333],[-46.6334908,-23.6861448],[-46.6334636,-23.6860291],[-46.6334063,-23.6857855],[-46.6332548,-23.6851868],[-46.6332472,-23.6851628],[-46.6332069,-23.6850038],[-46.6331708,-23.6848616],[-46.6331286,-23.6846952],[-46.6330978,-23.6845586],[-46.6330558,-23.684427],[-46.633033,-23.6843678],[-46.6330128,-23.6843049],[-46.6330035,-23.6842782],[-46.633085,-23.6842397],[-46.6337614,-23.6838467],[-46.6337081,-23.6836992],[-46.6318812,-23.6801682],[-46.6293032,-23.6775852],[-46.6292435,-23.6775384],[-46.6287592,-23.6773073],[-46.6280268,-23.6771496],[-46.6277106,-23.6770501],[-46.6277899,-23.6769303],[-46.6278702,-23.6768364],[-46.6280119,-23.676712],[-46.6301045,-23.6754174],[-46.6303095,-23.6752491],[-46.6305253,-23.674928],[-46.6309341,-23.6736069],[-46.6310834,-23.6732174]]],[[[-46.6445706,-23.692356],[-46.6443058,-23.6928791],[-46.6441835,-23.6931258],[-46.6441707,-23.6932918],[-46.6440681,-23.693452],[-46.6439845,-23.693524],[-46.6439206,-23.6937099],[-46.6437551,-23.6939408],[-46.6435922,-23.6941272],[-46.6433071,-23.6942338],[-46.6430023,-23.6941712],[-46.6428671,-23.6941224],[-46.6427821,-23.694066],[-46.6426197,-23.6940199],[-46.6423434,-23.6938671],[-46.642043,-23.6937492],[-46.6418392,-23.6936706],[-46.6415495,-23.6936608],[-46.6410452,-23.6936804],[-46.6408414,-23.6936804],[-46.6404739,-23.6933249],[-46.6397002,-23.692984],[-46.6391418,-23.6929307],[-46.638659,-23.6929041],[-46.6377398,-23.6929574],[-46.6368614,-23.6930799],[-46.6357254,-23.692391],[-46.6355016,-23.6907749]]],[[[-46.670393,-23.6886164],[-46.6703449,-23.6885398],[-46.6702007,-23.6881979],[-46.6701377,-23.6880776],[-46.6699004,-23.6881649],[-46.6696931,-23.6882728],[-46.669422,-23.6884356],[-46.6691889,-23.6885547],[-46.6689636,-23.6886431],[-46.6687168,-23.6887315],[-46.6685559,-23.6887217],[-46.6683092,-23.6886922],[-46.6680624,-23.6887119],[-46.6678693,-23.688594],[-46.6676332,-23.6885547],[-46.6673543,-23.6886234],[-46.667129,-23.6886824],[-46.6668608,-23.6886824],[-46.6667106,-23.6887413],[-46.666496,-23.6887708],[-46.6663136,-23.6888396],[-46.6661848,-23.6889084],[-46.6660561,-23.688987],[-46.6658737,-23.689095],[-46.6657771,-23.6891343],[-46.665584,-23.6891343],[-46.6654124,-23.6891245],[-46.6651485,-23.689007],[-46.6650032,-23.6889539],[-46.6648447,-23.6889345],[-46.6646214,-23.6889301],[-46.6643502,-23.6889182],[-46.6642215,-23.688928],[-46.6640927,-23.6889378],[-46.6638996,-23.6890164],[-46.6636528,-23.6890852],[-46.6635563,-23.6890852],[-46.6633846,-23.6890557],[-46.6632988,-23.6889968],[-46.6631271,-23.6889968],[-46.662934,-23.6888985],[-46.6627516,-23.6889084],[-46.6625478,-23.6889477],[-46.6623439,-23.6890656],[-46.6621723,-23.6891933],[-46.6620006,-23.6892915],[-46.6617002,-23.6894389],[-46.6612818,-23.6895764],[-46.6611818,-23.6896357],[-46.6606951,-23.6893295],[-46.6603195,-23.6890548],[-46.6601947,-23.6889614],[-46.6600545,-23.6888774],[-46.6598657,-23.6887733],[-46.6588628,-23.6882207],[-46.6583394,-23.6879322],[-46.6580455,-23.6877516],[-46.6579597,-23.6876989],[-46.657383,-23.6873705],[-46.6567874,-23.6870314],[-46.6567325,-23.6870032],[-46.6566798,-23.686976],[-46.656534,-23.6869009],[-46.6561295,-23.6866925],[-46.6554654,-23.6863775],[-46.6554275,-23.6862172],[-46.6553419,-23.6860454],[-46.6552126,-23.685877],[-46.6550483,-23.685728],[-46.6548811,-23.6856216],[-46.6540636,-23.6853098],[-46.6539025,-23.685209],[-46.653766,-23.6850578],[-46.653403,-23.6845568],[-46.6529238,-23.6847227],[-46.6530174,-23.6849207],[-46.6531667,-23.6853571],[-46.6531739,-23.6857284],[-46.652932,-23.6860932],[-46.6524839,-23.6865784],[-46.6522705,-23.6870751],[-46.6521194,-23.6873357],[-46.6518345,-23.6875382],[-46.6513045,-23.6879182],[-46.6512306,-23.6879663],[-46.6511394,-23.6880224],[-46.6504311,-23.6884656],[-46.6501599,-23.6886388],[-46.6500711,-23.6887255],[-46.6500279,-23.6887705],[-46.6499998,-23.6888356],[-46.6498126,-23.6894449],[-46.6497155,-23.6897972],[-46.6493795,-23.6908312],[-46.6491451,-23.6907791],[-46.6490562,-23.6907593],[-46.6487516,-23.6906937],[-46.6487324,-23.6906896],[-46.648494,-23.6906315],[-46.6483935,-23.6906375],[-46.6482992,-23.6906679],[-46.6477859,-23.6907934],[-46.6475134,-23.6908374],[-46.6471405,-23.6908975],[-46.6468924,-23.6909393],[-46.6462635,-23.6910265],[-46.646242,-23.6911407],[-46.6461434,-23.6915597],[-46.6461146,-23.691643],[-46.6460588,-23.6917362],[-46.6459163,-23.6919611],[-46.6454103,-23.6926062],[-46.6452549,-23.69258],[-46.6450947,-23.6925376],[-46.6449847,-23.6924947],[-46.6448781,-23.6924431],[-46.6447286,-23.6923479],[-46.644636,-23.6922951],[-46.644608,-23.6922822],[-46.6445706,-23.692356]]],[[[-46.670393,-23.6886164],[-46.6705467,-23.6885444],[-46.6709775,-23.6882643],[-46.6709085,-23.68816],[-46.6707293,-23.6878754],[-46.6704835,-23.6873282],[-46.6704375,-23.6867515],[-46.6704375,-23.6861069],[-46.670432,-23.6856075],[-46.6701999,-23.6851524],[-46.6700965,-23.684934],[-46.6700607,-23.6848583],[-46.6699549,-23.6845129],[-46.6699428,-23.6843809],[-46.6699496,-23.6842495],[-46.6699743,-23.6840522],[-46.6701393,-23.683448],[-46.6701692,-23.6833386],[-46.6702353,-23.6830055],[-46.6702344,-23.6829227],[-46.670229,-23.6828656],[-46.6700867,-23.6824715],[-46.6698967,-23.6820118],[-46.6698242,-23.6817526],[-46.669768,-23.6814852],[-46.66972,-23.6808533],[-46.6697061,-23.680678],[-46.670332,-23.6804021],[-46.6704699,-23.6803492],[-46.6705577,-23.6803139],[-46.6706918,-23.6798514],[-46.6706997,-23.6797141],[-46.6707097,-23.6795552],[-46.6707185,-23.6793825],[-46.6706944,-23.6788274],[-46.6706631,-23.6782459],[-46.6706395,-23.6774965],[-46.6705671,-23.6771472],[-46.6705669,-23.677146],[-46.6705093,-23.6769064],[-46.6704522,-23.6767151],[-46.6703561,-23.6762928],[-46.6702747,-23.6759452],[-46.6700885,-23.6751503],[-46.6698911,-23.6744114],[-46.669983,-23.6742339],[-46.6701044,-23.6740671],[-46.6702256,-23.6739464],[-46.6706577,-23.6736763],[-46.6711336,-23.6734125],[-46.67116,-23.6733606],[-46.6711724,-23.6733155],[-46.6711763,-23.6732659],[-46.6711668,-23.6732026],[-46.6707645,-23.6725278],[-46.6706005,-23.6723478],[-46.6705167,-23.672287],[-46.6704268,-23.6722404],[-46.6703215,-23.6721986],[-46.6702344,-23.6721667],[-46.6699429,-23.6721112],[-46.6699019,-23.6721019],[-46.669566,-23.6720534],[-46.6691493,-23.6719834],[-46.6689028,-23.6719317],[-46.6687269,-23.6718522],[-46.6686061,-23.6717745],[-46.6685259,-23.671723],[-46.6682769,-23.6715],[-46.6682091,-23.6714203],[-46.6684022,-23.6712977],[-46.6684199,-23.6712859],[-46.6688808,-23.6709951],[-46.6691202,-23.6708352],[-46.6692743,-23.6707065],[-46.6694453,-23.6705525],[-46.6694884,-23.6705149],[-46.6696794,-23.6703469],[-46.6698492,-23.670178],[-46.6700056,-23.6699926],[-46.6702109,-23.6697181],[-46.670284,-23.6696395],[-46.6703363,-23.6696008],[-46.6703926,-23.6695676],[-46.6704584,-23.669549],[-46.6707871,-23.6694686],[-46.6713052,-23.6693411],[-46.6714541,-23.6693046],[-46.6716575,-23.6692529],[-46.6718341,-23.6692117],[-46.6719416,-23.6691822],[-46.6720295,-23.669147],[-46.6721486,-23.6690877],[-46.6724354,-23.6689288],[-46.672633,-23.6688279],[-46.672681,-23.6688052],[-46.6727571,-23.6687682],[-46.6728152,-23.6687392],[-46.6731277,-23.6685619],[-46.6732857,-23.6684618],[-46.6733777,-23.6683749],[-46.6734443,-23.6682861],[-46.6735242,-23.6679107],[-46.673571,-23.6677655],[-46.6736442,-23.6676557],[-46.6739132,-23.6674666],[-46.6740501,-23.6673759],[-46.6740945,-23.6673529],[-46.6741974,-23.6672995],[-46.6742614,-23.6672663],[-46.6744288,-23.6672054],[-46.6746232,-23.6671694],[-46.6748286,-23.6671314],[-46.6751124,-23.6670087],[-46.6755893,-23.6667291],[-46.6761974,-23.6663725],[-46.6763506,-23.6662818],[-46.6765086,-23.6661797],[-46.6767908,-23.6660255],[-46.6770814,-23.6658668],[-46.6773056,-23.6657432],[-46.6780046,-23.665358],[-46.6781231,-23.665297],[-46.6781669,-23.6652708]]],[[[-46.6798499,-23.6542066],[-46.6798356,-23.6543776],[-46.6797064,-23.6565563],[-46.6796585,-23.6568975],[-46.6796156,-23.6575075],[-46.6794348,-23.6600786],[-46.6794353,-23.6609143],[-46.6793514,-23.6614742],[-46.6786208,-23.6638321],[-46.6781669,-23.6652708]]],[[[-46.6725869,-23.6441093],[-46.6726527,-23.6442295],[-46.6728167,-23.6444976],[-46.6739579,-23.6458742],[-46.6743053,-23.6462897],[-46.6746817,-23.6467863],[-46.6749439,-23.6471739],[-46.6752209,-23.6475317],[-46.6752505,-23.6475699],[-46.6775237,-23.6502203],[-46.6781444,-23.6509823],[-46.679098,-23.652142],[-46.679349,-23.6524401],[-46.6795805,-23.6527251],[-46.6798011,-23.6530032],[-46.6798783,-23.6532407],[-46.6799174,-23.6534598],[-46.679861,-23.6540738],[-46.6798499,-23.6542066]]],[[[-46.6720304,-23.6448788],[-46.6724091,-23.6443301],[-46.6725869,-23.6441093]]],[[[-46.6310834,-23.6732174],[-46.6310977,-23.673242],[-46.6311593,-23.6733194],[-46.6315126,-23.673718],[-46.6315837,-23.6737585],[-46.6316682,-23.6737745],[-46.6319778,-23.6736698],[-46.6320531,-23.6736443],[-46.6321342,-23.673632],[-46.6321967,-23.6736467],[-46.632261,-23.6736369],[-46.6324159,-23.6736764],[-46.6326131,-23.6737686],[-46.6326533,-23.6738245],[-46.6326654,-23.6738896],[-46.6325697,-23.6741582],[-46.6325687,-23.6742507],[-46.6325806,-23.6743163],[-46.6326062,-23.6743716],[-46.6326771,-23.6744653],[-46.6328169,-23.6745863],[-46.6329671,-23.6746761],[-46.6329945,-23.6746925],[-46.6332519,-23.674902],[-46.6333718,-23.675003],[-46.6336383,-23.6751526],[-46.634032,-23.6749447],[-46.6346186,-23.6745446],[-46.6350263,-23.6741293],[-46.6353546,-23.673525],[-46.6356939,-23.6733873],[-46.635979,-23.6732263],[-46.6364979,-23.6729044],[-46.6374557,-23.6725309],[-46.6377344,-23.6723826],[-46.6386244,-23.6721095],[-46.6388393,-23.6720531],[-46.6391221,-23.6719745],[-46.639515,-23.6718713],[-46.6399261,-23.6717626],[-46.6400265,-23.6717347],[-46.6404109,-23.6716281],[-46.6405443,-23.6715961],[-46.6406998,-23.6715527],[-46.6409564,-23.671481],[-46.6412198,-23.6714279],[-46.641456,-23.6713778],[-46.6415461,-23.6714082],[-46.6418767,-23.6715428],[-46.6422039,-23.6716852],[-46.6423155,-23.6717187],[-46.6424239,-23.6717429],[-46.6425674,-23.6717331],[-46.6427426,-23.6716672],[-46.6428617,-23.6714795],[-46.6433594,-23.6709413],[-46.6434026,-23.6708946],[-46.6434506,-23.6709344],[-46.6439695,-23.671364],[-46.6441821,-23.6715369],[-46.644233,-23.6715783],[-46.6443834,-23.6713029],[-46.6447359,-23.6706719],[-46.6449223,-23.6703881],[-46.6455647,-23.6694018],[-46.6456607,-23.669252],[-46.6457289,-23.66921],[-46.6462505,-23.6688891],[-46.6464398,-23.6687706],[-46.6466524,-23.6686427],[-46.6470453,-23.6684045],[-46.6471896,-23.6683089],[-46.6472412,-23.6682748],[-46.6473015,-23.6682358],[-46.6475207,-23.6680937],[-46.6475725,-23.6680611],[-46.6479304,-23.6678358],[-46.6480907,-23.6677479],[-46.6482604,-23.6676491],[-46.6485822,-23.6674869],[-46.6486989,-23.6674476],[-46.6488156,-23.6674304],[-46.6489383,-23.6674323],[-46.6490268,-23.667447],[-46.6491073,-23.6674881],[-46.6491669,-23.6675256],[-46.6492548,-23.6675956],[-46.6493788,-23.667735],[-46.6494548,-23.6678284],[-46.6497738,-23.6676669],[-46.6501576,-23.6675063],[-46.6502643,-23.6674815],[-46.6503521,-23.6674734],[-46.6508744,-23.6675729],[-46.6510508,-23.6675721],[-46.6511236,-23.6675655],[-46.6511917,-23.6675444],[-46.6514985,-23.6672919],[-46.6514677,-23.6668615],[-46.6520244,-23.6662248],[-46.6525828,-23.6661124],[-46.6531719,-23.6657977],[-46.6536199,-23.6653649],[-46.6540537,-23.6649986],[-46.6548749,-23.6642771],[-46.6555683,-23.6643108],[-46.6560285,-23.6639792],[-46.656508,-23.6636864],[-46.6566544,-23.663597],[-46.6576976,-23.6630069],[-46.658072,-23.6629113],[-46.6593788,-23.6633422]]],[[[-46.6593788,-23.6633422],[-46.6594604,-23.6639986],[-46.6597008,-23.6644267]]],[[[-46.6597008,-23.6644267],[-46.6597546,-23.6644555],[-46.6601074,-23.6642692],[-46.6603549,-23.6641191],[-46.6611465,-23.6633585],[-46.6617626,-23.6625589],[-46.6618177,-23.6624886],[-46.662003,-23.6622484],[-46.6627257,-23.6613021],[-46.6629479,-23.6609593],[-46.6630373,-23.660782],[-46.6630821,-23.6606953],[-46.6631518,-23.6604881],[-46.6631921,-23.6600499],[-46.6631889,-23.659956],[-46.6631884,-23.6599107],[-46.6631765,-23.6594714],[-46.6632642,-23.6590601],[-46.6635118,-23.6585871],[-46.6639456,-23.6581274],[-46.6641116,-23.6579501]]],[[[-46.6641116,-23.6579501],[-46.6646046,-23.657434],[-46.6648537,-23.6571769],[-46.6652984,-23.6567136],[-46.6654206,-23.6565863],[-46.6662053,-23.6557687],[-46.6663637,-23.6555897],[-46.6665611,-23.6553667],[-46.6666623,-23.6552386],[-46.666769,-23.655098],[-46.6672541,-23.654471],[-46.6673038,-23.6544364]]],[[[-46.6673038,-23.6544364],[-46.6681699,-23.6538363],[-46.6686132,-23.6533838],[-46.6689428,-23.6528285],[-46.6689828,-23.6527578],[-46.6694678,-23.6514382],[-46.6695605,-23.6511271],[-46.6700587,-23.6493623],[-46.6700987,-23.6492288],[-46.670137,-23.6491181],[-46.670161,-23.6489368],[-46.6701922,-23.6487933],[-46.6702335,-23.6486571],[-46.6702829,-23.6485291],[-46.6705512,-23.647839],[-46.6707637,-23.6471796],[-46.6708442,-23.6470197],[-46.6708849,-23.6469451],[-46.6720304,-23.6448788]]]]},"properties":{"name":"Cidade Ademar","admin_level":"9"}},{"type":"Feature","geometry":{"type":"MultiPolygon","coordinates":[[[[-46.6249032,-23.6468017],[-46.6256715,-23.6457947],[-46.6258775,-23.6455076],[-46.6260252,-23.6451283],[-46.626292,-23.6443269],[-46.6267411,-23.6432048],[-46.6267779,-23.642683],[-46.626795,-23.6423494],[-46.627318,-23.6411184],[-46.6274102,-23.6408581],[-46.6274473,-23.6391013],[-46.6273401,-23.6383693],[-46.6274112,-23.6383884]]],[[[-46.6283367,-23.6388317],[-46.6274112,-23.6383884]]],[[[-46.6285245,-23.6387964],[-46.6283367,-23.6388317]]],[[[-46.6285245,-23.6387964],[-46.6287949,-23.6387202],[-46.6290808,-23.6386705],[-46.6291986,-23.63865],[-46.6293161,-23.6385891],[-46.6294336,-23.638547],[-46.6298577,-23.6385815],[-46.6302129,-23.638783]]],[[[-46.6298584,-23.6291924],[-46.629889,-23.6294341],[-46.6301653,-23.6335393],[-46.6303361,-23.6366834],[-46.6304554,-23.6389463],[-46.6302129,-23.638783]]],[[[-46.6474357,-23.6303529],[-46.6472587,-23.6305842],[-46.6469493,-23.6309835],[-46.646832,-23.6311319],[-46.6467032,-23.6315382],[-46.6465232,-23.6318576],[-46.6464087,-23.6317418],[-46.6455599,-23.6309302],[-46.6453425,-23.6306962],[-46.6450836,-23.6307623],[-46.6448597,-23.6307895],[-46.6446489,-23.6307932],[-46.6443959,-23.6307623],[-46.644086,-23.6306584],[-46.6437708,-23.630479],[-46.6428431,-23.6297736],[-46.6424842,-23.6295597],[-46.6419653,-23.6293402],[-46.6416651,-23.6292553],[-46.6413749,-23.6292022],[-46.6411053,-23.6291874],[-46.6403716,-23.6292099],[-46.6386801,-23.629367],[-46.6361454,-23.6296183],[-46.6348563,-23.6297208],[-46.6339608,-23.6296987],[-46.6330049,-23.6296275],[-46.6324056,-23.6295423],[-46.6311328,-23.6293685],[-46.630443,-23.6292699],[-46.6298584,-23.6291924]]],[[[-46.6474357,-23.6303529],[-46.6485635,-23.6309954],[-46.6486394,-23.6308817],[-46.6487833,-23.6309522],[-46.6490033,-23.6310764],[-46.6490116,-23.6310642],[-46.649027,-23.6310746],[-46.6492498,-23.6312048],[-46.6492608,-23.6312635],[-46.6492843,-23.6313004],[-46.6493121,-23.6313437],[-46.649461,-23.6314299],[-46.6494141,-23.6314991],[-46.6497233,-23.6316916],[-46.6499859,-23.6318722],[-46.6500905,-23.6329299],[-46.6501487,-23.6333751],[-46.6498364,-23.6338687],[-46.6494848,-23.6342914],[-46.6493823,-23.6344253],[-46.6495143,-23.6345077],[-46.6496882,-23.6346489],[-46.64912,-23.6355127],[-46.6501647,-23.6357179],[-46.6503605,-23.6358076],[-46.6503135,-23.6358954],[-46.6502444,-23.6367324],[-46.6505974,-23.637525],[-46.6511977,-23.6388476],[-46.6512959,-23.639005],[-46.6514071,-23.6391475],[-46.6516518,-23.639406],[-46.6517573,-23.639532],[-46.6518502,-23.6395611],[-46.6522528,-23.6395262]]],[[[-46.6522528,-23.6395262],[-46.6524827,-23.6395263],[-46.6527158,-23.6395814],[-46.6531375,-23.639776],[-46.6533233,-23.6399273]]],[[[-46.6533233,-23.6399273],[-46.6539574,-23.6403716]]],[[[-46.6539574,-23.6403716],[-46.6542724,-23.6405604],[-46.6544859,-23.6406804],[-46.6546454,-23.640707],[-46.6551206,-23.6407104],[-46.6560338,-23.640733],[-46.656314,-23.6407761],[-46.656571,-23.6408756],[-46.6568061,-23.6409974],[-46.657148,-23.6412904],[-46.6583595,-23.6423965],[-46.6585465,-23.6425231],[-46.6589246,-23.642579],[-46.6589734,-23.6425083],[-46.6590715,-23.6423797],[-46.6591365,-23.6422639],[-46.6593277,-23.6419437],[-46.6595594,-23.6416415],[-46.6597893,-23.6412776],[-46.6599844,-23.6409469],[-46.6601471,-23.6407754]]],[[[-46.6601471,-23.6407754],[-46.660166,-23.6398299],[-46.660361,-23.6394758],[-46.6606907,-23.6391619],[-46.6610936,-23.6387993],[-46.6613465,-23.6385639],[-46.6616959,-23.6382731]]],[[[-46.6616959,-23.6382731],[-46.6622242,-23.6381641],[-46.6623997,-23.6380733],[-46.6627073,-23.6383868],[-46.662746,-23.6384335],[-46.6629701,-23.6386495],[-46.6631195,-23.6387884],[-46.6634572,-23.6391557],[-46.6637033,-23.6394243],[-46.6644082,-23.6402525],[-46.6650064,-23.6407272],[-46.6651418,-23.6408346],[-46.6654301,-23.6410611],[-46.6654721,-23.6410941],[-46.6663547,-23.6418164],[-46.6662998,-23.6419427],[-46.666266,-23.6420204],[-46.6663794,-23.6420514],[-46.6671592,-23.6422649],[-46.6678032,-23.6424331],[-46.6676309,-23.6430109],[-46.6694212,-23.6434215],[-46.6698631,-23.6435228],[-46.6702097,-23.6436418],[-46.670458,-23.6437871],[-46.6706881,-23.644004],[-46.6708478,-23.6441912],[-46.6709493,-23.6443934],[-46.6709894,-23.6445694],[-46.6710086,-23.644654],[-46.6710827,-23.6446698],[-46.6717702,-23.6448156],[-46.6718576,-23.6448346],[-46.6719581,-23.6448565],[-46.6720304,-23.6448788]]],[[[-46.6673038,-23.6544364],[-46.6681699,-23.6538363],[-46.6686132,-23.6533838],[-46.6689428,-23.6528285],[-46.6689828,-23.6527578],[-46.6694678,-23.6514382],[-46.6695605,-23.6511271],[-46.6700587,-23.6493623],[-46.6700987,-23.6492288],[-46.670137,-23.6491181],[-46.670161,-23.6489368],[-46.6701922,-23.6487933],[-46.6702335,-23.6486571],[-46.6702829,-23.6485291],[-46.6705512,-23.647839],[-46.6707637,-23.6471796],[-46.6708442,-23.6470197],[-46.6708849,-23.6469451],[-46.6720304,-23.6448788]]],[[[-46.6641116,-23.6579501],[-46.6646046,-23.657434],[-46.6648537,-23.6571769],[-46.6652984,-23.6567136],[-46.6654206,-23.6565863],[-46.6662053,-23.6557687],[-46.6663637,-23.6555897],[-46.6665611,-23.6553667],[-46.6666623,-23.6552386],[-46.666769,-23.655098],[-46.6672541,-23.654471],[-46.6673038,-23.6544364]]],[[[-46.6597008,-23.6644267],[-46.6597546,-23.6644555],[-46.6601074,-23.6642692],[-46.6603549,-23.6641191],[-46.6611465,-23.6633585],[-46.6617626,-23.6625589],[-46.6618177,-23.6624886],[-46.662003,-23.6622484],[-46.6627257,-23.6613021],[-46.6629479,-23.6609593],[-46.6630373,-23.660782],[-46.6630821,-23.6606953],[-46.6631518,-23.6604881],[-46.6631921,-23.6600499],[-46.6631889,-23.659956],[-46.6631884,-23.6599107],[-46.6631765,-23.6594714],[-46.6632642,-23.6590601],[-46.6635118,-23.6585871],[-46.6639456,-23.6581274],[-46.6641116,-23.6579501]]],[[[-46.6593788,-23.6633422],[-46.6594604,-23.6639986],[-46.6597008,-23.6644267]]],[[[-46.6310834,-23.6732174],[-46.6310977,-23.673242],[-46.6311593,-23.6733194],[-46.6315126,-23.673718],[-46.6315837,-23.6737585],[-46.6316682,-23.6737745],[-46.6319778,-23.6736698],[-46.6320531,-23.6736443],[-46.6321342,-23.673632],[-46.6321967,-23.6736467],[-46.632261,-23.6736369],[-46.6324159,-23.6736764],[-46.6326131,-23.6737686],[-46.6326533,-23.6738245],[-46.6326654,-23.6738896],[-46.6325697,-23.6741582],[-46.6325687,-23.6742507],[-46.6325806,-23.6743163],[-46.6326062,-23.6743716],[-46.6326771,-23.6744653],[-46.6328169,-23.6745863],[-46.6329671,-23.6746761],[-46.6329945,-23.6746925],[-46.6332519,-23.674902],[-46.6333718,-23.675003],[-46.6336383,-23.6751526],[-46.634032,-23.6749447],[-46.6346186,-23.6745446],[-46.6350263,-23.6741293],[-46.6353546,-23.673525],[-46.6356939,-23.6733873],[-46.635979,-23.6732263],[-46.6364979,-23.6729044],[-46.6374557,-23.6725309],[-46.6377344,-23.6723826],[-46.6386244,-23.6721095],[-46.6388393,-23.6720531],[-46.6391221,-23.6719745],[-46.639515,-23.6718713],[-46.6399261,-23.6717626],[-46.6400265,-23.6717347],[-46.6404109,-23.6716281],[-46.6405443,-23.6715961],[-46.6406998,-23.6715527],[-46.6409564,-23.671481],[-46.6412198,-23.6714279],[-46.641456,-23.6713778],[-46.6415461,-23.6714082],[-46.6418767,-23.6715428],[-46.6422039,-23.6716852],[-46.6423155,-23.6717187],[-46.6424239,-23.6717429],[-46.6425674,-23.6717331],[-46.6427426,-23.6716672],[-46.6428617,-23.6714795],[-46.6433594,-23.6709413],[-46.6434026,-23.6708946],[-46.6434506,-23.6709344],[-46.6439695,-23.671364],[-46.6441821,-23.6715369],[-46.644233,-23.6715783],[-46.6443834,-23.6713029],[-46.6447359,-23.6706719],[-46.6449223,-23.6703881],[-46.6455647,-23.6694018],[-46.6456607,-23.669252],[-46.6457289,-23.66921],[-46.6462505,-23.6688891],[-46.6464398,-23.6687706],[-46.6466524,-23.6686427],[-46.6470453,-23.6684045],[-46.6471896,-23.6683089],[-46.6472412,-23.6682748],[-46.6473015,-23.6682358],[-46.6475207,-23.6680937],[-46.6475725,-23.6680611],[-46.6479304,-23.6678358],[-46.6480907,-23.6677479],[-46.6482604,-23.6676491],[-46.6485822,-23.6674869],[-46.6486989,-23.6674476],[-46.6488156,-23.6674304],[-46.6489383,-23.6674323],[-46.6490268,-23.667447],[-46.6491073,-23.6674881],[-46.6491669,-23.6675256],[-46.6492548,-23.6675956],[-46.6493788,-23.667735],[-46.6494548,-23.6678284],[-46.6497738,-23.6676669],[-46.6501576,-23.6675063],[-46.6502643,-23.6674815],[-46.6503521,-23.6674734],[-46.6508744,-23.6675729],[-46.6510508,-23.6675721],[-46.6511236,-23.6675655],[-46.6511917,-23.6675444],[-46.6514985,-23.6672919],[-46.6514677,-23.6668615],[-46.6520244,-23.6662248],[-46.6525828,-23.6661124],[-46.6531719,-23.6657977],[-46.6536199,-23.6653649],[-46.6540537,-23.6649986],[-46.6548749,-23.6642771],[-46.6555683,-23.6643108],[-46.6560285,-23.6639792],[-46.656508,-23.6636864],[-46.6566544,-23.663597],[-46.6576976,-23.6630069],[-46.658072,-23.6629113],[-46.6593788,-23.6633422]]],[[[-46.6310834,-23.6732174],[-46.6307905,-23.6727349],[-46.6307089,-23.6726004]]],[[[-46.6307089,-23.6726004],[-46.630636,-23.6725004],[-46.6304073,-23.6721864],[-46.6303273,-23.6720717]]],[[[-46.6249032,-23.6468017],[-46.6247029,-23.6472169],[-46.6247103,-23.6483511],[-46.625136,-23.6484897],[-46.6255465,-23.6492329],[-46.6256497,-23.6500068],[-46.6263728,-23.6498157],[-46.6263707,-23.6496221],[-46.6275153,-23.6495688],[-46.6276766,-23.6494851],[-46.628323,-23.6492908],[-46.6288701,-23.6499882],[-46.6288947,-23.6501148],[-46.6289617,-23.6501926],[-46.6291217,-23.6502423],[-46.6291276,-23.6495896],[-46.6294864,-23.6494006],[-46.6297862,-23.6494413],[-46.6298128,-23.6493727],[-46.6300466,-23.6493888],[-46.6300462,-23.6491708],[-46.6305023,-23.6491844],[-46.6305149,-23.6499028],[-46.6305238,-23.6504076],[-46.6305294,-23.6507283],[-46.6305331,-23.6509405],[-46.6305857,-23.6510414],[-46.6306473,-23.6511598],[-46.6307418,-23.6512591],[-46.6308799,-23.6514043],[-46.6308823,-23.6514239],[-46.6308881,-23.6514706],[-46.6308903,-23.6514882],[-46.6309119,-23.6516616],[-46.6308828,-23.6518195],[-46.630763,-23.6524696],[-46.6308001,-23.6526471],[-46.6308508,-23.6528896],[-46.6309249,-23.6532438],[-46.6310728,-23.6534838],[-46.6313853,-23.6535777],[-46.6320887,-23.6533742],[-46.6323323,-23.6533037],[-46.6325524,-23.65324],[-46.6327741,-23.6540609],[-46.6325337,-23.6541198],[-46.6327341,-23.6551237],[-46.6329522,-23.655555],[-46.6328527,-23.6590673],[-46.6325814,-23.6592242],[-46.632361,-23.6592365],[-46.6320511,-23.6595309],[-46.6320077,-23.6597113],[-46.6317808,-23.6599519],[-46.6316483,-23.6604761],[-46.6317255,-23.66082],[-46.6316765,-23.6609673],[-46.6311677,-23.6613046],[-46.6310764,-23.6615661],[-46.6309814,-23.661755],[-46.6306816,-23.6619012],[-46.6305981,-23.6621923],[-46.6303,-23.6625696],[-46.6304369,-23.6628855],[-46.6299903,-23.664122],[-46.6299013,-23.6656512],[-46.6313383,-23.6660846],[-46.6319005,-23.6665093],[-46.6323351,-23.6671249],[-46.6322459,-23.6683714],[-46.6317327,-23.6702444],[-46.6307937,-23.6719103],[-46.6303273,-23.6720717]]]]},"properties":{"name":"Jabaquara","admin_level":"9"}},{"type":"Feature","geometry":{"type":"MultiPolygon","coordinates":[[[[-46.6845273,-23.6978109],[-46.683973,-23.6976918]]],[[[-46.6858649,-23.6999024],[-46.6857134,-23.6995955],[-46.6855685,-23.6993073],[-46.6849851,-23.6984479],[-46.6849687,-23.6983144],[-46.6849884,-23.698003],[-46.6849551,-23.6979423],[-46.6848459,-23.6978975],[-46.6845273,-23.6978109]]],[[[-46.6745523,-23.702975],[-46.6755457,-23.702806],[-46.6779805,-23.7024564],[-46.6790641,-23.7022992],[-46.6797441,-23.7021439],[-46.6821326,-23.7013905],[-46.6826673,-23.7012144],[-46.6829206,-23.701131],[-46.6844134,-23.7005357],[-46.6858649,-23.6999024]]],[[[-46.6741844,-23.7030617],[-46.6745523,-23.702975]]],[[[-46.6637016,-23.7192719],[-46.6660454,-23.7178034],[-46.6677884,-23.7161385],[-46.6686378,-23.7147315],[-46.6693156,-23.7131672],[-46.6697715,-23.7114409],[-46.669884,-23.7095574],[-46.6700339,-23.7086218],[-46.6707747,-23.706278],[-46.670984,-23.7058081],[-46.6716233,-23.7046464],[-46.6724759,-23.7037683],[-46.6738372,-23.7031783],[-46.6741844,-23.7030617]]],[[[-46.6520805,-23.7308183],[-46.6548253,-23.7272051],[-46.6557495,-23.7255968],[-46.6570454,-23.7219442],[-46.658158,-23.7210063],[-46.6589211,-23.7205785],[-46.6615997,-23.7201137],[-46.6637016,-23.7192719]]],[[[-46.6520805,-23.7308183],[-46.6446456,-23.72858],[-46.6406941,-23.7274864],[-46.6371287,-23.7256464],[-46.6370781,-23.7253992],[-46.6359974,-23.7241697],[-46.6348776,-23.723388],[-46.6340154,-23.7225277],[-46.632488,-23.7214317],[-46.6316277,-23.7203828],[-46.6308104,-23.719491],[-46.6289603,-23.7179236],[-46.6269815,-23.7163561],[-46.6260974,-23.7164921]]],[[[-46.6260974,-23.7164921],[-46.6259183,-23.716482],[-46.6256066,-23.7164668],[-46.6253406,-23.7164304],[-46.6247967,-23.7163395],[-46.6241589,-23.7162442],[-46.6236447,-23.7161488],[-46.6236114,-23.7161435],[-46.6231176,-23.7160654],[-46.6228949,-23.7159638],[-46.6227578,-23.7158954],[-46.622643,-23.7158405],[-46.6224277,-23.7157377],[-46.6222134,-23.7155675],[-46.6219427,-23.7154073],[-46.6217178,-23.7153539],[-46.6215803,-23.7152853],[-46.6214679,-23.7151671],[-46.6212763,-23.7150718],[-46.6211846,-23.7150374],[-46.6211472,-23.7149688],[-46.6210264,-23.7147285],[-46.6210027,-23.7146933],[-46.6209507,-23.7146159],[-46.6209264,-23.7145798],[-46.6206931,-23.7143586],[-46.6205182,-23.7142252],[-46.6203349,-23.7140955],[-46.62021,-23.7139925],[-46.6202183,-23.7139391],[-46.6201808,-23.7138858],[-46.6200767,-23.7138667],[-46.6199809,-23.7138247],[-46.6198893,-23.7138057],[-46.619806,-23.7138285],[-46.6197185,-23.7138133],[-46.6195935,-23.7137294],[-46.6193644,-23.7135692],[-46.6191187,-23.7134396],[-46.6189063,-23.7132756],[-46.618798,-23.7131154],[-46.6187105,-23.7130125],[-46.6184974,-23.7128659],[-46.6184194,-23.7128122],[-46.6181546,-23.7126299],[-46.6179613,-23.7124529],[-46.6178247,-23.7123584],[-46.6177314,-23.7122973],[-46.6176614,-23.712218],[-46.6176614,-23.7121082],[-46.6176947,-23.7118916]]],[[[-46.6176947,-23.7118916],[-46.6176584,-23.7118437]]],[[[-46.6176584,-23.7118437],[-46.6176281,-23.7118037],[-46.6175653,-23.7117207],[-46.6174357,-23.7115495],[-46.6173115,-23.7113758],[-46.6172828,-23.7112945],[-46.6172555,-23.7112221],[-46.6171668,-23.7111721],[-46.6171136,-23.7111533],[-46.6170096,-23.7110792],[-46.6169398,-23.7109987],[-46.6168936,-23.7109167],[-46.6168362,-23.7108757],[-46.6167731,-23.7108465],[-46.6167378,-23.7107689],[-46.6167337,-23.7105894],[-46.6167672,-23.7104475],[-46.6167706,-23.7103098],[-46.6167596,-23.7102431],[-46.6168049,-23.7101754],[-46.6168191,-23.7101289],[-46.6167997,-23.7100626],[-46.6167113,-23.7100012],[-46.6166192,-23.709958],[-46.616556,-23.7098988],[-46.6165613,-23.7098458],[-46.6166262,-23.7097335],[-46.6166715,-23.7096709],[-46.6166894,-23.7096052],[-46.6166979,-23.7094989],[-46.6166938,-23.7094199],[-46.6167293,-23.7093616],[-46.6168293,-23.7092885],[-46.6168984,-23.7091779],[-46.6169009,-23.7090797],[-46.6169143,-23.7090024],[-46.6169686,-23.7089457],[-46.6170119,-23.7088694],[-46.6170082,-23.7087683],[-46.6170461,-23.7086598],[-46.6170775,-23.7085893],[-46.6170793,-23.708542],[-46.6170734,-23.708498],[-46.6170836,-23.7084479],[-46.6171192,-23.7084129],[-46.6171927,-23.7083787],[-46.6173032,-23.7083507],[-46.6174385,-23.7083193],[-46.6175598,-23.7082669],[-46.6176469,-23.7082208],[-46.6177649,-23.7081046],[-46.617827,-23.7080748],[-46.6178935,-23.7080645],[-46.6179674,-23.708062],[-46.6180397,-23.7080634],[-46.6181246,-23.7080554],[-46.618201,-23.7080685],[-46.6182677,-23.7080592],[-46.6183413,-23.7080309],[-46.6184537,-23.7079886],[-46.6185264,-23.7079757],[-46.6186207,-23.7079215],[-46.6185616,-23.7078661],[-46.6184449,-23.707763],[-46.6182825,-23.7076432],[-46.6184041,-23.7075606],[-46.6187162,-23.707392],[-46.6188395,-23.7073608],[-46.6192486,-23.7073515],[-46.6201198,-23.7072228],[-46.6204503,-23.7071701],[-46.621132,-23.7070832],[-46.6215066,-23.7071331],[-46.6217282,-23.7069986],[-46.6220895,-23.706667],[-46.6222844,-23.706496],[-46.6222823,-23.7063212],[-46.6223096,-23.7062095],[-46.6223566,-23.7061025],[-46.6224222,-23.705992],[-46.6224823,-23.7059155],[-46.6225949,-23.7058243],[-46.6227409,-23.7057881],[-46.6228345,-23.705794],[-46.6229094,-23.7058068],[-46.6231699,-23.7058575],[-46.6235293,-23.7059189],[-46.6237209,-23.705948],[-46.6239653,-23.7059452],[-46.6241457,-23.7059273],[-46.6244873,-23.7057166],[-46.624614,-23.7056043],[-46.6248541,-23.7053648],[-46.6249479,-23.7052592],[-46.6249841,-23.7051782],[-46.6249855,-23.7050959],[-46.6249533,-23.7050222],[-46.6248902,-23.7049572],[-46.6247964,-23.704908],[-46.6246757,-23.7048589],[-46.6245103,-23.704801]]],[[[-46.6245103,-23.704801],[-46.6243943,-23.7047572],[-46.6243143,-23.7047148],[-46.6242793,-23.7046803],[-46.624233,-23.7046221],[-46.6242213,-23.7045823],[-46.6242136,-23.70453],[-46.6241953,-23.7042801],[-46.6239154,-23.7036808],[-46.6239298,-23.70317],[-46.624138,-23.703168],[-46.6241535,-23.7031415],[-46.6241638,-23.7031103],[-46.6241749,-23.7030618],[-46.6241781,-23.7030096],[-46.6241674,-23.7028819],[-46.6241594,-23.7027173],[-46.6241513,-23.7026019],[-46.6241522,-23.7025524],[-46.6241634,-23.7025172],[-46.6241771,-23.7024931],[-46.6241885,-23.7024763],[-46.6242064,-23.7024595],[-46.62424,-23.7024349],[-46.6242787,-23.7024103],[-46.6244316,-23.702325],[-46.6245423,-23.702266],[-46.624953,-23.7021168],[-46.6250459,-23.702099],[-46.6251254,-23.7020836],[-46.6252443,-23.7020665],[-46.6254294,-23.7020419],[-46.6255929,-23.7020224],[-46.6256648,-23.702026],[-46.6257499,-23.7020407],[-46.6258505,-23.7020708],[-46.6259397,-23.7021082],[-46.6261315,-23.7022083],[-46.6261633,-23.7022271],[-46.6262937,-23.7023072],[-46.6263597,-23.7023085],[-46.6264131,-23.7023096],[-46.6265166,-23.7022881],[-46.6266191,-23.7022367],[-46.6266794,-23.7021812],[-46.6267325,-23.702084],[-46.6267856,-23.701922],[-46.6268048,-23.7018463],[-46.6268167,-23.7017474],[-46.6268268,-23.7017067],[-46.6268429,-23.7016404],[-46.626859,-23.7015741],[-46.6268792,-23.7015003],[-46.626909,-23.701419],[-46.6269519,-23.7013367],[-46.6269821,-23.7012959],[-46.6270231,-23.7012525],[-46.6270598,-23.7012197],[-46.6271034,-23.7011881],[-46.6271929,-23.7011492],[-46.6273592,-23.7010939],[-46.6277495,-23.7009785],[-46.6279802,-23.7008704],[-46.6280942,-23.7007931],[-46.6281446,-23.7007439],[-46.6281909,-23.700686],[-46.6286777,-23.7007652],[-46.6286279,-23.7002723],[-46.6288999,-23.7000313],[-46.6290747,-23.6997551],[-46.6291239,-23.6995992],[-46.6290739,-23.6990255],[-46.6290538,-23.6986393],[-46.629032,-23.6979723],[-46.629302,-23.6977159],[-46.6293414,-23.6976616]]],[[[-46.6293414,-23.6976616],[-46.629394,-23.6976426],[-46.6296116,-23.6975665],[-46.6296846,-23.6975512],[-46.6302587,-23.697421],[-46.6303258,-23.6974093],[-46.6303915,-23.6974007],[-46.6305095,-23.6972797],[-46.6306711,-23.6970998],[-46.6307797,-23.6969819],[-46.6308206,-23.6969433],[-46.630869,-23.6969062],[-46.6309474,-23.6968814],[-46.6318117,-23.6967406],[-46.6319344,-23.6967222],[-46.6320115,-23.6967063],[-46.6320766,-23.6966799],[-46.6321617,-23.6966154],[-46.6322234,-23.6965564],[-46.6323656,-23.6963452],[-46.6323857,-23.6962887],[-46.6323837,-23.696258],[-46.6323696,-23.696212],[-46.6322703,-23.6959949],[-46.6321328,-23.6957164],[-46.6317927,-23.6950755],[-46.6316991,-23.6948912],[-46.6316494,-23.6948261],[-46.6315945,-23.6947807],[-46.6314657,-23.6947033],[-46.6311251,-23.69454],[-46.6312353,-23.6943449],[-46.6315675,-23.6936287],[-46.6316593,-23.6933873],[-46.631967,-23.693326],[-46.6322119,-23.693177],[-46.6324404,-23.6930329],[-46.6324013,-23.6929792],[-46.6320754,-23.6925312],[-46.6323299,-23.6923871],[-46.6321984,-23.6922037],[-46.6324441,-23.6920696],[-46.6326687,-23.6923675],[-46.6327009,-23.6922411],[-46.6327572,-23.6920802],[-46.6328336,-23.6919291],[-46.6329789,-23.6917406],[-46.6330866,-23.6916304],[-46.633411,-23.6916688],[-46.6335471,-23.6913145],[-46.6337127,-23.6913722],[-46.6338247,-23.691409],[-46.6338837,-23.6914225],[-46.6339695,-23.6914299],[-46.6342096,-23.6914195],[-46.6343585,-23.6914158],[-46.6345422,-23.6913974],[-46.6347326,-23.6913765],[-46.6350666,-23.6913519],[-46.6351524,-23.6912711],[-46.6353372,-23.6910876],[-46.6354221,-23.6909586],[-46.6355016,-23.6907749]]],[[[-46.6445706,-23.692356],[-46.6443058,-23.6928791],[-46.6441835,-23.6931258],[-46.6441707,-23.6932918],[-46.6440681,-23.693452],[-46.6439845,-23.693524],[-46.6439206,-23.6937099],[-46.6437551,-23.6939408],[-46.6435922,-23.6941272],[-46.6433071,-23.6942338],[-46.6430023,-23.6941712],[-46.6428671,-23.6941224],[-46.6427821,-23.694066],[-46.6426197,-23.6940199],[-46.6423434,-23.6938671],[-46.642043,-23.6937492],[-46.6418392,-23.6936706],[-46.6415495,-23.6936608],[-46.6410452,-23.6936804],[-46.6408414,-23.6936804],[-46.6404739,-23.6933249],[-46.6397002,-23.692984],[-46.6391418,-23.6929307],[-46.638659,-23.6929041],[-46.6377398,-23.6929574],[-46.6368614,-23.6930799],[-46.6357254,-23.692391],[-46.6355016,-23.6907749]]],[[[-46.670393,-23.6886164],[-46.6703449,-23.6885398],[-46.6702007,-23.6881979],[-46.6701377,-23.6880776],[-46.6699004,-23.6881649],[-46.6696931,-23.6882728],[-46.669422,-23.6884356],[-46.6691889,-23.6885547],[-46.6689636,-23.6886431],[-46.6687168,-23.6887315],[-46.6685559,-23.6887217],[-46.6683092,-23.6886922],[-46.6680624,-23.6887119],[-46.6678693,-23.688594],[-46.6676332,-23.6885547],[-46.6673543,-23.6886234],[-46.667129,-23.6886824],[-46.6668608,-23.6886824],[-46.6667106,-23.6887413],[-46.666496,-23.6887708],[-46.6663136,-23.6888396],[-46.6661848,-23.6889084],[-46.6660561,-23.688987],[-46.6658737,-23.689095],[-46.6657771,-23.6891343],[-46.665584,-23.6891343],[-46.6654124,-23.6891245],[-46.6651485,-23.689007],[-46.6650032,-23.6889539],[-46.6648447,-23.6889345],[-46.6646214,-23.6889301],[-46.6643502,-23.6889182],[-46.6642215,-23.688928],[-46.6640927,-23.6889378],[-46.6638996,-23.6890164],[-46.6636528,-23.6890852],[-46.6635563,-23.6890852],[-46.6633846,-23.6890557],[-46.6632988,-23.6889968],[-46.6631271,-23.6889968],[-46.662934,-23.6888985],[-46.6627516,-23.6889084],[-46.6625478,-23.6889477],[-46.6623439,-23.6890656],[-46.6621723,-23.6891933],[-46.6620006,-23.6892915],[-46.6617002,-23.6894389],[-46.6612818,-23.6895764],[-46.6611818,-23.6896357],[-46.6606951,-23.6893295],[-46.6603195,-23.6890548],[-46.6601947,-23.6889614],[-46.6600545,-23.6888774],[-46.6598657,-23.6887733],[-46.6588628,-23.6882207],[-46.6583394,-23.6879322],[-46.6580455,-23.6877516],[-46.6579597,-23.6876989],[-46.657383,-23.6873705],[-46.6567874,-23.6870314],[-46.6567325,-23.6870032],[-46.6566798,-23.686976],[-46.656534,-23.6869009],[-46.6561295,-23.6866925],[-46.6554654,-23.6863775],[-46.6554275,-23.6862172],[-46.6553419,-23.6860454],[-46.6552126,-23.685877],[-46.6550483,-23.685728],[-46.6548811,-23.6856216],[-46.6540636,-23.6853098],[-46.6539025,-23.685209],[-46.653766,-23.6850578],[-46.653403,-23.6845568],[-46.6529238,-23.6847227],[-46.6530174,-23.6849207],[-46.6531667,-23.6853571],[-46.6531739,-23.6857284],[-46.652932,-23.6860932],[-46.6524839,-23.6865784],[-46.6522705,-23.6870751],[-46.6521194,-23.6873357],[-46.6518345,-23.6875382],[-46.6513045,-23.6879182],[-46.6512306,-23.6879663],[-46.6511394,-23.6880224],[-46.6504311,-23.6884656],[-46.6501599,-23.6886388],[-46.6500711,-23.6887255],[-46.6500279,-23.6887705],[-46.6499998,-23.6888356],[-46.6498126,-23.6894449],[-46.6497155,-23.6897972],[-46.6493795,-23.6908312],[-46.6491451,-23.6907791],[-46.6490562,-23.6907593],[-46.6487516,-23.6906937],[-46.6487324,-23.6906896],[-46.648494,-23.6906315],[-46.6483935,-23.6906375],[-46.6482992,-23.6906679],[-46.6477859,-23.6907934],[-46.6475134,-23.6908374],[-46.6471405,-23.6908975],[-46.6468924,-23.6909393],[-46.6462635,-23.6910265],[-46.646242,-23.6911407],[-46.6461434,-23.6915597],[-46.6461146,-23.691643],[-46.6460588,-23.6917362],[-46.6459163,-23.6919611],[-46.6454103,-23.6926062],[-46.6452549,-23.69258],[-46.6450947,-23.6925376],[-46.6449847,-23.6924947],[-46.6448781,-23.6924431],[-46.6447286,-23.6923479],[-46.644636,-23.6922951],[-46.644608,-23.6922822],[-46.6445706,-23.692356]]],[[[-46.6791392,-23.695216],[-46.6790908,-23.6951161],[-46.6784633,-23.6946953],[-46.6781522,-23.6944006],[-46.6775192,-23.6936638],[-46.6774499,-23.6935657],[-46.6773698,-23.693491],[-46.6772203,-23.6933851],[-46.677035,-23.6931907],[-46.6767791,-23.6930627],[-46.6765514,-23.6929294],[-46.6763986,-23.6928842],[-46.6762695,-23.6928841],[-46.6760875,-23.6928888],[-46.6759785,-23.6929126],[-46.675869,-23.6929425],[-46.6756904,-23.6929395],[-46.6754248,-23.6928816],[-46.6753242,-23.6928446],[-46.6752306,-23.6927881],[-46.6751003,-23.6926759],[-46.6750094,-23.6926003],[-46.674885,-23.6925296],[-46.6747233,-23.6924522],[-46.6744615,-23.6922883],[-46.6744186,-23.6921999],[-46.6743542,-23.6921508],[-46.6742791,-23.6921017],[-46.6741396,-23.6920231],[-46.674043,-23.6919543],[-46.6739787,-23.6919543],[-46.6738821,-23.691915],[-46.673807,-23.6918364],[-46.6737963,-23.6917382],[-46.6737963,-23.6916203],[-46.6737963,-23.6914925],[-46.6737105,-23.6913943],[-46.6736032,-23.6913452],[-46.67341,-23.6912273],[-46.6732242,-23.6911175],[-46.6730908,-23.691037],[-46.6729566,-23.6909923],[-46.6727879,-23.6909471],[-46.672646,-23.6908635],[-46.6723479,-23.6908048],[-46.6721333,-23.6906869],[-46.6719938,-23.6905887],[-46.6717849,-23.6903892],[-46.6714494,-23.6900444],[-46.6711515,-23.6897126],[-46.6708029,-23.6892721],[-46.670393,-23.6886164]]],[[[-46.683973,-23.6976918],[-46.6838077,-23.6976949],[-46.6837037,-23.6977002],[-46.6836128,-23.6976253],[-46.6835561,-23.6975558],[-46.6835034,-23.6974534],[-46.683403,-23.6973672],[-46.6833266,-23.6971806],[-46.6832034,-23.6969782],[-46.6830912,-23.6967151],[-46.6830055,-23.6965917],[-46.6829373,-23.6965619],[-46.6829064,-23.6964945],[-46.6829856,-23.6963294],[-46.6830233,-23.6962622],[-46.6831043,-23.696247],[-46.6831675,-23.6962545],[-46.6832646,-23.6962935],[-46.6833407,-23.6962895],[-46.6833846,-23.6962321],[-46.6833896,-23.6961594],[-46.6833448,-23.6960889],[-46.6832765,-23.6960131],[-46.6832872,-23.6959584],[-46.683262,-23.6958744],[-46.6832232,-23.6958069],[-46.6831663,-23.6957732],[-46.6831087,-23.6957939],[-46.6830426,-23.6958552],[-46.682978,-23.6958806],[-46.6829085,-23.6958526],[-46.6828708,-23.6957799],[-46.6828729,-23.6956778],[-46.6829294,-23.6955797],[-46.6829936,-23.6955274],[-46.683049,-23.6955107],[-46.6831012,-23.6955222],[-46.6831853,-23.6955153],[-46.6832268,-23.6954571],[-46.6831696,-23.6953969],[-46.6829593,-23.6953369],[-46.6827244,-23.6952665],[-46.6825773,-23.6952145],[-46.682433,-23.6951964],[-46.6822935,-23.6951795],[-46.6819886,-23.6951822],[-46.6817877,-23.6952004],[-46.681461,-23.6952117],[-46.681118,-23.695242],[-46.6809887,-23.6952327],[-46.6806999,-23.6950912],[-46.6804911,-23.6953437],[-46.6804007,-23.6954296],[-46.6802093,-23.6954539],[-46.6800165,-23.6953997],[-46.6798723,-23.6953478],[-46.6795033,-23.695239],[-46.6793109,-23.6952377],[-46.6791392,-23.695216]]]]},"properties":{"name":"Pedreira","admin_level":"9"}},{"type":"Feature","geometry":{"type":"MultiPolygon","coordinates":[[[[-46.687368,-23.6263235],[-46.6878518,-23.6260807],[-46.6881363,-23.6259385],[-46.6885637,-23.6257653],[-46.6887453,-23.6257272],[-46.6900145,-23.6258055],[-46.6906086,-23.6258421],[-46.6910133,-23.6258621],[-46.6914864,-23.6258082],[-46.6916715,-23.6257557],[-46.6920732,-23.6256512],[-46.6953224,-23.6240823],[-46.6957253,-23.6238827],[-46.6959872,-23.6237306],[-46.6961601,-23.6235733],[-46.6967933,-23.6229055],[-46.6969216,-23.6227515],[-46.6976825,-23.6217882],[-46.6981644,-23.6211947],[-46.6983405,-23.6210489],[-46.6985448,-23.6209023],[-46.6988064,-23.6207427],[-46.6991781,-23.6205903],[-46.6994293,-23.6205153],[-46.6997307,-23.6204216],[-46.7000863,-23.6203229],[-46.7012476,-23.6199242]]],[[[-46.7263582,-23.6445912],[-46.726297,-23.644201],[-46.7261546,-23.6436407],[-46.7261254,-23.6435257],[-46.7259711,-23.643007],[-46.7258121,-23.6425688],[-46.7257356,-23.642358],[-46.7253922,-23.6415824],[-46.7249565,-23.6407952],[-46.7244843,-23.6401078],[-46.7240372,-23.6395781],[-46.7215696,-23.6369264],[-46.7178169,-23.6328309],[-46.7138626,-23.6285152],[-46.7132742,-23.6278821],[-46.7124177,-23.6269795],[-46.712026,-23.6265915],[-46.7116375,-23.6262503],[-46.7112382,-23.6258986],[-46.7106747,-23.6254685],[-46.709835,-23.6249359],[-46.7090804,-23.6245355],[-46.7083519,-23.6242623],[-46.7077968,-23.624058],[-46.7055339,-23.623373],[-46.7050167,-23.6232055],[-46.7045453,-23.6230208],[-46.7040297,-23.6227557],[-46.7035976,-23.6224993],[-46.7034177,-23.6223572],[-46.7028551,-23.6219131],[-46.7024245,-23.6215492],[-46.7020825,-23.6211905],[-46.701793,-23.6208408],[-46.7015874,-23.6205608],[-46.7013946,-23.6202254],[-46.7012476,-23.6199242]]],[[[-46.7198217,-23.6565633],[-46.723323,-23.6524151],[-46.724769,-23.6507164],[-46.7250705,-23.650358],[-46.7253217,-23.6500029],[-46.7255307,-23.6496132],[-46.7257084,-23.6492176],[-46.7259382,-23.6485728],[-46.7260992,-23.648182],[-46.7262464,-23.6476807],[-46.7263554,-23.6471046],[-46.7264262,-23.6465215],[-46.7264367,-23.6456382],[-46.7264386,-23.6452289],[-46.726408,-23.6449591],[-46.7263952,-23.6448216],[-46.7263582,-23.6445912]]],[[[-46.710275,-23.6650963],[-46.7107142,-23.6646391],[-46.7119736,-23.662764],[-46.7125944,-23.6620522],[-46.7133669,-23.6612169],[-46.7138216,-23.6607913],[-46.7155073,-23.6596053],[-46.7187287,-23.6574613],[-46.7194743,-23.6569071],[-46.7198217,-23.6565633]]],[[[-46.7008228,-23.6596226],[-46.7012631,-23.6597849],[-46.7026013,-23.6602064],[-46.7031994,-23.6603414],[-46.7032895,-23.6603561],[-46.7039591,-23.6604656],[-46.7041679,-23.6605038],[-46.7047466,-23.6606966],[-46.704868,-23.6607463],[-46.7054773,-23.6612387],[-46.7059152,-23.6616518],[-46.7066483,-23.6624191],[-46.7075316,-23.6632191],[-46.7082759,-23.663897],[-46.7087432,-23.664261],[-46.710275,-23.6650963]]],[[[-46.6803018,-23.6533733],[-46.6803308,-23.6533388],[-46.6803986,-23.6532584],[-46.6805604,-23.6530676],[-46.6805913,-23.6530312],[-46.6807955,-23.6527902],[-46.6808775,-23.6526935],[-46.6810741,-23.6524686],[-46.6812831,-23.652281],[-46.6814514,-23.6521863],[-46.6816353,-23.6520933],[-46.6817236,-23.6520487],[-46.6818894,-23.6519962],[-46.6822813,-23.6518721],[-46.6826251,-23.6518024],[-46.6832224,-23.6516644],[-46.6851265,-23.6512819],[-46.6856884,-23.6511886],[-46.6860498,-23.6512534],[-46.6862338,-23.6513153],[-46.6864349,-23.651407],[-46.6866045,-23.6515334],[-46.6873916,-23.6521183],[-46.6886136,-23.6530114],[-46.6889461,-23.6532087],[-46.6890463,-23.6532913],[-46.6894145,-23.6535345],[-46.6895056,-23.6535959],[-46.6898154,-23.6537853],[-46.690097,-23.6539418],[-46.6910479,-23.65454],[-46.6920243,-23.6551233],[-46.6925968,-23.6554706],[-46.6927964,-23.655609],[-46.6929456,-23.6557179],[-46.6937994,-23.6561814],[-46.6943434,-23.656446],[-46.6947425,-23.6566609],[-46.6956494,-23.6571241],[-46.696038,-23.6573297],[-46.6971701,-23.6579137],[-46.6983518,-23.6584401],[-46.6989584,-23.658744],[-46.6998555,-23.6591856],[-46.7003332,-23.6594158],[-46.7008228,-23.6596226]]],[[[-46.6798499,-23.6542066],[-46.6799474,-23.6540253],[-46.6799936,-23.6539041],[-46.6801549,-23.6536422],[-46.6803018,-23.6533733]]],[[[-46.6725869,-23.6441093],[-46.6726527,-23.6442295],[-46.6728167,-23.6444976],[-46.6739579,-23.6458742],[-46.6743053,-23.6462897],[-46.6746817,-23.6467863],[-46.6749439,-23.6471739],[-46.6752209,-23.6475317],[-46.6752505,-23.6475699],[-46.6775237,-23.6502203],[-46.6781444,-23.6509823],[-46.679098,-23.652142],[-46.679349,-23.6524401],[-46.6795805,-23.6527251],[-46.6798011,-23.6530032],[-46.6798783,-23.6532407],[-46.6799174,-23.6534598],[-46.679861,-23.6540738],[-46.6798499,-23.6542066]]],[[[-46.6725869,-23.6441093],[-46.6726317,-23.6440538],[-46.6727394,-23.6439302],[-46.6731373,-23.643481],[-46.6740987,-23.6423658],[-46.6744111,-23.6419962],[-46.6752783,-23.641379],[-46.6756728,-23.641108],[-46.6759399,-23.6409157],[-46.6761648,-23.6407104],[-46.67623,-23.6406509],[-46.6764524,-23.6402908],[-46.6767761,-23.6390503],[-46.6767967,-23.6389514],[-46.6771256,-23.6376313],[-46.6772701,-23.6371534],[-46.6775534,-23.6366078],[-46.6778022,-23.6362063],[-46.6782968,-23.6354901],[-46.6789808,-23.634604],[-46.6793447,-23.6341768],[-46.6798177,-23.6337932],[-46.6800676,-23.6335905],[-46.6806717,-23.6330898],[-46.6808127,-23.632973],[-46.681306,-23.6326335],[-46.6821939,-23.6320211],[-46.6834678,-23.6308121],[-46.6841058,-23.6301984],[-46.6845215,-23.6297712],[-46.6848848,-23.6291167],[-46.6850157,-23.6288312],[-46.6854623,-23.6278569],[-46.6856571,-23.6275232],[-46.6858362,-23.6272968],[-46.6861112,-23.6270364],[-46.6864057,-23.6268213],[-46.6866967,-23.6266398],[-46.687368,-23.6263235]]]]},"properties":{"name":"Santo Amaro","admin_level":"9"}},{"type":"Feature","geometry":{"type":"MultiPolygon","coordinates":[[[[-46.6702592,-23.5841189],[-46.6705583,-23.584884],[-46.6707262,-23.5852668],[-46.6709324,-23.5856827],[-46.6714899,-23.5870886],[-46.6716025,-23.5875594],[-46.6717074,-23.5878581],[-46.6718029,-23.5882221],[-46.6720428,-23.5889985],[-46.6723471,-23.5900229],[-46.6725887,-23.5909194],[-46.6728476,-23.5928903],[-46.6729177,-23.5936921],[-46.6730465,-23.5949117],[-46.6731747,-23.5954891],[-46.6733742,-23.5960661],[-46.673842,-23.5971975],[-46.6739083,-23.5973926],[-46.6739409,-23.5976267],[-46.6739519,-23.5981927],[-46.6739214,-23.5986039],[-46.6739193,-23.5991109],[-46.6738996,-23.6000399],[-46.6741506,-23.6018511],[-46.6742423,-23.6021864],[-46.6744805,-23.6028243],[-46.6749146,-23.6040813],[-46.6759726,-23.6067351],[-46.6766648,-23.6085428]]],[[[-46.671011,-23.5767499],[-46.6712044,-23.5770157],[-46.6712331,-23.577261],[-46.6709381,-23.578828],[-46.6707957,-23.5797221],[-46.6705556,-23.5810273],[-46.6702013,-23.5830367],[-46.6701706,-23.5835996],[-46.6702592,-23.5841189]]],[[[-46.6915182,-23.5867247],[-46.6904222,-23.5866963],[-46.690245,-23.5866678],[-46.6900672,-23.5865988],[-46.6896515,-23.5863163],[-46.6891726,-23.5858298],[-46.6885631,-23.5852909],[-46.6867828,-23.583524],[-46.6863063,-23.5830774],[-46.6845661,-23.5813534],[-46.6843701,-23.5811843],[-46.6835211,-23.580358],[-46.6832058,-23.5803702],[-46.6809911,-23.5805267],[-46.6802105,-23.5805027],[-46.6797319,-23.5805191],[-46.6791531,-23.580442],[-46.6785287,-23.5802899],[-46.6782174,-23.580088],[-46.6734619,-23.5771936],[-46.673069,-23.57705],[-46.672812,-23.5770405],[-46.6722271,-23.5770521],[-46.6719408,-23.5770344],[-46.6716648,-23.5769904],[-46.6714008,-23.576915],[-46.6712108,-23.5768459],[-46.671011,-23.5767499]]],[[[-46.7012476,-23.6199242],[-46.7011941,-23.6198178],[-46.7009828,-23.6192567],[-46.7008959,-23.6189684],[-46.7008306,-23.6186919],[-46.7006209,-23.6178038],[-46.7005251,-23.6173487],[-46.7003817,-23.6166895],[-46.7002205,-23.6160187],[-46.6995903,-23.612809],[-46.6994302,-23.6119939],[-46.6991837,-23.6108966],[-46.6987802,-23.6091903],[-46.6983701,-23.6074419],[-46.6981147,-23.6065283],[-46.6979089,-23.6058785],[-46.697652,-23.6051655],[-46.6975696,-23.604937],[-46.6962668,-23.6011674],[-46.6956715,-23.5994409],[-46.6955204,-23.5991381],[-46.6952158,-23.5984266],[-46.6951374,-23.5982064],[-46.6945696,-23.5965586],[-46.6943595,-23.5958879],[-46.694218,-23.5952409],[-46.6941516,-23.5950652],[-46.693869,-23.5944119],[-46.6935343,-23.5934205],[-46.6931886,-23.5923984],[-46.6930224,-23.5919073],[-46.6919368,-23.5889679],[-46.6917956,-23.5885433],[-46.6916904,-23.5881939],[-46.6915569,-23.5875509],[-46.6915262,-23.5872428],[-46.6915182,-23.5867247]]],[[[-46.687368,-23.6263235],[-46.6878518,-23.6260807],[-46.6881363,-23.6259385],[-46.6885637,-23.6257653],[-46.6887453,-23.6257272],[-46.6900145,-23.6258055],[-46.6906086,-23.6258421],[-46.6910133,-23.6258621],[-46.6914864,-23.6258082],[-46.6916715,-23.6257557],[-46.6920732,-23.6256512],[-46.6953224,-23.6240823],[-46.6957253,-23.6238827],[-46.6959872,-23.6237306],[-46.6961601,-23.6235733],[-46.6967933,-23.6229055],[-46.6969216,-23.6227515],[-46.6976825,-23.6217882],[-46.6981644,-23.6211947],[-46.6983405,-23.6210489],[-46.6985448,-23.6209023],[-46.6988064,-23.6207427],[-46.6991781,-23.6205903],[-46.6994293,-23.6205153],[-46.6997307,-23.6204216],[-46.7000863,-23.6203229],[-46.7012476,-23.6199242]]],[[[-46.6766648,-23.6085428],[-46.677127,-23.6100194],[-46.67717,-23.6102162],[-46.6772297,-23.6105099],[-46.6774068,-23.6109557],[-46.6777692,-23.6119557],[-46.6781706,-23.6129872],[-46.6784688,-23.6136007],[-46.6787052,-23.6139255],[-46.6792709,-23.6147199],[-46.6798744,-23.6156198],[-46.6804758,-23.6164689],[-46.6810676,-23.6173235],[-46.6816944,-23.6181892],[-46.6820377,-23.6186656],[-46.6821963,-23.618879],[-46.6823114,-23.6190338],[-46.6825975,-23.6194239],[-46.6833009,-23.620471],[-46.6838772,-23.6213445],[-46.6841903,-23.6217948],[-46.6845673,-23.6223204],[-46.6849743,-23.6229652],[-46.6858337,-23.6241865],[-46.6861394,-23.6246291],[-46.687368,-23.6263235]]]]},"properties":{"name":"Itaim Bibi","admin_level":"9"}},{"type":"Feature","geometry":{"type":"MultiPolygon","coordinates":[[[[-46.6486175,-23.5833417],[-46.6486102,-23.5833515],[-46.6485436,-23.5834356],[-46.6485014,-23.5834997]]],[[[-46.6491469,-23.5826359],[-46.6486175,-23.5833417]]],[[[-46.6492345,-23.5824745],[-46.6491964,-23.5825679],[-46.6491767,-23.5825954],[-46.6491469,-23.5826359]]],[[[-46.6536214,-23.5720593],[-46.6527681,-23.5729483],[-46.6526838,-23.5730058],[-46.6525896,-23.5730543],[-46.6517475,-23.5734564],[-46.6515613,-23.5735462],[-46.6512892,-23.5736777],[-46.6512317,-23.5737086],[-46.6507108,-23.573989],[-46.650628,-23.5741465],[-46.6507007,-23.5751892],[-46.6507387,-23.5757712],[-46.6507848,-23.5762877],[-46.650842,-23.577067],[-46.6509679,-23.5773842],[-46.6509939,-23.5775357],[-46.6511406,-23.5787734],[-46.6511801,-23.5792128],[-46.6511699,-23.5794038],[-46.6511306,-23.5795893],[-46.6510623,-23.5797556],[-46.6509745,-23.5799188],[-46.6508832,-23.580034],[-46.6507885,-23.5801292],[-46.650553,-23.5803765],[-46.6502001,-23.5807073],[-46.6498819,-23.5810042],[-46.6494954,-23.5813607],[-46.6494462,-23.5814204],[-46.6493459,-23.5815149],[-46.6492345,-23.5824745]]],[[[-46.6536214,-23.5720593],[-46.65482,-23.5731702],[-46.6567085,-23.5748924],[-46.6582073,-23.5762305],[-46.6596495,-23.5775532],[-46.6600315,-23.5778962],[-46.6605403,-23.5783645],[-46.6608145,-23.5785968],[-46.6611593,-23.5788516],[-46.6612512,-23.5789205],[-46.6613469,-23.5789821],[-46.6614853,-23.5790628],[-46.6617065,-23.5791929]]],[[[-46.6617065,-23.5791929],[-46.6618068,-23.5792584]]],[[[-46.6618068,-23.5792584],[-46.662284,-23.579544],[-46.6624888,-23.5796613],[-46.6632966,-23.5801158],[-46.663618,-23.5802914],[-46.6638337,-23.5804266],[-46.6640833,-23.5805564],[-46.6649088,-23.5810395],[-46.6656992,-23.5814985],[-46.6661864,-23.58178],[-46.66636,-23.58188],[-46.6677411,-23.5826754],[-46.6686432,-23.5832089],[-46.669326,-23.5836001],[-46.6695845,-23.5837403],[-46.6699478,-23.5839166],[-46.6701013,-23.5839985],[-46.6702592,-23.5841189]]],[[[-46.6702592,-23.5841189],[-46.6705583,-23.584884],[-46.6707262,-23.5852668],[-46.6709324,-23.5856827],[-46.6714899,-23.5870886],[-46.6716025,-23.5875594],[-46.6717074,-23.5878581],[-46.6718029,-23.5882221],[-46.6720428,-23.5889985],[-46.6723471,-23.5900229],[-46.6725887,-23.5909194],[-46.6728476,-23.5928903],[-46.6729177,-23.5936921],[-46.6730465,-23.5949117],[-46.6731747,-23.5954891],[-46.6733742,-23.5960661],[-46.673842,-23.5971975],[-46.6739083,-23.5973926],[-46.6739409,-23.5976267],[-46.6739519,-23.5981927],[-46.6739214,-23.5986039],[-46.6739193,-23.5991109],[-46.6738996,-23.6000399],[-46.6741506,-23.6018511],[-46.6742423,-23.6021864],[-46.6744805,-23.6028243],[-46.6749146,-23.6040813],[-46.6759726,-23.6067351],[-46.6766648,-23.6085428]]],[[[-46.6766648,-23.6085428],[-46.6760626,-23.6090468],[-46.6757391,-23.6094601],[-46.674886,-23.6106033],[-46.6746683,-23.6108719],[-46.6743058,-23.6111578],[-46.6736591,-23.6116533],[-46.6731157,-23.6119351],[-46.6718088,-23.6125323],[-46.6704527,-23.6131528],[-46.6699191,-23.6135089],[-46.667751,-23.6152009],[-46.6673209,-23.615451],[-46.6661395,-23.6158519],[-46.6649342,-23.6161056],[-46.6640138,-23.6163159],[-46.6632643,-23.616594],[-46.6619828,-23.6172626],[-46.661723,-23.6173841]]],[[[-46.6509237,-23.5985493],[-46.6509482,-23.5988915],[-46.6510733,-23.60009],[-46.6511262,-23.6009852],[-46.6512907,-23.6025468],[-46.6513118,-23.6027775],[-46.6515519,-23.605386],[-46.6516797,-23.6061554],[-46.65179,-23.6064721],[-46.6519244,-23.606753],[-46.652347,-23.6074123],[-46.6530517,-23.608141],[-46.6557005,-23.6110156],[-46.655952,-23.6112862],[-46.6564356,-23.6118011],[-46.6579571,-23.6133869],[-46.6586937,-23.6141623],[-46.6594492,-23.614958],[-46.6601913,-23.6157318],[-46.6609312,-23.6165003],[-46.6615012,-23.6170945],[-46.661723,-23.6173841]]],[[[-46.6481664,-23.5887226],[-46.6492925,-23.5899155],[-46.6494254,-23.5901111],[-46.6496208,-23.5903072],[-46.6497811,-23.5904964],[-46.6498586,-23.5906828],[-46.649811,-23.5909409],[-46.6496973,-23.5911864],[-46.6495246,-23.5915449],[-46.6494416,-23.5917184],[-46.6493712,-23.591812],[-46.6492793,-23.5918804],[-46.6485973,-23.5923356],[-46.6488064,-23.5924357],[-46.6488636,-23.592443],[-46.6490834,-23.5924293],[-46.649322,-23.5924052],[-46.6495126,-23.592385],[-46.6496738,-23.592365],[-46.6497981,-23.5923646],[-46.649867,-23.5923832],[-46.6499163,-23.5923965],[-46.6500092,-23.5924501],[-46.6500674,-23.5925144],[-46.6501402,-23.592643],[-46.650188,-23.5927788],[-46.6505376,-23.5929499],[-46.6505174,-23.5934369],[-46.6505628,-23.5942578],[-46.6508345,-23.5976289],[-46.6509237,-23.5985493]]],[[[-46.6482871,-23.5874294],[-46.6480658,-23.5885421],[-46.6480541,-23.5886206],[-46.6481664,-23.5887226]]],[[[-46.6485014,-23.5834997],[-46.6484974,-23.5835045],[-46.6481814,-23.5839143],[-46.6481312,-23.5839721],[-46.6480842,-23.5840299],[-46.647822,-23.5843781],[-46.6477587,-23.5844995],[-46.6477525,-23.5845236],[-46.6477233,-23.584921],[-46.6476714,-23.5859627],[-46.6477143,-23.5860624],[-46.6482765,-23.5872279],[-46.6482871,-23.5874294]]]]},"properties":{"name":"Moema","admin_level":"9"}},{"type":"Feature","geometry":{"type":"MultiPolygon","coordinates":[[[[-46.6474357,-23.6303529],[-46.6472587,-23.6305842],[-46.6469493,-23.6309835],[-46.646832,-23.6311319],[-46.6467032,-23.6315382],[-46.6465232,-23.6318576],[-46.6464087,-23.6317418],[-46.6455599,-23.6309302],[-46.6453425,-23.6306962],[-46.6450836,-23.6307623],[-46.6448597,-23.6307895],[-46.6446489,-23.6307932],[-46.6443959,-23.6307623],[-46.644086,-23.6306584],[-46.6437708,-23.630479],[-46.6428431,-23.6297736],[-46.6424842,-23.6295597],[-46.6419653,-23.6293402],[-46.6416651,-23.6292553],[-46.6413749,-23.6292022],[-46.6411053,-23.6291874],[-46.6403716,-23.6292099],[-46.6386801,-23.629367],[-46.6361454,-23.6296183],[-46.6348563,-23.6297208],[-46.6339608,-23.6296987],[-46.6330049,-23.6296275],[-46.6324056,-23.6295423],[-46.6311328,-23.6293685],[-46.630443,-23.6292699],[-46.6298584,-23.6291924]]],[[[-46.661723,-23.6173841],[-46.660945,-23.6177459],[-46.6594344,-23.6184739],[-46.6564661,-23.6198956],[-46.6548736,-23.6209254],[-46.6550337,-23.6211454],[-46.6551744,-23.621273],[-46.6540627,-23.6232935],[-46.6540365,-23.6232715],[-46.6539947,-23.623342],[-46.6530327,-23.6249647],[-46.6530076,-23.62501],[-46.6529354,-23.6251539],[-46.6528302,-23.6254107],[-46.6524759,-23.6262583],[-46.6524319,-23.6263694],[-46.6524294,-23.6263772],[-46.6524155,-23.6264095],[-46.6521214,-23.6271579],[-46.6515997,-23.6281519],[-46.6507132,-23.6294199],[-46.6506147,-23.6294807],[-46.6504906,-23.6295341],[-46.6490841,-23.629954],[-46.6484712,-23.63013],[-46.648093,-23.6302264],[-46.647922,-23.6302381],[-46.6476923,-23.6302462],[-46.6474357,-23.6303529]]],[[[-46.6509237,-23.5985493],[-46.6509482,-23.5988915],[-46.6510733,-23.60009],[-46.6511262,-23.6009852],[-46.6512907,-23.6025468],[-46.6513118,-23.6027775],[-46.6515519,-23.605386],[-46.6516797,-23.6061554],[-46.65179,-23.6064721],[-46.6519244,-23.606753],[-46.652347,-23.6074123],[-46.6530517,-23.608141],[-46.6557005,-23.6110156],[-46.655952,-23.6112862],[-46.6564356,-23.6118011],[-46.6579571,-23.6133869],[-46.6586937,-23.6141623],[-46.6594492,-23.614958],[-46.6601913,-23.6157318],[-46.6609312,-23.6165003],[-46.6615012,-23.6170945],[-46.661723,-23.6173841]]],[[[-46.6509237,-23.5985493],[-46.6493729,-23.5989096],[-46.6481178,-23.5991909],[-46.6468176,-23.5993051],[-46.6455217,-23.5994332],[-46.6442342,-23.599556],[-46.6441925,-23.5995602],[-46.6429199,-23.5996751],[-46.6414022,-23.5996663],[-46.6398587,-23.5996533],[-46.6394708,-23.5996504],[-46.6391122,-23.5996478],[-46.638372,-23.5996289],[-46.6376291,-23.5996065],[-46.6375319,-23.5996096],[-46.6368684,-23.5996128],[-46.6366604,-23.5996174],[-46.6348405,-23.5996585],[-46.631998,-23.599685],[-46.6308416,-23.5996993],[-46.6301179,-23.5997081],[-46.6296976,-23.5997197],[-46.6286452,-23.5997257],[-46.6279662,-23.5997367],[-46.6255493,-23.59971],[-46.624808,-23.5997238],[-46.6241387,-23.5997119],[-46.623868,-23.5997356]]],[[[-46.623868,-23.5997356],[-46.6243442,-23.6007363],[-46.6244809,-23.6010078],[-46.6248485,-23.6017199],[-46.6252907,-23.6027668],[-46.6253898,-23.6030015],[-46.6259068,-23.6042297],[-46.6266496,-23.6059083],[-46.6268862,-23.6064409],[-46.6276612,-23.6081685],[-46.6280988,-23.6091533],[-46.6282135,-23.6096765],[-46.6282535,-23.6102997],[-46.6281817,-23.6108797],[-46.6276331,-23.6124825],[-46.6273379,-23.6135128],[-46.6272054,-23.6139548],[-46.6271387,-23.6143732],[-46.6271159,-23.6148835],[-46.6271345,-23.6153979],[-46.6272003,-23.6157858],[-46.627252,-23.6160593],[-46.6275113,-23.6172563],[-46.6275766,-23.6175621],[-46.6278301,-23.6188537],[-46.6278823,-23.6192949],[-46.6279377,-23.621034],[-46.6279631,-23.62184],[-46.6279698,-23.6220973],[-46.6280184,-23.6223124],[-46.6280974,-23.6226491],[-46.6282282,-23.6230272],[-46.6289109,-23.6252701],[-46.6289581,-23.6254229]]],[[[-46.6289581,-23.6254229],[-46.629031,-23.6256587],[-46.6293025,-23.6265338],[-46.6294022,-23.6268884],[-46.6295285,-23.6273669],[-46.6297024,-23.6281321],[-46.6298199,-23.6288375],[-46.6298514,-23.6291281],[-46.6298584,-23.6291924]]]]},"properties":{"name":"Saúde","admin_level":"9"}},{"type":"Feature","geometry":{"type":"MultiPolygon","coordinates":[[[[-46.6249032,-23.6468017],[-46.6247029,-23.6472169],[-46.6247103,-23.6483511],[-46.625136,-23.6484897],[-46.6255465,-23.6492329],[-46.6256497,-23.6500068],[-46.6263728,-23.6498157],[-46.6263707,-23.6496221],[-46.6275153,-23.6495688],[-46.6276766,-23.6494851],[-46.628323,-23.6492908],[-46.6288701,-23.6499882],[-46.6288947,-23.6501148],[-46.6289617,-23.6501926],[-46.6291217,-23.6502423],[-46.6291276,-23.6495896],[-46.6294864,-23.6494006],[-46.6297862,-23.6494413],[-46.6298128,-23.6493727],[-46.6300466,-23.6493888],[-46.6300462,-23.6491708],[-46.6305023,-23.6491844],[-46.6305149,-23.6499028],[-46.6305238,-23.6504076],[-46.6305294,-23.6507283],[-46.6305331,-23.6509405],[-46.6305857,-23.6510414],[-46.6306473,-23.6511598],[-46.6307418,-23.6512591],[-46.6308799,-23.6514043],[-46.6308823,-23.6514239],[-46.6308881,-23.6514706],[-46.6308903,-23.6514882],[-46.6309119,-23.6516616],[-46.6308828,-23.6518195],[-46.630763,-23.6524696],[-46.6308001,-23.6526471],[-46.6308508,-23.6528896],[-46.6309249,-23.6532438],[-46.6310728,-23.6534838],[-46.6313853,-23.6535777],[-46.6320887,-23.6533742],[-46.6323323,-23.6533037],[-46.6325524,-23.65324],[-46.6327741,-23.6540609],[-46.6325337,-23.6541198],[-46.6327341,-23.6551237],[-46.6329522,-23.655555],[-46.6328527,-23.6590673],[-46.6325814,-23.6592242],[-46.632361,-23.6592365],[-46.6320511,-23.6595309],[-46.6320077,-23.6597113],[-46.6317808,-23.6599519],[-46.6316483,-23.6604761],[-46.6317255,-23.66082],[-46.6316765,-23.6609673],[-46.6311677,-23.6613046],[-46.6310764,-23.6615661],[-46.6309814,-23.661755],[-46.6306816,-23.6619012],[-46.6305981,-23.6621923],[-46.6303,-23.6625696],[-46.6304369,-23.6628855],[-46.6299903,-23.664122],[-46.6299013,-23.6656512],[-46.6313383,-23.6660846],[-46.6319005,-23.6665093],[-46.6323351,-23.6671249],[-46.6322459,-23.6683714],[-46.6317327,-23.6702444],[-46.6307937,-23.6719103],[-46.6303273,-23.6720717]]],[[[-46.6303273,-23.6720717],[-46.6300335,-23.671784],[-46.6297217,-23.6715182],[-46.6289148,-23.6712541],[-46.6287075,-23.6710812],[-46.628509,-23.6708286],[-46.6283384,-23.6702387],[-46.6282777,-23.6700162],[-46.6282163,-23.6698937],[-46.627991,-23.6695817],[-46.6276485,-23.6691715],[-46.6270506,-23.6684956],[-46.6270046,-23.6680118],[-46.6270212,-23.6676772],[-46.6269285,-23.6673954],[-46.6268639,-23.6669767],[-46.6267483,-23.6659262],[-46.6268361,-23.6654158],[-46.6268009,-23.6638372],[-46.6268558,-23.6631623],[-46.6267556,-23.6627941],[-46.6266232,-23.6622927],[-46.6266101,-23.6617996],[-46.6265933,-23.6616274],[-46.6265612,-23.6613997],[-46.6234332,-23.6614116],[-46.6228236,-23.6618519],[-46.622099,-23.6618351],[-46.6219905,-23.6613881],[-46.6217769,-23.6604416],[-46.6213838,-23.6596306],[-46.6211069,-23.659558],[-46.6210285,-23.6597105]]],[[[-46.6210285,-23.6597105],[-46.6208915,-23.6599246],[-46.6204895,-23.6598372],[-46.6195233,-23.6598729],[-46.6189826,-23.6595831],[-46.6190701,-23.659269],[-46.6194248,-23.658975],[-46.6200238,-23.6586988],[-46.6197177,-23.6585178],[-46.6189185,-23.6582013],[-46.6185468,-23.6580265],[-46.6182303,-23.6577765],[-46.6181475,-23.6577493],[-46.6176523,-23.6576943],[-46.6171966,-23.657598],[-46.6171231,-23.6576035],[-46.6170507,-23.6576244],[-46.6168081,-23.6578459],[-46.6167335,-23.6579033],[-46.6165362,-23.6580298]]],[[[-46.6099671,-23.6293866],[-46.6097843,-23.6298001],[-46.6095387,-23.6304498],[-46.6094677,-23.6306499],[-46.6094253,-23.6308049],[-46.6092563,-23.6313891],[-46.6092268,-23.6315782],[-46.6091353,-23.6319484],[-46.6090704,-23.6320836],[-46.6090173,-23.6325186],[-46.6089985,-23.6328331],[-46.6090173,-23.6330591],[-46.6090586,-23.6332023],[-46.6091265,-23.6334563],[-46.6091412,-23.6336104],[-46.6090999,-23.6337644],[-46.6091324,-23.633832],[-46.6092209,-23.6339482],[-46.6092858,-23.6340589],[-46.6093743,-23.6342346],[-46.6095571,-23.6344508],[-46.6097105,-23.6346183],[-46.6098816,-23.6348507],[-46.6100084,-23.635075],[-46.6101707,-23.635302],[-46.6102002,-23.6354263],[-46.6102415,-23.6356155],[-46.6103155,-23.6357993],[-46.6103583,-23.6358723],[-46.6104202,-23.6359034],[-46.6105264,-23.6359264],[-46.6105795,-23.6359264],[-46.6106474,-23.6359669],[-46.6107565,-23.6360588],[-46.6109173,-23.6362141],[-46.6109836,-23.6363087],[-46.6109453,-23.6364128],[-46.610935,-23.6365114],[-46.6109718,-23.6367032],[-46.6110234,-23.6368194],[-46.6110588,-23.6369686],[-46.6111208,-23.6372902],[-46.6111569,-23.6374581],[-46.6111798,-23.6376091],[-46.6112087,-23.6377884],[-46.611211,-23.6378971],[-46.611211,-23.6379907],[-46.6112044,-23.638019],[-46.6112152,-23.638092],[-46.6112193,-23.6381932],[-46.6112631,-23.6383404],[-46.6115654,-23.6392089],[-46.6116122,-23.6394593],[-46.6117336,-23.6396648],[-46.6118525,-23.6396891],[-46.613791,-23.6401372],[-46.6138235,-23.640202],[-46.613861,-23.6402876],[-46.6138948,-23.6404002],[-46.6139106,-23.6404682],[-46.6139163,-23.6405274],[-46.613916,-23.6406113],[-46.6139053,-23.640679],[-46.6138008,-23.6411028],[-46.6137658,-23.6412176],[-46.6137268,-23.6413037],[-46.6136653,-23.6413859],[-46.6136216,-23.6414424],[-46.6134909,-23.6415664],[-46.6133101,-23.6417651],[-46.6132776,-23.6418116],[-46.6132257,-23.6419441],[-46.6131706,-23.6420578],[-46.6131321,-23.6421218],[-46.6130906,-23.6421851],[-46.6130249,-23.6422945],[-46.6128499,-23.6424352],[-46.6126815,-23.6425514],[-46.6126044,-23.6426575],[-46.6125662,-23.6427281],[-46.6125233,-23.6428251],[-46.6125039,-23.6429289],[-46.6124943,-23.6431387],[-46.6125017,-23.6432119],[-46.6125308,-23.6434292],[-46.6125402,-23.6435054],[-46.6125612,-23.6436769],[-46.6126087,-23.6438318],[-46.6126802,-23.6439821],[-46.6128065,-23.6441984],[-46.613046,-23.6447247],[-46.6131382,-23.6449081],[-46.6133906,-23.6452859],[-46.6135661,-23.6455923],[-46.6136659,-23.6457969],[-46.6137274,-23.6459579],[-46.6138511,-23.6463112],[-46.6138752,-23.6464145],[-46.6138634,-23.646649],[-46.6137974,-23.6469417],[-46.6136317,-23.6474122],[-46.61359,-23.6475668],[-46.6135485,-23.6477357],[-46.613501,-23.6480549],[-46.6134931,-23.6481224],[-46.613475,-23.6482404],[-46.6134612,-23.6483997],[-46.6134517,-23.648496],[-46.6134732,-23.6486396],[-46.6135214,-23.6487798],[-46.6136479,-23.6491238],[-46.6139265,-23.6500012],[-46.6139927,-23.6502569],[-46.6140649,-23.6504339],[-46.61431,-23.6509513],[-46.6144355,-23.6512524],[-46.6145028,-23.6514675],[-46.6144982,-23.6516426],[-46.6144594,-23.65187],[-46.6144125,-23.6520487],[-46.6141081,-23.6530326],[-46.6140338,-23.6532598],[-46.6140083,-23.6533379],[-46.6139669,-23.653475],[-46.6139506,-23.6535291],[-46.6138269,-23.6539394],[-46.6137932,-23.6540783],[-46.613765,-23.6542335],[-46.6137302,-23.6545453],[-46.6137186,-23.6547012],[-46.6137458,-23.6548177],[-46.6138011,-23.6549108],[-46.61402,-23.655232],[-46.6142907,-23.6556337],[-46.6144349,-23.6558559],[-46.6147351,-23.6562959],[-46.6152701,-23.6570253],[-46.6156828,-23.6576345],[-46.6158444,-23.6577691],[-46.6160587,-23.6578862],[-46.6162841,-23.6579422],[-46.6165362,-23.6580298]]],[[[-46.6101011,-23.6291969],[-46.6099671,-23.6293866]]],[[[-46.607578,-23.6120738],[-46.6075846,-23.6120897],[-46.6085013,-23.6145347],[-46.6087933,-23.6152861],[-46.6091885,-23.616132],[-46.6095219,-23.6168077],[-46.6100507,-23.6179505],[-46.6104393,-23.6187358],[-46.6114597,-23.6208814],[-46.6121146,-23.6223338],[-46.6120316,-23.6227232],[-46.6117732,-23.6246985],[-46.6113971,-23.6246563],[-46.6113179,-23.624883],[-46.6112219,-23.6250588],[-46.6111765,-23.6252168],[-46.6111529,-23.6253357],[-46.6111706,-23.6254789],[-46.6112208,-23.6256275],[-46.6112149,-23.6257545],[-46.6111411,-23.6258978],[-46.6111116,-23.6259626],[-46.6110703,-23.6259897],[-46.6109435,-23.6260329],[-46.6108373,-23.6261059],[-46.6107665,-23.6262248],[-46.6107341,-23.6263707],[-46.6107311,-23.6265058],[-46.6106692,-23.6266274],[-46.6105807,-23.6267572],[-46.6105394,-23.626849],[-46.6105305,-23.6269463],[-46.6105748,-23.6271166],[-46.6105866,-23.6273003],[-46.6105689,-23.6274301],[-46.6104804,-23.6275733],[-46.6104155,-23.6276273],[-46.6103831,-23.6276841],[-46.6103447,-23.6279543],[-46.610327,-23.6282327],[-46.6102828,-23.6285435],[-46.6102297,-23.6286948],[-46.6101165,-23.6290763],[-46.6101011,-23.6291969]]],[[[-46.6194741,-23.5945383],[-46.6192874,-23.5947043],[-46.619021,-23.5949174],[-46.6189382,-23.5949862],[-46.6187086,-23.5951672],[-46.6183344,-23.5954018],[-46.6181767,-23.5954593],[-46.6179765,-23.5955092],[-46.6178057,-23.5955255],[-46.6174985,-23.5954582],[-46.617326,-23.5954659],[-46.6171552,-23.5955408],[-46.6170584,-23.595684],[-46.6170295,-23.5958498],[-46.6169745,-23.5961162],[-46.616875,-23.5962548],[-46.6166948,-23.5963699],[-46.6165516,-23.5964414],[-46.6163871,-23.5965237],[-46.616268,-23.5965933],[-46.6161894,-23.596712],[-46.6160975,-23.5968583],[-46.6159848,-23.5971277],[-46.6159032,-23.5973852],[-46.615835,-23.5976467],[-46.6158035,-23.597839],[-46.6157824,-23.59802],[-46.6158058,-23.5982435],[-46.6158939,-23.5985109],[-46.6159412,-23.5985685],[-46.6161093,-23.5987673],[-46.6161936,-23.5989231],[-46.6162002,-23.5990538],[-46.6161644,-23.5992307],[-46.6160328,-23.5994834],[-46.6159875,-23.599577],[-46.6158538,-23.5998443],[-46.6156179,-23.6004143],[-46.6155355,-23.600596],[-46.6153022,-23.6011],[-46.6152887,-23.6011319],[-46.6151871,-23.6013357],[-46.6150996,-23.6015348],[-46.6150377,-23.6018151],[-46.615021,-23.6018909],[-46.6149194,-23.6023519],[-46.6148519,-23.6026186],[-46.6147244,-23.6032933],[-46.6146392,-23.6037664],[-46.6145825,-23.6042096],[-46.6144751,-23.6048232],[-46.6143817,-23.605483],[-46.6143137,-23.6058464],[-46.6142768,-23.6061078],[-46.614268,-23.6062491],[-46.6142484,-23.6063951],[-46.6141937,-23.6067315],[-46.6141438,-23.6070692],[-46.614057,-23.60766],[-46.6140501,-23.607698],[-46.6140329,-23.6077757],[-46.6140109,-23.6078653],[-46.6139416,-23.6080292],[-46.6137938,-23.6082819],[-46.6135998,-23.6084223],[-46.6134112,-23.6085541],[-46.6132812,-23.6086521],[-46.6131145,-23.6087622],[-46.613001,-23.6088383],[-46.6127279,-23.609037],[-46.6124903,-23.6091547],[-46.6122822,-23.6092032],[-46.6120932,-23.6092225],[-46.6118883,-23.6091942],[-46.6115994,-23.6091352],[-46.6113419,-23.6090962],[-46.6108619,-23.6091293],[-46.6103454,-23.6091331],[-46.6101994,-23.6091491],[-46.6089424,-23.6095533],[-46.6087635,-23.6096242],[-46.6086397,-23.6097087],[-46.6085824,-23.6097896],[-46.608544,-23.6100594],[-46.6085514,-23.6102557],[-46.6085803,-23.6106874],[-46.6085859,-23.611026],[-46.6085468,-23.6111845],[-46.608453,-23.6113681],[-46.6083123,-23.6115321],[-46.6080219,-23.6117895],[-46.6079541,-23.6118399],[-46.6077675,-23.6119556],[-46.6077297,-23.6119781],[-46.607654,-23.6120226],[-46.607578,-23.6120738]]],[[[-46.6207469,-23.5926811],[-46.6205728,-23.5926489],[-46.6204299,-23.5926438],[-46.6204048,-23.5926429],[-46.6201116,-23.5926308],[-46.6200982,-23.5926307],[-46.6199982,-23.5926483],[-46.619957,-23.5926777],[-46.6199474,-23.5926925],[-46.6199042,-23.5927404],[-46.6198703,-23.5928034],[-46.619853,-23.5928721],[-46.6198447,-23.5929952],[-46.619901,-23.5932696],[-46.6199492,-23.5935341],[-46.6199806,-23.5937981],[-46.6199738,-23.5939068],[-46.6199454,-23.5940052],[-46.6198874,-23.5941173],[-46.6197503,-23.5942694],[-46.6194741,-23.5945383]]],[[[-46.6213658,-23.5951206],[-46.6212494,-23.5948225],[-46.6211766,-23.5945461],[-46.6211038,-23.5942276],[-46.6207469,-23.5926811]]],[[[-46.6216582,-23.5956737],[-46.6213658,-23.5951206]]],[[[-46.623868,-23.5997356],[-46.6236532,-23.5993233],[-46.622602,-23.5974593],[-46.6216582,-23.5956737]]],[[[-46.623868,-23.5997356],[-46.6243442,-23.6007363],[-46.6244809,-23.6010078],[-46.6248485,-23.6017199],[-46.6252907,-23.6027668],[-46.6253898,-23.6030015],[-46.6259068,-23.6042297],[-46.6266496,-23.6059083],[-46.6268862,-23.6064409],[-46.6276612,-23.6081685],[-46.6280988,-23.6091533],[-46.6282135,-23.6096765],[-46.6282535,-23.6102997],[-46.6281817,-23.6108797],[-46.6276331,-23.6124825],[-46.6273379,-23.6135128],[-46.6272054,-23.6139548],[-46.6271387,-23.6143732],[-46.6271159,-23.6148835],[-46.6271345,-23.6153979],[-46.6272003,-23.6157858],[-46.627252,-23.6160593],[-46.6275113,-23.6172563],[-46.6275766,-23.6175621],[-46.6278301,-23.6188537],[-46.6278823,-23.6192949],[-46.6279377,-23.621034],[-46.6279631,-23.62184],[-46.6279698,-23.6220973],[-46.6280184,-23.6223124],[-46.6280974,-23.6226491],[-46.6282282,-23.6230272],[-46.6289109,-23.6252701],[-46.6289581,-23.6254229]]],[[[-46.6289581,-23.6254229],[-46.629031,-23.6256587],[-46.6293025,-23.6265338],[-46.6294022,-23.6268884],[-46.6295285,-23.6273669],[-46.6297024,-23.6281321],[-46.6298199,-23.6288375],[-46.6298514,-23.6291281],[-46.6298584,-23.6291924]]],[[[-46.6298584,-23.6291924],[-46.629889,-23.6294341],[-46.6301653,-23.6335393],[-46.6303361,-23.6366834],[-46.6304554,-23.6389463],[-46.6302129,-23.638783]]],[[[-46.6285245,-23.6387964],[-46.6287949,-23.6387202],[-46.6290808,-23.6386705],[-46.6291986,-23.63865],[-46.6293161,-23.6385891],[-46.6294336,-23.638547],[-46.6298577,-23.6385815],[-46.6302129,-23.638783]]],[[[-46.6285245,-23.6387964],[-46.6283367,-23.6388317]]],[[[-46.6283367,-23.6388317],[-46.6274112,-23.6383884]]],[[[-46.6249032,-23.6468017],[-46.6256715,-23.6457947],[-46.6258775,-23.6455076],[-46.6260252,-23.6451283],[-46.626292,-23.6443269],[-46.6267411,-23.6432048],[-46.6267779,-23.642683],[-46.626795,-23.6423494],[-46.627318,-23.6411184],[-46.6274102,-23.6408581],[-46.6274473,-23.6391013],[-46.6273401,-23.6383693],[-46.6274112,-23.6383884]]]]},"properties":{"name":"Cursino","admin_level":"9"}},{"type":"Feature","geometry":{"type":"MultiPolygon","coordinates":[[[[-46.5806598,-23.6119992],[-46.5806476,-23.6119509]]],[[[-46.5824501,-23.6219775],[-46.5824075,-23.6216038],[-46.5823524,-23.6212878],[-46.5819434,-23.6190415],[-46.5809551,-23.6134417],[-46.5807459,-23.6123394],[-46.5806598,-23.6119992]]],[[[-46.5814429,-23.628738],[-46.5814936,-23.6285006],[-46.5815783,-23.6282861],[-46.5816631,-23.6281089],[-46.5817753,-23.6279593],[-46.5819461,-23.6277526],[-46.5826977,-23.6271144],[-46.5828522,-23.62692],[-46.5829796,-23.6266555],[-46.5830653,-23.6264349],[-46.5831135,-23.6261958],[-46.5831276,-23.6259341],[-46.5831051,-23.6256122],[-46.5830377,-23.6252249],[-46.5829658,-23.6248909],[-46.5828705,-23.6245462],[-46.5825835,-23.6228822],[-46.5825211,-23.622458],[-46.5824907,-23.6221984],[-46.5824591,-23.6220566],[-46.5824501,-23.6219775]]],[[[-46.5822354,-23.6321889],[-46.5822308,-23.6321817],[-46.5821715,-23.632064],[-46.5821447,-23.6320109],[-46.5820824,-23.631854],[-46.5814449,-23.6291129],[-46.5814298,-23.6287994],[-46.5814429,-23.628738]]],[[[-46.5833999,-23.6411371],[-46.5839844,-23.6390992],[-46.5846586,-23.6367908],[-46.5848859,-23.6358022],[-46.58492,-23.6356161],[-46.5849526,-23.6354017],[-46.5849786,-23.6352019],[-46.5849914,-23.6349082],[-46.5849516,-23.6346911],[-46.5848615,-23.6344435],[-46.5847409,-23.6341573],[-46.5847021,-23.6340531],[-46.5845301,-23.633892],[-46.5843523,-23.6337497],[-46.5841819,-23.6335894],[-46.5838668,-23.6333664],[-46.5825593,-23.6325759],[-46.582407,-23.6324403],[-46.582324,-23.6323272],[-46.5822354,-23.6321889]]],[[[-46.5846853,-23.644417],[-46.5845874,-23.6442677],[-46.5844614,-23.6439826],[-46.5842934,-23.6433949],[-46.5839248,-23.6423556],[-46.5835198,-23.6415478],[-46.5834582,-23.6414111],[-46.5834253,-23.6412734],[-46.5833999,-23.6411371]]],[[[-46.5846295,-23.6451928],[-46.5849499,-23.6448671],[-46.5849896,-23.6448034],[-46.5849877,-23.6447597],[-46.5846853,-23.644417]]],[[[-46.6021079,-23.6543316],[-46.601805,-23.6543019],[-46.6014474,-23.6541949],[-46.6013022,-23.6540814],[-46.6011411,-23.6538657],[-46.6010107,-23.6537992],[-46.6007427,-23.6536937],[-46.6005845,-23.653699],[-46.6003897,-23.6536552],[-46.6002113,-23.6536383],[-46.5997792,-23.653445],[-46.599537,-23.6531686],[-46.5992212,-23.6529779],[-46.5991355,-23.6529482],[-46.5990595,-23.6529336],[-46.5990233,-23.6529461],[-46.5990044,-23.6530014],[-46.5989762,-23.6530284],[-46.5988922,-23.6530448],[-46.5984588,-23.6530793],[-46.5980197,-23.6530469],[-46.5972476,-23.6528964],[-46.5966824,-23.6528627],[-46.5965464,-23.6528224],[-46.5963637,-23.6526953],[-46.5958936,-23.6523102],[-46.5957565,-23.6520749],[-46.5956242,-23.651888],[-46.5953404,-23.6516937],[-46.5950104,-23.6516156],[-46.5946288,-23.6514031],[-46.594289,-23.6511428],[-46.5935365,-23.6507982],[-46.5929777,-23.6507171],[-46.592773,-23.6505777],[-46.5926817,-23.6504181],[-46.5924133,-23.6502483],[-46.5918738,-23.6499948],[-46.5914074,-23.6497256],[-46.5908458,-23.6494871],[-46.5904235,-23.6491516],[-46.5899131,-23.6489434],[-46.5895609,-23.6485909],[-46.588589,-23.6479456],[-46.5877149,-23.6472764],[-46.5866409,-23.6465449],[-46.5846295,-23.6451928]]],[[[-46.607578,-23.6120738],[-46.6075846,-23.6120897],[-46.6085013,-23.6145347],[-46.6087933,-23.6152861],[-46.6091885,-23.616132],[-46.6095219,-23.6168077],[-46.6100507,-23.6179505],[-46.6104393,-23.6187358],[-46.6114597,-23.6208814],[-46.6121146,-23.6223338],[-46.6120316,-23.6227232],[-46.6117732,-23.6246985],[-46.6113971,-23.6246563],[-46.6113179,-23.624883],[-46.6112219,-23.6250588],[-46.6111765,-23.6252168],[-46.6111529,-23.6253357],[-46.6111706,-23.6254789],[-46.6112208,-23.6256275],[-46.6112149,-23.6257545],[-46.6111411,-23.6258978],[-46.6111116,-23.6259626],[-46.6110703,-23.6259897],[-46.6109435,-23.6260329],[-46.6108373,-23.6261059],[-46.6107665,-23.6262248],[-46.6107341,-23.6263707],[-46.6107311,-23.6265058],[-46.6106692,-23.6266274],[-46.6105807,-23.6267572],[-46.6105394,-23.626849],[-46.6105305,-23.6269463],[-46.6105748,-23.6271166],[-46.6105866,-23.6273003],[-46.6105689,-23.6274301],[-46.6104804,-23.6275733],[-46.6104155,-23.6276273],[-46.6103831,-23.6276841],[-46.6103447,-23.6279543],[-46.610327,-23.6282327],[-46.6102828,-23.6285435],[-46.6102297,-23.6286948],[-46.6101165,-23.6290763],[-46.6101011,-23.6291969]]],[[[-46.607578,-23.6120738],[-46.6074892,-23.6118363],[-46.6074052,-23.6116118],[-46.607302,-23.6113394],[-46.6072258,-23.6111375],[-46.6071426,-23.6109216],[-46.6070548,-23.6106992],[-46.60692,-23.6103267],[-46.6067672,-23.6098843],[-46.6064748,-23.6091396],[-46.6061958,-23.6084269],[-46.6058284,-23.6074364],[-46.6054958,-23.6066352],[-46.6053644,-23.6063796],[-46.6052034,-23.6061608],[-46.6048547,-23.6057774],[-46.6044926,-23.6054211],[-46.6041547,-23.6050917],[-46.6038972,-23.6048336],[-46.6036075,-23.6045657],[-46.6033688,-23.6043421],[-46.6031462,-23.6041553],[-46.6028431,-23.6039808],[-46.6026526,-23.6038702],[-46.6024488,-23.6039513],[-46.6022718,-23.6039832],[-46.6020572,-23.6040078],[-46.6018373,-23.6039931],[-46.6015744,-23.6039611],[-46.6012391,-23.6038898],[-46.6009602,-23.6037891],[-46.6007241,-23.6036981],[-46.6004425,-23.6035261],[-46.6001501,-23.6033491],[-46.5999275,-23.6031795],[-46.5996083,-23.6028551],[-46.5992221,-23.6023832],[-46.5988707,-23.6019654],[-46.5986025,-23.6015967],[-46.5985145,-23.6014719],[-46.5983692,-23.6016311],[-46.5982324,-23.6018769],[-46.597991,-23.6022677],[-46.5977871,-23.6025725],[-46.5975618,-23.6028699],[-46.5973714,-23.6031574],[-46.5971827,-23.603447],[-46.5971568,-23.6034868],[-46.5970495,-23.6036195],[-46.59691,-23.6037719],[-46.59621,-23.6043495],[-46.5957996,-23.6046591],[-46.5953785,-23.6049836],[-46.5950459,-23.6052613],[-46.5937611,-23.606296],[-46.5933883,-23.6066598],[-46.5930798,-23.6069252],[-46.5929838,-23.6070038],[-46.5928036,-23.6071513],[-46.592353,-23.6075028],[-46.5919882,-23.6077928],[-46.5916207,-23.6080902],[-46.5911996,-23.6084121],[-46.590808,-23.6087193],[-46.590411,-23.6090315],[-46.5901053,-23.6092944],[-46.5898397,-23.6094984],[-46.5896654,-23.6096262],[-46.5894723,-23.6097393],[-46.5892818,-23.6098278],[-46.5889787,-23.6099384],[-46.588563,-23.6100318],[-46.5879783,-23.6101399],[-46.5872031,-23.6102824],[-46.5866533,-23.6103783],[-46.5861329,-23.6104741],[-46.585626,-23.6105626],[-46.5849983,-23.6106806],[-46.584419,-23.6107863],[-46.5840006,-23.6108649],[-46.5834909,-23.6109485],[-46.5831691,-23.6110296],[-46.5827346,-23.6111574],[-46.5822652,-23.6113343],[-46.5818146,-23.6115039],[-46.5814149,-23.6116464],[-46.5809678,-23.6118248],[-46.5806476,-23.6119509]]],[[[-46.6101011,-23.6291969],[-46.6099671,-23.6293866]]],[[[-46.6099671,-23.6293866],[-46.6097843,-23.6298001],[-46.6095387,-23.6304498],[-46.6094677,-23.6306499],[-46.6094253,-23.6308049],[-46.6092563,-23.6313891],[-46.6092268,-23.6315782],[-46.6091353,-23.6319484],[-46.6090704,-23.6320836],[-46.6090173,-23.6325186],[-46.6089985,-23.6328331],[-46.6090173,-23.6330591],[-46.6090586,-23.6332023],[-46.6091265,-23.6334563],[-46.6091412,-23.6336104],[-46.6090999,-23.6337644],[-46.6091324,-23.633832],[-46.6092209,-23.6339482],[-46.6092858,-23.6340589],[-46.6093743,-23.6342346],[-46.6095571,-23.6344508],[-46.6097105,-23.6346183],[-46.6098816,-23.6348507],[-46.6100084,-23.635075],[-46.6101707,-23.635302],[-46.6102002,-23.6354263],[-46.6102415,-23.6356155],[-46.6103155,-23.6357993],[-46.6103583,-23.6358723],[-46.6104202,-23.6359034],[-46.6105264,-23.6359264],[-46.6105795,-23.6359264],[-46.6106474,-23.6359669],[-46.6107565,-23.6360588],[-46.6109173,-23.6362141],[-46.6109836,-23.6363087],[-46.6109453,-23.6364128],[-46.610935,-23.6365114],[-46.6109718,-23.6367032],[-46.6110234,-23.6368194],[-46.6110588,-23.6369686],[-46.6111208,-23.6372902],[-46.6111569,-23.6374581],[-46.6111798,-23.6376091],[-46.6112087,-23.6377884],[-46.611211,-23.6378971],[-46.611211,-23.6379907],[-46.6112044,-23.638019],[-46.6112152,-23.638092],[-46.6112193,-23.6381932],[-46.6112631,-23.6383404],[-46.6115654,-23.6392089],[-46.6116122,-23.6394593],[-46.6117336,-23.6396648],[-46.6118525,-23.6396891],[-46.613791,-23.6401372],[-46.6138235,-23.640202],[-46.613861,-23.6402876],[-46.6138948,-23.6404002],[-46.6139106,-23.6404682],[-46.6139163,-23.6405274],[-46.613916,-23.6406113],[-46.6139053,-23.640679],[-46.6138008,-23.6411028],[-46.6137658,-23.6412176],[-46.6137268,-23.6413037],[-46.6136653,-23.6413859],[-46.6136216,-23.6414424],[-46.6134909,-23.6415664],[-46.6133101,-23.6417651],[-46.6132776,-23.6418116],[-46.6132257,-23.6419441],[-46.6131706,-23.6420578],[-46.6131321,-23.6421218],[-46.6130906,-23.6421851],[-46.6130249,-23.6422945],[-46.6128499,-23.6424352],[-46.6126815,-23.6425514],[-46.6126044,-23.6426575],[-46.6125662,-23.6427281],[-46.6125233,-23.6428251],[-46.6125039,-23.6429289],[-46.6124943,-23.6431387],[-46.6125017,-23.6432119],[-46.6125308,-23.6434292],[-46.6125402,-23.6435054],[-46.6125612,-23.6436769],[-46.6126087,-23.6438318],[-46.6126802,-23.6439821],[-46.6128065,-23.6441984],[-46.613046,-23.6447247],[-46.6131382,-23.6449081],[-46.6133906,-23.6452859],[-46.6135661,-23.6455923],[-46.6136659,-23.6457969],[-46.6137274,-23.6459579],[-46.6138511,-23.6463112],[-46.6138752,-23.6464145],[-46.6138634,-23.646649],[-46.6137974,-23.6469417],[-46.6136317,-23.6474122],[-46.61359,-23.6475668],[-46.6135485,-23.6477357],[-46.613501,-23.6480549],[-46.6134931,-23.6481224],[-46.613475,-23.6482404],[-46.6134612,-23.6483997],[-46.6134517,-23.648496],[-46.6134732,-23.6486396],[-46.6135214,-23.6487798],[-46.6136479,-23.6491238],[-46.6139265,-23.6500012],[-46.6139927,-23.6502569],[-46.6140649,-23.6504339],[-46.61431,-23.6509513],[-46.6144355,-23.6512524],[-46.6145028,-23.6514675],[-46.6144982,-23.6516426],[-46.6144594,-23.65187],[-46.6144125,-23.6520487],[-46.6141081,-23.6530326],[-46.6140338,-23.6532598],[-46.6140083,-23.6533379],[-46.6139669,-23.653475],[-46.6139506,-23.6535291],[-46.6138269,-23.6539394],[-46.6137932,-23.6540783],[-46.613765,-23.6542335],[-46.6137302,-23.6545453],[-46.6137186,-23.6547012],[-46.6137458,-23.6548177],[-46.6138011,-23.6549108],[-46.61402,-23.655232],[-46.6142907,-23.6556337],[-46.6144349,-23.6558559],[-46.6147351,-23.6562959],[-46.6152701,-23.6570253],[-46.6156828,-23.6576345],[-46.6158444,-23.6577691],[-46.6160587,-23.6578862],[-46.6162841,-23.6579422],[-46.6165362,-23.6580298]]],[[[-46.6165362,-23.6580298],[-46.6158171,-23.6584891],[-46.6152643,-23.6587689],[-46.6150085,-23.6597419],[-46.6146072,-23.6601471],[-46.6141433,-23.660229],[-46.6139734,-23.6600662]]],[[[-46.6139734,-23.6600662],[-46.6133288,-23.6598229],[-46.6125067,-23.6593576],[-46.6123165,-23.6592847],[-46.6120018,-23.6591105],[-46.6119281,-23.6590216],[-46.6117768,-23.6589127],[-46.6115768,-23.6588682],[-46.6107501,-23.65869],[-46.6100441,-23.6584578],[-46.6097778,-23.6582773],[-46.6096983,-23.6581949],[-46.6094666,-23.6580745],[-46.6090516,-23.6579193],[-46.6089715,-23.6578958]]],[[[-46.6089715,-23.6578958],[-46.6088637,-23.6578642]]],[[[-46.6088637,-23.6578642],[-46.608827,-23.6578534],[-46.6085225,-23.6575266],[-46.6084326,-23.657365],[-46.6079346,-23.6569881],[-46.6076709,-23.6568243],[-46.607266,-23.6566657],[-46.606978,-23.656555],[-46.6065506,-23.6564558],[-46.6059835,-23.6562214],[-46.605674,-23.6561485],[-46.6056733,-23.6561483],[-46.60524,-23.6560947],[-46.6049045,-23.6561961],[-46.604448,-23.6561803],[-46.6042131,-23.6560874],[-46.6037431,-23.65606],[-46.6034029,-23.6559676],[-46.6031105,-23.655773],[-46.6030973,-23.655573],[-46.6029161,-23.6554232],[-46.6026602,-23.6553472],[-46.602559,-23.6552319],[-46.6025103,-23.6551204],[-46.602431,-23.6549782]]],[[[-46.602431,-23.6549782],[-46.6021079,-23.6543316]]]]},"properties":{"name":"Sacomã","admin_level":"9"}},{"type":"Feature","geometry":{"type":"MultiPolygon","coordinates":[[[[-46.7263582,-23.6445912],[-46.726297,-23.644201],[-46.7261546,-23.6436407],[-46.7261254,-23.6435257],[-46.7259711,-23.643007],[-46.7258121,-23.6425688],[-46.7257356,-23.642358],[-46.7253922,-23.6415824],[-46.7249565,-23.6407952],[-46.7244843,-23.6401078],[-46.7240372,-23.6395781],[-46.7215696,-23.6369264],[-46.7178169,-23.6328309],[-46.7138626,-23.6285152],[-46.7132742,-23.6278821],[-46.7124177,-23.6269795],[-46.712026,-23.6265915],[-46.7116375,-23.6262503],[-46.7112382,-23.6258986],[-46.7106747,-23.6254685],[-46.709835,-23.6249359],[-46.7090804,-23.6245355],[-46.7083519,-23.6242623],[-46.7077968,-23.624058],[-46.7055339,-23.623373],[-46.7050167,-23.6232055],[-46.7045453,-23.6230208],[-46.7040297,-23.6227557],[-46.7035976,-23.6224993],[-46.7034177,-23.6223572],[-46.7028551,-23.6219131],[-46.7024245,-23.6215492],[-46.7020825,-23.6211905],[-46.701793,-23.6208408],[-46.7015874,-23.6205608],[-46.7013946,-23.6202254],[-46.7012476,-23.6199242]]],[[[-46.7263582,-23.6445912],[-46.7275012,-23.6444635],[-46.7277763,-23.6444365],[-46.7283268,-23.6444003],[-46.7291084,-23.6443808],[-46.7292556,-23.6443772],[-46.7298533,-23.6443361],[-46.7302137,-23.6442889],[-46.7312151,-23.6440676],[-46.7319823,-23.6439061],[-46.7336306,-23.6435855],[-46.7344219,-23.6434305],[-46.7349497,-23.6433354],[-46.7351119,-23.6433042],[-46.7358076,-23.6431243],[-46.7363005,-23.6429942],[-46.7363489,-23.6429814],[-46.7365704,-23.6429412],[-46.7372092,-23.6428299],[-46.7382301,-23.6426494],[-46.7387504,-23.6424183],[-46.7391604,-23.642263],[-46.7395427,-23.6421258],[-46.7398226,-23.6420391],[-46.7401774,-23.6419705],[-46.7408041,-23.6418838],[-46.7412535,-23.6418261],[-46.7415598,-23.6417999],[-46.7417217,-23.6417461],[-46.741943,-23.6417419],[-46.7420939,-23.6417752],[-46.7426221,-23.6418761],[-46.7428336,-23.6418595],[-46.7430578,-23.6418404],[-46.743421,-23.6417132],[-46.743817,-23.641551],[-46.7441991,-23.6414321],[-46.7443391,-23.6413886],[-46.7445875,-23.641322],[-46.7450127,-23.6411924],[-46.7454324,-23.641066],[-46.745669,-23.6409902],[-46.7458006,-23.6409481],[-46.7459906,-23.6408824],[-46.7460165,-23.6408702],[-46.746326,-23.6406566],[-46.7466745,-23.6404453],[-46.746831,-23.640423]]],[[[-46.746831,-23.640423],[-46.7465285,-23.6401806],[-46.7462275,-23.6399022],[-46.7457899,-23.6397158],[-46.7451822,-23.6396724],[-46.7450105,-23.6396674],[-46.745007,-23.6396205],[-46.7450047,-23.6395426],[-46.7450016,-23.6394347],[-46.7449864,-23.6392209],[-46.7449675,-23.6391521],[-46.7449489,-23.6390842],[-46.7448963,-23.6389592],[-46.7447925,-23.6388284],[-46.7443427,-23.6384846],[-46.7439727,-23.6381904],[-46.7436585,-23.6378958],[-46.7431788,-23.6373967],[-46.743065,-23.637244],[-46.7429159,-23.6370715],[-46.7427887,-23.6368764],[-46.7426261,-23.6366369],[-46.7421916,-23.6361307],[-46.74193,-23.6357851],[-46.7418233,-23.6356095],[-46.7417904,-23.6355282],[-46.7417637,-23.6353321],[-46.7416865,-23.6348723],[-46.7416686,-23.6347678],[-46.7415985,-23.6344645],[-46.7415838,-23.6344083],[-46.7415438,-23.6343399],[-46.7415027,-23.6342824],[-46.7414171,-23.6341965],[-46.746114,-23.6248424],[-46.74611,-23.6247665],[-46.7461534,-23.6246474],[-46.7462283,-23.6245282],[-46.7462835,-23.6244632],[-46.7463781,-23.6243982],[-46.7464845,-23.624326],[-46.7465436,-23.6242321],[-46.7466146,-23.6240515],[-46.7466934,-23.6239323],[-46.746792,-23.6238131],[-46.7468196,-23.6237012],[-46.7468736,-23.6235448],[-46.747047,-23.6230501],[-46.7470983,-23.6229345],[-46.7471534,-23.622855],[-46.7471692,-23.6227539],[-46.747185,-23.6226347],[-46.7471968,-23.6225192],[-46.7472756,-23.622335],[-46.7475959,-23.6217326],[-46.7476972,-23.6214434],[-46.747709,-23.621346],[-46.7477139,-23.6213055],[-46.7477139,-23.6211369],[-46.7477975,-23.620713],[-46.7478477,-23.6205751],[-46.7479257,-23.620427],[-46.7480149,-23.6203351],[-46.7481153,-23.6203019],[-46.7482323,-23.6202482],[-46.7482936,-23.6201359],[-46.7483884,-23.6200082],[-46.7485138,-23.6199571],[-46.7486197,-23.6198447],[-46.7487591,-23.6195791],[-46.7488316,-23.6194259],[-46.7488539,-23.6193136],[-46.7488539,-23.6192063],[-46.7489709,-23.6190224],[-46.7497468,-23.6170725]]],[[[-46.7497468,-23.6170725],[-46.7487135,-23.6169109],[-46.7469699,-23.6158188],[-46.7466868,-23.6156439],[-46.7465855,-23.6155631],[-46.7465071,-23.6154735],[-46.7464268,-23.6152845],[-46.7464352,-23.6151136],[-46.7464068,-23.6150132],[-46.7463183,-23.6149314],[-46.7462308,-23.614893],[-46.7461349,-23.6148847],[-46.7455349,-23.6149466],[-46.7425105,-23.615125],[-46.7422508,-23.6153633],[-46.7418786,-23.6151523],[-46.7416627,-23.6150365],[-46.7413124,-23.615021],[-46.740996,-23.615045],[-46.740882,-23.6151358],[-46.7408569,-23.6150579],[-46.7405408,-23.6153095],[-46.7400843,-23.6155735],[-46.7396079,-23.6158282],[-46.7386296,-23.6162814],[-46.7374435,-23.6168094],[-46.7370033,-23.6170103],[-46.7367142,-23.617095],[-46.7365485,-23.6171051],[-46.7361545,-23.6170583],[-46.7358375,-23.6169925],[-46.7356683,-23.6168936],[-46.7353432,-23.6166067],[-46.7350375,-23.616312],[-46.7346061,-23.6158076],[-46.7341272,-23.6152897],[-46.7339873,-23.615154],[-46.7337766,-23.614943],[-46.7335363,-23.6148339],[-46.7332456,-23.6147907],[-46.732973,-23.6147697],[-46.7324045,-23.6147487],[-46.7320702,-23.6147937],[-46.7314597,-23.6149584],[-46.7312665,-23.6144831],[-46.7310651,-23.6141588],[-46.7309358,-23.6139145],[-46.7307514,-23.6137104],[-46.7304729,-23.6134728],[-46.7302333,-23.6132822],[-46.7296403,-23.6128833],[-46.7289891,-23.6124451],[-46.728537,-23.6121202],[-46.7284043,-23.6120169],[-46.7280878,-23.6116907],[-46.7279409,-23.6115063]]],[[[-46.7279409,-23.6115063],[-46.7259331,-23.6117124],[-46.723905,-23.6119029],[-46.7231328,-23.6120015],[-46.7227336,-23.6120335],[-46.7222054,-23.6120602],[-46.7217644,-23.6120772],[-46.7213774,-23.6120328],[-46.7211646,-23.6120117],[-46.7209011,-23.6119244],[-46.7201079,-23.6114717],[-46.7199053,-23.6113894],[-46.7196503,-23.6113337],[-46.7193857,-23.6113079],[-46.7192341,-23.6112947],[-46.7189138,-23.6112911],[-46.7186693,-23.6113108],[-46.7184388,-23.6113628],[-46.7179958,-23.6115263],[-46.7177919,-23.6115997],[-46.7175292,-23.6117421],[-46.7173467,-23.6118593],[-46.716549,-23.6127033],[-46.7156446,-23.6134294],[-46.7152645,-23.6137963],[-46.7151162,-23.6138825],[-46.7149782,-23.6139392],[-46.7148967,-23.6139563],[-46.7146854,-23.6139598],[-46.7145522,-23.6139045],[-46.7144701,-23.6138633],[-46.7144022,-23.6138484],[-46.7142764,-23.6138086],[-46.7141356,-23.613825],[-46.7140204,-23.6139107],[-46.7140165,-23.6141371],[-46.7138998,-23.6144519],[-46.7136934,-23.6148557],[-46.7134609,-23.6151981],[-46.7130694,-23.6157547],[-46.7127305,-23.616228],[-46.7125746,-23.6164454],[-46.7125447,-23.6164862],[-46.7123266,-23.6166699],[-46.7121803,-23.6167252],[-46.7118453,-23.6167978],[-46.7094798,-23.6170254],[-46.7092462,-23.6170479],[-46.7082244,-23.617187],[-46.7074203,-23.6172905],[-46.7061106,-23.6174412],[-46.7053612,-23.6174411],[-46.704613,-23.6175021],[-46.7040435,-23.6175872],[-46.7034665,-23.6176373],[-46.7028546,-23.6178082],[-46.702601,-23.6179665],[-46.7024644,-23.6181121],[-46.7023641,-23.6182577],[-46.7022721,-23.6184926],[-46.7021968,-23.618748],[-46.7021049,-23.6190161],[-46.7019404,-23.6193277],[-46.7016645,-23.6196239],[-46.7012476,-23.6199242]]]]},"properties":{"name":"Vila Andrade","admin_level":"9"}},{"type":"Feature","geometry":{"type":"MultiPolygon","coordinates":[[[[-46.7118784,-23.7686426],[-46.7122194,-23.7686198],[-46.7123279,-23.7686121]]],[[[-46.7118784,-23.7686426],[-46.7118888,-23.7680704],[-46.7118819,-23.7656131],[-46.711879,-23.7654484],[-46.711854,-23.764569],[-46.711839,-23.763689],[-46.711818,-23.761551],[-46.711775,-23.760961],[-46.711712,-23.760508],[-46.711646,-23.760147],[-46.71157,-23.759832],[-46.711494,-23.759576],[-46.71128,-23.758982],[-46.710819,-23.757904],[-46.710454,-23.757058],[-46.709614,-23.755095],[-46.707862,-23.751303],[-46.706578,-23.748572],[-46.706326,-23.748022],[-46.706055,-23.747542],[-46.705879,-23.747283],[-46.7056624,-23.7470024],[-46.705632,-23.746963],[-46.705343,-23.746601],[-46.705087,-23.7462908],[-46.704501,-23.745581],[-46.70439,-23.745444],[-46.704095,-23.745089],[-46.7031997,-23.7440008],[-46.7025344,-23.7431938],[-46.7021906,-23.7427769],[-46.70044,-23.740655],[-46.6990911,-23.7390526],[-46.6985169,-23.7383706],[-46.6962428,-23.7355629],[-46.695854,-23.7350927],[-46.693041,-23.731681],[-46.692689,-23.731187],[-46.692466,-23.730845],[-46.692263,-23.730474],[-46.691816,-23.729469],[-46.691587,-23.728659],[-46.691484,-23.728057],[-46.691446,-23.727596],[-46.691438,-23.727237],[-46.691434,-23.726915],[-46.691481,-23.726044],[-46.690707,-23.726734],[-46.690309,-23.727077],[-46.689642,-23.727647],[-46.689247,-23.727987],[-46.689157,-23.728143],[-46.688834,-23.728869],[-46.688759,-23.72909],[-46.688678,-23.729408],[-46.688587,-23.72973],[-46.688525,-23.729857],[-46.688355,-23.730154],[-46.688027,-23.730655],[-46.687947,-23.73083],[-46.68795,-23.730979],[-46.688021,-23.731218],[-46.688096,-23.731374],[-46.688138,-23.731597],[-46.688192,-23.731766],[-46.688234,-23.731864],[-46.688256,-23.731979],[-46.688389,-23.732335],[-46.688545,-23.732795],[-46.688634,-23.733031],[-46.688671,-23.733203],[-46.688748,-23.734316],[-46.688771,-23.734784],[-46.688786,-23.73483],[-46.688786,-23.73487],[-46.688602,-23.735527],[-46.688293,-23.73645],[-46.688188,-23.736776],[-46.688065,-23.737093],[-46.6879,-23.737225],[-46.68778,-23.737354],[-46.687299,-23.737841],[-46.686681,-23.738023],[-46.686441,-23.738177],[-46.686099,-23.738011],[-46.685648,-23.737738],[-46.685221,-23.737476],[-46.685043,-23.737357],[-46.684857,-23.737199],[-46.684356,-23.736815],[-46.6842293,-23.7367331],[-46.6841105,-23.7366457],[-46.684022,-23.736429],[-46.683933,-23.736266],[-46.683769,-23.736105],[-46.683448,-23.735668],[-46.683342,-23.735516],[-46.683208,-23.735256],[-46.683171,-23.735138],[-46.683095,-23.734855],[-46.683043,-23.73457],[-46.683023,-23.734308],[-46.683012,-23.733982],[-46.682893,-23.733992],[-46.682745,-23.733963],[-46.682688,-23.73394],[-46.682653,-23.733914],[-46.682539,-23.7337218],[-46.682393,-23.733583],[-46.68222,-23.733415],[-46.681946,-23.733128],[-46.681717,-23.732935],[-46.681552,-23.732821],[-46.681268,-23.732639],[-46.681196,-23.732578],[-46.681109,-23.732455],[-46.681056,-23.732344],[-46.68102,-23.732123],[-46.681007,-23.732101],[-46.680991,-23.732092],[-46.680974,-23.732097],[-46.680878,-23.732189],[-46.680848,-23.732199],[-46.68081,-23.732192],[-46.680776,-23.732175],[-46.680755,-23.732145],[-46.680706,-23.731895],[-46.680694,-23.73186],[-46.680665,-23.73183],[-46.680615,-23.731817],[-46.680514,-23.731814],[-46.680346,-23.731849],[-46.680048,-23.731889],[-46.679963,-23.731888],[-46.679813,-23.731861],[-46.67972,-23.73181],[-46.679661,-23.731789],[-46.679464,-23.731747],[-46.679331,-23.731707],[-46.679212,-23.731652],[-46.679132,-23.731526],[-46.679077,-23.731472],[-46.679039,-23.731453],[-46.678963,-23.731447],[-46.678859,-23.731457],[-46.678811,-23.731445],[-46.678756,-23.731402],[-46.678675,-23.731313],[-46.678624,-23.731275],[-46.678539,-23.731243],[-46.678315,-23.731175],[-46.678054,-23.731106],[-46.677864,-23.731043],[-46.677764,-23.73099],[-46.677606,-23.730858],[-46.677462,-23.730757],[-46.677367,-23.730713],[-46.677253,-23.730703],[-46.67709,-23.730698],[-46.677,-23.730673],[-46.676807,-23.730586],[-46.676678,-23.730513],[-46.676472,-23.730341],[-46.675826,-23.729825],[-46.675478,-23.729611],[-46.674902,-23.729351],[-46.674345,-23.729187],[-46.673971,-23.72913],[-46.6734776,-23.7291155],[-46.672654,-23.729083],[-46.671673,-23.729033],[-46.671132,-23.728943],[-46.670751,-23.728816],[-46.670398,-23.728611],[-46.670111,-23.728343],[-46.669714,-23.727703],[-46.667747,-23.724175],[-46.665918,-23.721815],[-46.6637016,-23.7192719]]],[[[-46.6637016,-23.7192719],[-46.6660454,-23.7178034],[-46.6677884,-23.7161385],[-46.6686378,-23.7147315],[-46.6693156,-23.7131672],[-46.6697715,-23.7114409],[-46.669884,-23.7095574],[-46.6700339,-23.7086218],[-46.6707747,-23.706278],[-46.670984,-23.7058081],[-46.6716233,-23.7046464],[-46.6724759,-23.7037683],[-46.6738372,-23.7031783],[-46.6741844,-23.7030617]]],[[[-46.6741844,-23.7030617],[-46.6745523,-23.702975]]],[[[-46.6745523,-23.702975],[-46.6755457,-23.702806],[-46.6779805,-23.7024564],[-46.6790641,-23.7022992],[-46.6797441,-23.7021439],[-46.6821326,-23.7013905],[-46.6826673,-23.7012144],[-46.6829206,-23.701131],[-46.6844134,-23.7005357],[-46.6858649,-23.6999024]]],[[[-46.6858649,-23.6999024],[-46.6869578,-23.6993201],[-46.6873897,-23.6990082],[-46.6878886,-23.6986397],[-46.688299,-23.6983131],[-46.6887094,-23.6979177],[-46.6888516,-23.6977574],[-46.6891493,-23.6974216],[-46.689852,-23.6964294],[-46.6917239,-23.6935233],[-46.6924038,-23.6924677],[-46.693709,-23.6904413],[-46.6955683,-23.6874777]]],[[[-46.7012414,-23.7006947],[-46.7007468,-23.6988045],[-46.7006727,-23.6985329],[-46.7005837,-23.6981711],[-46.7004658,-23.6976967],[-46.7004384,-23.6975943],[-46.7004305,-23.6975674],[-46.7003711,-23.6973405],[-46.7002992,-23.697066],[-46.70011,-23.696433],[-46.700055,-23.696238],[-46.699935,-23.695912],[-46.699814,-23.695629],[-46.698799,-23.693583],[-46.698687,-23.693348],[-46.69862,-23.693182],[-46.6985767,-23.6930626],[-46.698541,-23.692964],[-46.6980148,-23.6908893],[-46.6975648,-23.6894141],[-46.6974211,-23.6890135],[-46.6972843,-23.6887469],[-46.6971251,-23.6885251],[-46.6968505,-23.6882199],[-46.6965968,-23.688018],[-46.69648,-23.687926],[-46.6955683,-23.6874777]]],[[[-46.722265,-23.710921],[-46.720398,-23.710568],[-46.717529,-23.709867],[-46.712438,-23.708164],[-46.712368,-23.708141],[-46.709099,-23.706791],[-46.709017,-23.706755],[-46.708859,-23.706699],[-46.708733,-23.706646],[-46.708528,-23.706567],[-46.708149,-23.70641],[-46.707966,-23.706316],[-46.707763,-23.706188],[-46.707474,-23.705992],[-46.707262,-23.705809],[-46.7071,-23.705642],[-46.706921,-23.705441],[-46.706878,-23.705381],[-46.706794,-23.705313],[-46.705919,-23.705357],[-46.705715,-23.70536],[-46.7051,-23.705312],[-46.704848,-23.70528],[-46.704735,-23.70527],[-46.704434,-23.705263],[-46.704289,-23.705232],[-46.703987,-23.705206],[-46.703798,-23.705195],[-46.703525,-23.705198],[-46.703263,-23.705215],[-46.703109,-23.705233],[-46.702826,-23.705281],[-46.702477,-23.705346],[-46.7024684,-23.7053125],[-46.702392,-23.705014],[-46.702367,-23.704904],[-46.7021541,-23.7040675],[-46.701518,-23.70174],[-46.7014145,-23.7013681],[-46.7012414,-23.7006947]]],[[[-46.72831,-23.726584],[-46.727799,-23.720026],[-46.727205,-23.718044],[-46.726545,-23.716796],[-46.725463,-23.715204],[-46.724207,-23.713606],[-46.723344,-23.712507],[-46.722265,-23.710921]]],[[[-46.729693,-23.740136],[-46.728925,-23.739325],[-46.728593,-23.738596],[-46.728334,-23.737588],[-46.728272,-23.735784],[-46.728529,-23.729399],[-46.72831,-23.726584]]],[[[-46.725288,-23.766066],[-46.725265,-23.765974],[-46.72527,-23.765951],[-46.725296,-23.765924],[-46.725359,-23.765886],[-46.725407,-23.765844],[-46.72545,-23.765785],[-46.72556,-23.765563],[-46.7255985,-23.7654389],[-46.725645,-23.76539],[-46.725744,-23.765358],[-46.725843,-23.765225],[-46.725924,-23.765159],[-46.72594,-23.765127],[-46.725938,-23.765074],[-46.725922,-23.765043],[-46.725828,-23.76498],[-46.725806,-23.76495],[-46.725757,-23.764788],[-46.725709,-23.764682],[-46.725662,-23.764606],[-46.725616,-23.764555],[-46.725569,-23.764525],[-46.725405,-23.764445],[-46.725302,-23.764362],[-46.725222,-23.764266],[-46.725134,-23.764222],[-46.725054,-23.764196],[-46.724978,-23.76419],[-46.724737,-23.764209],[-46.724621,-23.764213],[-46.724561,-23.764199],[-46.724527,-23.764179],[-46.724515,-23.764163],[-46.724509,-23.764119],[-46.724524,-23.764065],[-46.724652,-23.763894],[-46.724689,-23.76383],[-46.724695,-23.763801],[-46.724689,-23.763778],[-46.724673,-23.763754],[-46.724644,-23.763738],[-46.724544,-23.763714],[-46.724497,-23.763689],[-46.724481,-23.763664],[-46.724478,-23.763638],[-46.724492,-23.763608],[-46.724543,-23.763574],[-46.724658,-23.763521],[-46.724705,-23.763512],[-46.724876,-23.763515],[-46.724904,-23.763509],[-46.724919,-23.763492],[-46.724921,-23.763469],[-46.724809,-23.763318],[-46.724741,-23.763181],[-46.72472,-23.763112],[-46.724717,-23.763075],[-46.724726,-23.763034],[-46.724744,-23.763016],[-46.72478,-23.763008],[-46.724961,-23.763066],[-46.725058,-23.763086],[-46.725085,-23.763079],[-46.725127,-23.763057],[-46.725162,-23.763026],[-46.725192,-23.762976],[-46.725203,-23.762941],[-46.725206,-23.762718],[-46.725233,-23.762566],[-46.725233,-23.762498],[-46.725224,-23.762452],[-46.725201,-23.762402],[-46.725118,-23.762282],[-46.725053,-23.762109],[-46.725034,-23.762044],[-46.725032,-23.762022],[-46.725041,-23.761988],[-46.725082,-23.761919],[-46.725088,-23.761889],[-46.725091,-23.761713],[-46.725111,-23.761634],[-46.72511,-23.761607],[-46.725092,-23.761581],[-46.725027,-23.761528],[-46.725013,-23.761509],[-46.725009,-23.761484],[-46.725013,-23.761461],[-46.725026,-23.761444],[-46.725052,-23.761426],[-46.725301,-23.761356],[-46.72536,-23.761327],[-46.725369,-23.761298],[-46.725361,-23.761272],[-46.725306,-23.761238],[-46.725038,-23.761162],[-46.724976,-23.761126],[-46.724935,-23.761063],[-46.724932,-23.76102],[-46.724943,-23.760993],[-46.724967,-23.760978],[-46.725014,-23.760971],[-46.725099,-23.760985],[-46.725292,-23.761079],[-46.725359,-23.761087],[-46.725444,-23.761058],[-46.725476,-23.761025],[-46.725492,-23.760965],[-46.725477,-23.7609],[-46.7251438,-23.7603921],[-46.724974,-23.760127],[-46.724822,-23.759714],[-46.72479,-23.759409],[-46.72485,-23.758973],[-46.72506,-23.758336],[-46.725467,-23.757634],[-46.72571,-23.757361],[-46.726995,-23.75637],[-46.727285,-23.756106],[-46.727452,-23.755868],[-46.727515,-23.75558],[-46.727548,-23.755283],[-46.727518,-23.755126],[-46.72739,-23.754788],[-46.7271,-23.754338],[-46.726856,-23.753774],[-46.726833,-23.753495],[-46.726874,-23.752963],[-46.726988,-23.752316],[-46.727394,-23.750734],[-46.727537,-23.749365],[-46.727574,-23.747848],[-46.727854,-23.746119],[-46.728436,-23.744316],[-46.7294892,-23.7410002],[-46.729693,-23.740136]]],[[[-46.7179223,-23.7655252],[-46.718045,-23.7654289],[-46.7181091,-23.7653909],[-46.7182081,-23.7653374],[-46.7182698,-23.765318],[-46.7183147,-23.7653292],[-46.71835,-23.7653379],[-46.7183831,-23.7653571],[-46.7184201,-23.765384],[-46.7184402,-23.7654249],[-46.7184444,-23.765482],[-46.7184468,-23.7655142],[-46.7184632,-23.7655953],[-46.71847,-23.765636],[-46.7184449,-23.7656906],[-46.7184429,-23.7657212],[-46.7184562,-23.7657503],[-46.7184879,-23.7657789],[-46.7185357,-23.7658111],[-46.7185971,-23.7658357],[-46.7186288,-23.7658423],[-46.7186643,-23.7658497],[-46.718767,-23.7658705],[-46.718917,-23.765872],[-46.7190088,-23.7658906],[-46.719174,-23.765924],[-46.719285,-23.765923],[-46.7194402,-23.7659689],[-46.719534,-23.7659546],[-46.7196352,-23.7659392],[-46.7196995,-23.7658864],[-46.7198095,-23.7658618],[-46.7198566,-23.7658475],[-46.7199933,-23.7658413],[-46.7200542,-23.7658309],[-46.7201454,-23.7658342],[-46.7202068,-23.7658454],[-46.720258,-23.765866],[-46.720369,-23.7659376],[-46.72043,-23.765977],[-46.720522,-23.765996],[-46.720681,-23.765994],[-46.720929,-23.765939],[-46.7215,-23.765926],[-46.721717,-23.765904],[-46.72181,-23.765903],[-46.7219,-23.765922],[-46.722114,-23.765996],[-46.722233,-23.766029],[-46.722415,-23.766025],[-46.722547,-23.765995],[-46.722618,-23.76599],[-46.722744,-23.766008],[-46.722896,-23.76605],[-46.723191,-23.766151],[-46.723291,-23.766201],[-46.723379,-23.766208],[-46.723421,-23.766199],[-46.723543,-23.766106],[-46.723644,-23.766018],[-46.723696,-23.765998],[-46.723842,-23.765959],[-46.723981,-23.765912],[-46.724015,-23.765916],[-46.724176,-23.765984],[-46.724264,-23.765987],[-46.724448,-23.765939],[-46.724505,-23.765941],[-46.724747,-23.765988],[-46.724894,-23.766058],[-46.725047,-23.766146],[-46.725089,-23.766159],[-46.725133,-23.766151],[-46.725234,-23.766088],[-46.725288,-23.766066]]],[[[-46.7177714,-23.7656306],[-46.7179223,-23.7655252]]],[[[-46.7172022,-23.7658523],[-46.7172605,-23.7658421],[-46.7173325,-23.7658276],[-46.7174208,-23.7658086],[-46.7175,-23.7657813],[-46.7175705,-23.7657465],[-46.7176492,-23.7657072],[-46.717721,-23.7656663],[-46.7177714,-23.7656306]]],[[[-46.7168417,-23.7659073],[-46.7172022,-23.7658523]]],[[[-46.7165626,-23.7659433],[-46.7166944,-23.7659245],[-46.7168417,-23.7659073]]],[[[-46.716408,-23.7659588],[-46.7165626,-23.7659433]]],[[[-46.7123279,-23.7686121],[-46.7123953,-23.7685951],[-46.7124397,-23.7685506],[-46.7124985,-23.7684851],[-46.7125556,-23.7683126],[-46.7125789,-23.7681755],[-46.7126169,-23.7679661],[-46.7126222,-23.7678201],[-46.7126301,-23.7677551],[-46.7126727,-23.7675983],[-46.7127031,-23.7675073],[-46.7127409,-23.7674362],[-46.7127909,-23.7673436],[-46.7128438,-23.7672683],[-46.7129189,-23.7671962],[-46.7132261,-23.7669367],[-46.7133068,-23.7668738],[-46.7135109,-23.7666867],[-46.7137262,-23.7665196],[-46.7138612,-23.7664149],[-46.7139615,-23.7663622],[-46.7140301,-23.766331],[-46.7140928,-23.7663088],[-46.7141147,-23.766301],[-46.7142125,-23.7662664],[-46.7142575,-23.7662584],[-46.7143705,-23.7662385],[-46.7144391,-23.7662375],[-46.7146409,-23.7662347],[-46.7146787,-23.7662342],[-46.7147592,-23.7662304],[-46.7148929,-23.7662243],[-46.7149759,-23.7661979],[-46.7151081,-23.766156],[-46.7152343,-23.7661285],[-46.7153663,-23.7660895],[-46.7154154,-23.766081],[-46.7155377,-23.7660598],[-46.7156612,-23.7660359],[-46.715694,-23.766032],[-46.7158848,-23.766008],[-46.7160686,-23.7659913],[-46.7162455,-23.7659751],[-46.716408,-23.7659588]]]]},"properties":{"name":"Cidade Dutra","admin_level":"9"}},{"type":"Feature","geometry":{"type":"MultiPolygon","coordinates":[[[[-46.693699,-23.848804],[-46.693609,-23.848848],[-46.6935721,-23.8489034],[-46.693537,-23.848956],[-46.693412,-23.849233],[-46.6933619,-23.8493486],[-46.693288,-23.849519],[-46.69315,-23.849775],[-46.693057,-23.84992],[-46.692994,-23.849986],[-46.69289,-23.850077],[-46.692536,-23.850323],[-46.692381,-23.850472],[-46.692253,-23.850629],[-46.692034,-23.850949],[-46.691948,-23.851035],[-46.691875,-23.851091],[-46.691669,-23.85128],[-46.691451,-23.851496],[-46.691346,-23.851565],[-46.691214,-23.851617],[-46.690714,-23.851657],[-46.690579,-23.851685],[-46.690419,-23.851736],[-46.690353,-23.851781],[-46.690347,-23.851842],[-46.690305,-23.851895],[-46.690234,-23.851917],[-46.689931,-23.851949],[-46.689839,-23.851974],[-46.689655,-23.852043],[-46.68952,-23.852054],[-46.689319,-23.852047],[-46.689048,-23.851982],[-46.688719,-23.85186],[-46.688579,-23.851818],[-46.688486,-23.851812],[-46.688314,-23.851838],[-46.688123,-23.851801],[-46.68797,-23.851672],[-46.687664,-23.851459],[-46.687535,-23.851384],[-46.687447,-23.851342],[-46.6873,-23.851315],[-46.687196,-23.851331],[-46.687054,-23.851396],[-46.686957,-23.851434],[-46.686877,-23.851433],[-46.686796,-23.851412],[-46.686748,-23.851371],[-46.6866775,-23.8512456]]],[[[-46.693699,-23.848804],[-46.6941112,-23.848746]]],[[[-46.6941112,-23.848746],[-46.6941302,-23.8485839],[-46.6943,-23.8472221]]],[[[-46.6943,-23.8472221],[-46.6944341,-23.8462799],[-46.6944976,-23.8459259],[-46.6945338,-23.8457959],[-46.6945915,-23.8455726],[-46.6946988,-23.8452034],[-46.6947819,-23.8449777],[-46.6950327,-23.8444269],[-46.6951641,-23.8441669],[-46.6955061,-23.8435204],[-46.6957717,-23.8429648],[-46.695891,-23.8426998],[-46.6959903,-23.8424839],[-46.6961244,-23.8421282],[-46.6961579,-23.8420178],[-46.6961686,-23.8419074],[-46.6961901,-23.8416854],[-46.6962773,-23.8411125],[-46.6963094,-23.8406237],[-46.6963376,-23.8402937],[-46.6963678,-23.8401343],[-46.6963692,-23.8400895],[-46.696364,-23.8400397]]],[[[-46.6964107,-23.8392728],[-46.696364,-23.8400397]]],[[[-46.6964362,-23.8389677],[-46.6964107,-23.8392728]]],[[[-46.6975325,-23.8318533],[-46.6972938,-23.8325611],[-46.6971155,-23.8330923],[-46.6970377,-23.8333389],[-46.6969693,-23.8335646],[-46.6968888,-23.8338051],[-46.6968325,-23.8339952],[-46.6967822,-23.8342148],[-46.6967641,-23.8342933],[-46.6967542,-23.8343954],[-46.6966715,-23.8354023],[-46.696634,-23.8358758],[-46.6965924,-23.8366081],[-46.6965643,-23.8371405],[-46.6965488,-23.8373061],[-46.6965287,-23.8375508],[-46.6964992,-23.8378342],[-46.696457,-23.8383329],[-46.6964362,-23.8389677]]],[[[-46.7018572,-23.8216521],[-46.7017265,-23.8220722],[-46.7014672,-23.8227697],[-46.701096,-23.8235862],[-46.700835,-23.824104],[-46.6995172,-23.8265452],[-46.6995001,-23.826577],[-46.6992457,-23.8271503],[-46.6991683,-23.8272909],[-46.6989337,-23.8278156],[-46.6986648,-23.8284829],[-46.6975325,-23.8318533]]],[[[-46.7018921,-23.8215401],[-46.7018572,-23.8216521]]],[[[-46.7025728,-23.8142337],[-46.7028914,-23.8152675],[-46.7029774,-23.8156603],[-46.7030325,-23.8160385],[-46.703082,-23.8164333],[-46.7031004,-23.8168951],[-46.7030847,-23.8172713],[-46.7030379,-23.8176816],[-46.7029667,-23.8180602],[-46.702849,-23.8184825],[-46.7027801,-23.8187558],[-46.7019575,-23.8213298],[-46.7018921,-23.8215401]]],[[[-46.7013126,-23.8097294],[-46.7017875,-23.8113314],[-46.7021202,-23.8124895],[-46.7022024,-23.8128139],[-46.7023116,-23.8132448],[-46.702448,-23.8137984],[-46.7024947,-23.8139701],[-46.7025728,-23.8142337]]],[[[-46.7013126,-23.8097294],[-46.7012282,-23.8093197],[-46.701166,-23.8090245],[-46.7011464,-23.8089314],[-46.701078,-23.8085867],[-46.7010243,-23.8082714],[-46.7009881,-23.8079904],[-46.7009651,-23.8077307],[-46.7009764,-23.8074645],[-46.7009989,-23.8072082],[-46.70103,-23.8069365],[-46.701083,-23.8066492],[-46.7011124,-23.8064856],[-46.7011335,-23.8063945],[-46.7011904,-23.8061484],[-46.7012443,-23.8059407],[-46.7012898,-23.8057649],[-46.7013439,-23.8055927],[-46.7013985,-23.8054186]]],[[[-46.7013985,-23.8054186],[-46.7016895,-23.8044971]]],[[[-46.7016895,-23.8044971],[-46.7018673,-23.803991],[-46.7018961,-23.8039091]]],[[[-46.7018961,-23.8039091],[-46.7019066,-23.8038793]]],[[[-46.7022298,-23.8029379],[-46.702082,-23.8033685],[-46.7019204,-23.8038392],[-46.7019066,-23.8038793]]],[[[-46.7031082,-23.8005622],[-46.7022298,-23.8029379]]],[[[-46.7038438,-23.798669],[-46.7031082,-23.8005622]]],[[[-46.7076079,-23.788244],[-46.7074833,-23.7886344],[-46.7074272,-23.7888104],[-46.7073073,-23.7891702],[-46.7068211,-23.790598],[-46.7064875,-23.7914298],[-46.7061133,-23.7924378],[-46.7053175,-23.7945814],[-46.7050365,-23.7954051],[-46.7049391,-23.7956925],[-46.7048991,-23.7958106],[-46.7045943,-23.7967104],[-46.7042003,-23.7977597],[-46.7038438,-23.798669]]],[[[-46.7106649,-23.7797841],[-46.7101539,-23.7812291],[-46.7100214,-23.7815932],[-46.709066,-23.7842471],[-46.7087901,-23.7849677],[-46.7083229,-23.7862578],[-46.7080736,-23.7869385],[-46.7077534,-23.7878183],[-46.7076079,-23.788244]]],[[[-46.711561,-23.7772772],[-46.7114821,-23.777498],[-46.7107903,-23.7794336],[-46.7106649,-23.7797841]]],[[[-46.711561,-23.7772772],[-46.711567,-23.7772254],[-46.7117751,-23.7766563],[-46.7118427,-23.7764675],[-46.7118955,-23.7762691],[-46.7119308,-23.7760841],[-46.7119519,-23.775873],[-46.7119558,-23.7755701],[-46.7118987,-23.7715123],[-46.7118784,-23.7686426]]],[[[-46.7118784,-23.7686426],[-46.7118888,-23.7680704],[-46.7118819,-23.7656131],[-46.711879,-23.7654484],[-46.711854,-23.764569],[-46.711839,-23.763689],[-46.711818,-23.761551],[-46.711775,-23.760961],[-46.711712,-23.760508],[-46.711646,-23.760147],[-46.71157,-23.759832],[-46.711494,-23.759576],[-46.71128,-23.758982],[-46.710819,-23.757904],[-46.710454,-23.757058],[-46.709614,-23.755095],[-46.707862,-23.751303],[-46.706578,-23.748572],[-46.706326,-23.748022],[-46.706055,-23.747542],[-46.705879,-23.747283],[-46.7056624,-23.7470024],[-46.705632,-23.746963],[-46.705343,-23.746601],[-46.705087,-23.7462908],[-46.704501,-23.745581],[-46.70439,-23.745444],[-46.704095,-23.745089],[-46.7031997,-23.7440008],[-46.7025344,-23.7431938],[-46.7021906,-23.7427769],[-46.70044,-23.740655],[-46.6990911,-23.7390526],[-46.6985169,-23.7383706],[-46.6962428,-23.7355629],[-46.695854,-23.7350927],[-46.693041,-23.731681],[-46.692689,-23.731187],[-46.692466,-23.730845],[-46.692263,-23.730474],[-46.691816,-23.729469],[-46.691587,-23.728659],[-46.691484,-23.728057],[-46.691446,-23.727596],[-46.691438,-23.727237],[-46.691434,-23.726915],[-46.691481,-23.726044],[-46.690707,-23.726734],[-46.690309,-23.727077],[-46.689642,-23.727647],[-46.689247,-23.727987],[-46.689157,-23.728143],[-46.688834,-23.728869],[-46.688759,-23.72909],[-46.688678,-23.729408],[-46.688587,-23.72973],[-46.688525,-23.729857],[-46.688355,-23.730154],[-46.688027,-23.730655],[-46.687947,-23.73083],[-46.68795,-23.730979],[-46.688021,-23.731218],[-46.688096,-23.731374],[-46.688138,-23.731597],[-46.688192,-23.731766],[-46.688234,-23.731864],[-46.688256,-23.731979],[-46.688389,-23.732335],[-46.688545,-23.732795],[-46.688634,-23.733031],[-46.688671,-23.733203],[-46.688748,-23.734316],[-46.688771,-23.734784],[-46.688786,-23.73483],[-46.688786,-23.73487],[-46.688602,-23.735527],[-46.688293,-23.73645],[-46.688188,-23.736776],[-46.688065,-23.737093],[-46.6879,-23.737225],[-46.68778,-23.737354],[-46.687299,-23.737841],[-46.686681,-23.738023],[-46.686441,-23.738177],[-46.686099,-23.738011],[-46.685648,-23.737738],[-46.685221,-23.737476],[-46.685043,-23.737357],[-46.684857,-23.737199],[-46.684356,-23.736815],[-46.6842293,-23.7367331],[-46.6841105,-23.7366457],[-46.684022,-23.736429],[-46.683933,-23.736266],[-46.683769,-23.736105],[-46.683448,-23.735668],[-46.683342,-23.735516],[-46.683208,-23.735256],[-46.683171,-23.735138],[-46.683095,-23.734855],[-46.683043,-23.73457],[-46.683023,-23.734308],[-46.683012,-23.733982],[-46.682893,-23.733992],[-46.682745,-23.733963],[-46.682688,-23.73394],[-46.682653,-23.733914],[-46.682539,-23.7337218],[-46.682393,-23.733583],[-46.68222,-23.733415],[-46.681946,-23.733128],[-46.681717,-23.732935],[-46.681552,-23.732821],[-46.681268,-23.732639],[-46.681196,-23.732578],[-46.681109,-23.732455],[-46.681056,-23.732344],[-46.68102,-23.732123],[-46.681007,-23.732101],[-46.680991,-23.732092],[-46.680974,-23.732097],[-46.680878,-23.732189],[-46.680848,-23.732199],[-46.68081,-23.732192],[-46.680776,-23.732175],[-46.680755,-23.732145],[-46.680706,-23.731895],[-46.680694,-23.73186],[-46.680665,-23.73183],[-46.680615,-23.731817],[-46.680514,-23.731814],[-46.680346,-23.731849],[-46.680048,-23.731889],[-46.679963,-23.731888],[-46.679813,-23.731861],[-46.67972,-23.73181],[-46.679661,-23.731789],[-46.679464,-23.731747],[-46.679331,-23.731707],[-46.679212,-23.731652],[-46.679132,-23.731526],[-46.679077,-23.731472],[-46.679039,-23.731453],[-46.678963,-23.731447],[-46.678859,-23.731457],[-46.678811,-23.731445],[-46.678756,-23.731402],[-46.678675,-23.731313],[-46.678624,-23.731275],[-46.678539,-23.731243],[-46.678315,-23.731175],[-46.678054,-23.731106],[-46.677864,-23.731043],[-46.677764,-23.73099],[-46.677606,-23.730858],[-46.677462,-23.730757],[-46.677367,-23.730713],[-46.677253,-23.730703],[-46.67709,-23.730698],[-46.677,-23.730673],[-46.676807,-23.730586],[-46.676678,-23.730513],[-46.676472,-23.730341],[-46.675826,-23.729825],[-46.675478,-23.729611],[-46.674902,-23.729351],[-46.674345,-23.729187],[-46.673971,-23.72913],[-46.6734776,-23.7291155],[-46.672654,-23.729083],[-46.671673,-23.729033],[-46.671132,-23.728943],[-46.670751,-23.728816],[-46.670398,-23.728611],[-46.670111,-23.728343],[-46.669714,-23.727703],[-46.667747,-23.724175],[-46.665918,-23.721815],[-46.6637016,-23.7192719]]],[[[-46.6520805,-23.7308183],[-46.6548253,-23.7272051],[-46.6557495,-23.7255968],[-46.6570454,-23.7219442],[-46.658158,-23.7210063],[-46.6589211,-23.7205785],[-46.6615997,-23.7201137],[-46.6637016,-23.7192719]]],[[[-46.645566,-23.7571772],[-46.6463292,-23.7558495],[-46.64693,-23.7537186],[-46.6473806,-23.7503601],[-46.6475995,-23.7491802],[-46.6485072,-23.740294],[-46.6520805,-23.7308183]]],[[[-46.623007,-23.7851904],[-46.6235255,-23.7838975],[-46.6240411,-23.7829499],[-46.6255004,-23.7810651],[-46.6296605,-23.7761628],[-46.6351806,-23.7693761],[-46.6425726,-23.7607092],[-46.645566,-23.7571772]]],[[[-46.6338724,-23.8386672],[-46.6337421,-23.8376038],[-46.6339075,-23.8340887],[-46.6339329,-23.8319773],[-46.633789,-23.8309584],[-46.6339104,-23.8287491],[-46.6321775,-23.8266854],[-46.6308857,-23.825244],[-46.6291113,-23.8231389],[-46.6265182,-23.8199617],[-46.624234,-23.8166321],[-46.6246405,-23.8130274],[-46.6250911,-23.8065012],[-46.6229239,-23.800063],[-46.623007,-23.7851904]]],[[[-46.6812652,-23.8472111],[-46.6811852,-23.8471291],[-46.6809552,-23.8469531],[-46.680703,-23.846785],[-46.680007,-23.846474],[-46.679574,-23.846335],[-46.67926,-23.846286],[-46.678971,-23.846276],[-46.678484,-23.846325],[-46.677587,-23.846627],[-46.677067,-23.846759],[-46.676717,-23.846776],[-46.676442,-23.846761],[-46.676104,-23.846704],[-46.675125,-23.846431],[-46.673543,-23.846139],[-46.673021,-23.846114],[-46.672064,-23.846142],[-46.670321,-23.846248],[-46.668959,-23.846437],[-46.668581,-23.846572],[-46.668195,-23.846751],[-46.6677591,-23.8470666],[-46.666166,-23.84822],[-46.665375,-23.848621],[-46.664772,-23.848872],[-46.66326,-23.84928],[-46.660355,-23.849669],[-46.659512,-23.849739],[-46.658934,-23.849763],[-46.658517,-23.849724],[-46.657823,-23.849627],[-46.657348,-23.849475],[-46.6567,-23.849238],[-46.654886,-23.848202],[-46.652106,-23.845738],[-46.649214,-23.84345],[-46.646081,-23.841565],[-46.643163,-23.840149],[-46.6417248,-23.8397737],[-46.6402478,-23.8394483],[-46.6388656,-23.8392426],[-46.6367676,-23.8389936],[-46.6338724,-23.8386672]]],[[[-46.6866775,-23.8512456],[-46.686665,-23.851177],[-46.686695,-23.851116],[-46.686839,-23.85104],[-46.686871,-23.851007],[-46.686901,-23.850898],[-46.686956,-23.850806],[-46.686979,-23.850731],[-46.686972,-23.850703],[-46.686955,-23.850697],[-46.686804,-23.850707],[-46.686763,-23.850699],[-46.686751,-23.850675],[-46.686814,-23.850569],[-46.68682,-23.850524],[-46.686796,-23.85048],[-46.68675,-23.850452],[-46.686615,-23.850417],[-46.686479,-23.85037],[-46.686393,-23.850317],[-46.686309,-23.850218],[-46.686149,-23.849964],[-46.686068,-23.849876],[-46.685872,-23.849806],[-46.685791,-23.849763],[-46.685788,-23.84972],[-46.685805,-23.849693],[-46.685837,-23.849663],[-46.685982,-23.84967],[-46.686179,-23.8497],[-46.686236,-23.849693],[-46.68625,-23.849673],[-46.686249,-23.849643],[-46.686223,-23.849617],[-46.686133,-23.849594],[-46.686045,-23.849584],[-46.686007,-23.849565],[-46.685987,-23.849528],[-46.686019,-23.849388],[-46.686004,-23.849351],[-46.685966,-23.849339],[-46.685909,-23.849344],[-46.685777,-23.849402],[-46.685662,-23.84946],[-46.685581,-23.849596],[-46.685555,-23.849613],[-46.685505,-23.84962],[-46.685405,-23.8496],[-46.685157,-23.849639],[-46.685109,-23.849629],[-46.685078,-23.849603],[-46.685086,-23.849499],[-46.685055,-23.84946],[-46.684897,-23.849344],[-46.684857,-23.849342],[-46.684765,-23.849389],[-46.684635,-23.849384],[-46.684455,-23.849407],[-46.684367,-23.849406],[-46.684284,-23.849379],[-46.684016,-23.84939],[-46.683658,-23.849392],[-46.683606,-23.849404],[-46.68355,-23.849428],[-46.683506,-23.849494],[-46.683459,-23.849588],[-46.683431,-23.849617],[-46.683398,-23.849626],[-46.683346,-23.8496],[-46.683226,-23.849495],[-46.683166,-23.849465],[-46.68296,-23.849452],[-46.682905,-23.849442],[-46.682782,-23.849443],[-46.682565,-23.849476],[-46.682532,-23.849498],[-46.682523,-23.849537],[-46.682545,-23.849581],[-46.682638,-23.849669],[-46.682653,-23.849743],[-46.682639,-23.849763],[-46.682583,-23.849798],[-46.682434,-23.849785],[-46.682158,-23.849709],[-46.681923,-23.849703],[-46.681868,-23.849684],[-46.68177,-23.849629],[-46.681736,-23.849546],[-46.681609,-23.848878],[-46.681519,-23.848541],[-46.6814,-23.848122],[-46.681367,-23.847785],[-46.6813287,-23.8473833],[-46.6812982,-23.8472872],[-46.6812652,-23.8472111]]]]},"properties":{"name":"Grajaú","admin_level":"9"}},{"type":"Feature","geometry":{"type":"MultiPolygon","coordinates":[[[[-46.7981568,-23.6966754],[-46.7982458,-23.6966672],[-46.798357,-23.6966473],[-46.7984122,-23.6966308],[-46.7984492,-23.6966136],[-46.7985249,-23.6965744],[-46.7986154,-23.696523],[-46.7987797,-23.6964323],[-46.7989359,-23.6963559],[-46.7990222,-23.696326],[-46.7990772,-23.6963139],[-46.7992168,-23.6962967],[-46.7993517,-23.6962824],[-46.7994702,-23.6962753],[-46.7996775,-23.6962596],[-46.7997579,-23.6962539],[-46.7998385,-23.6962481],[-46.7998999,-23.6962465],[-46.7999395,-23.6962497],[-46.7999959,-23.696256],[-46.8000418,-23.6962665],[-46.8001035,-23.6962812],[-46.8001448,-23.6962958],[-46.8001931,-23.6963129],[-46.8002612,-23.6963433],[-46.8003132,-23.6963659],[-46.8004154,-23.696425],[-46.8005049,-23.6965682],[-46.8005824,-23.6967211],[-46.800636,-23.6968258],[-46.8006876,-23.696905],[-46.8007145,-23.6969361],[-46.8007379,-23.6969563],[-46.8007697,-23.6969757],[-46.8008,-23.6969924],[-46.8008446,-23.6970071],[-46.8008899,-23.6970191],[-46.8010742,-23.6970515],[-46.801294,-23.6970862],[-46.8014188,-23.6971061],[-46.8014073,-23.6974894],[-46.8014064,-23.6978581],[-46.8014108,-23.6978972],[-46.8014222,-23.697991],[-46.8014449,-23.6980745],[-46.80156,-23.6983742],[-46.8015907,-23.6984371],[-46.8016245,-23.6985202],[-46.8015603,-23.6985899],[-46.801238,-23.69894],[-46.801216,-23.6989639],[-46.8007674,-23.6986147],[-46.799607,-23.6991236],[-46.799472,-23.699185],[-46.7992961,-23.69927],[-46.7991593,-23.6993184],[-46.798997,-23.6993426],[-46.7988815,-23.6993522],[-46.7986736,-23.6993683],[-46.7983809,-23.6993968],[-46.7981328,-23.6994177],[-46.7980309,-23.699441],[-46.7979249,-23.6994902],[-46.7977533,-23.6995909],[-46.7975867,-23.6997224],[-46.7975354,-23.6997384],[-46.7974195,-23.6997627],[-46.7972214,-23.699815],[-46.7968378,-23.6999107],[-46.7966336,-23.6999726],[-46.7962748,-23.7000384],[-46.7957961,-23.7001262],[-46.7951048,-23.7002893],[-46.7945973,-23.7004449],[-46.7936642,-23.7007194],[-46.7935731,-23.7007329],[-46.7930155,-23.7008993],[-46.7927926,-23.7009684],[-46.792588,-23.7010325],[-46.7925091,-23.7010649],[-46.7923431,-23.7011737],[-46.7921923,-23.7012948],[-46.7920908,-23.7014119],[-46.7919349,-23.701598],[-46.791953,-23.7017386],[-46.7919718,-23.701859],[-46.7919771,-23.7024324],[-46.7919664,-23.7028598],[-46.7919664,-23.7030341],[-46.7919584,-23.7031459],[-46.7919353,-23.7032915],[-46.7919045,-23.7033559],[-46.7918635,-23.7034514],[-46.7918266,-23.7035657],[-46.7917756,-23.7036873],[-46.7917347,-23.7038207],[-46.7917158,-23.7040069],[-46.7917252,-23.7040882],[-46.7916969,-23.7041499],[-46.7916665,-23.7042209],[-46.791636,-23.7043201],[-46.791617,-23.7044356],[-46.7916162,-23.7045449],[-46.7916259,-23.7046719],[-46.791659,-23.7048291],[-46.7915688,-23.7048341],[-46.791478,-23.7048458],[-46.7914943,-23.7050107],[-46.7915798,-23.7051063],[-46.7916767,-23.7051943],[-46.7917273,-23.7052588],[-46.7917737,-23.705331],[-46.7918074,-23.7054017],[-46.7918361,-23.7054977],[-46.7918974,-23.7056389],[-46.7920118,-23.7058889],[-46.7921267,-23.7061135],[-46.7921833,-23.70626],[-46.7922287,-23.7064418],[-46.7922347,-23.7066102],[-46.7922253,-23.7068249],[-46.7922305,-23.7069901],[-46.7923169,-23.7071132],[-46.7924072,-23.7072255],[-46.7924681,-23.7073578],[-46.7926679,-23.707853],[-46.7927323,-23.7081162],[-46.7927358,-23.7084611],[-46.7927138,-23.7086436],[-46.7926789,-23.7087692],[-46.7926808,-23.7089359],[-46.7927127,-23.7090996],[-46.7927043,-23.7092744],[-46.7927766,-23.7093852],[-46.7928496,-23.7094496],[-46.7929598,-23.7095798],[-46.7930383,-23.7096887],[-46.7930233,-23.7098168],[-46.7930145,-23.7099091],[-46.7930225,-23.7099876],[-46.7930589,-23.7100817],[-46.7931153,-23.7101484],[-46.7932315,-23.7102685],[-46.7932618,-23.7103997],[-46.7932057,-23.7105361],[-46.7930674,-23.7107058],[-46.7929229,-23.7108026],[-46.792739,-23.710814],[-46.7926656,-23.7108278],[-46.7925956,-23.7108543],[-46.7925229,-23.7108947],[-46.7924415,-23.710946],[-46.792417,-23.7109764],[-46.7924062,-23.7110053],[-46.792409,-23.7110563],[-46.7924263,-23.7111394],[-46.7924549,-23.7111958],[-46.7925112,-23.7112458],[-46.7926202,-23.7113111],[-46.7926597,-23.711341],[-46.7926807,-23.7113728],[-46.7926902,-23.711433],[-46.7926968,-23.7115405],[-46.7927325,-23.7116583],[-46.7926589,-23.7118504],[-46.7928117,-23.7123172]]],[[[-46.7981568,-23.6966754],[-46.797431,-23.696719],[-46.797276,-23.696716],[-46.79721,-23.696693],[-46.797139,-23.696643],[-46.796952,-23.696454],[-46.796922,-23.696417],[-46.796684,-23.696075],[-46.796525,-23.69588],[-46.796397,-23.69574],[-46.796205,-23.695585],[-46.796018,-23.695451],[-46.795983,-23.695435],[-46.795915,-23.69542],[-46.795736,-23.695435],[-46.795455,-23.695543],[-46.795343,-23.695577],[-46.795253,-23.69558],[-46.795213,-23.695573],[-46.795082,-23.695516],[-46.794982,-23.695432],[-46.794922,-23.69535],[-46.794891,-23.695278],[-46.794826,-23.695086],[-46.794725,-23.69467],[-46.794655,-23.694428],[-46.794672,-23.694328],[-46.794554,-23.694359],[-46.794367,-23.694437],[-46.794034,-23.694593],[-46.793719,-23.694055],[-46.793612,-23.693854],[-46.793587,-23.693771],[-46.793421,-23.693822],[-46.793335,-23.693864],[-46.792597,-23.694259],[-46.792508,-23.694297],[-46.792425,-23.694311],[-46.792257,-23.694305],[-46.792068,-23.694288],[-46.791906,-23.694281],[-46.791822,-23.694295],[-46.791632,-23.694346],[-46.791335,-23.694439],[-46.791288,-23.694465],[-46.791221,-23.694521],[-46.791113,-23.694552],[-46.791038,-23.69459],[-46.791043,-23.694545],[-46.791161,-23.694338],[-46.791183,-23.694281],[-46.791198,-23.69426],[-46.791539,-23.693999],[-46.791828,-23.693739],[-46.791519,-23.693806],[-46.791127,-23.693875],[-46.790591,-23.694],[-46.790523,-23.694035],[-46.790575,-23.693861],[-46.790751,-23.693415],[-46.7908247,-23.6932928],[-46.7909488,-23.6931325],[-46.791046,-23.692989],[-46.791076,-23.692909],[-46.791091,-23.692827],[-46.79108,-23.692707],[-46.791052,-23.692589],[-46.791003,-23.692478],[-46.790867,-23.692324],[-46.790585,-23.69199],[-46.790113,-23.691351],[-46.789917,-23.691088],[-46.789796,-23.690884],[-46.789722,-23.690773],[-46.78955,-23.690557],[-46.789484,-23.690454],[-46.789443,-23.690374],[-46.789416,-23.690255],[-46.78936,-23.689953],[-46.789356,-23.689873],[-46.789368,-23.689827],[-46.789559,-23.689572],[-46.789835,-23.689158],[-46.78991,-23.689031],[-46.790088,-23.688862],[-46.790158,-23.688718],[-46.790228,-23.688548],[-46.790261,-23.688446],[-46.790269,-23.688311],[-46.790289,-23.688097],[-46.790314,-23.687934],[-46.790362,-23.687789],[-46.790505,-23.687292],[-46.790547,-23.687101],[-46.79059,-23.686988],[-46.790621,-23.68687],[-46.790698,-23.686688],[-46.790844,-23.686243],[-46.790955,-23.685916],[-46.790973,-23.685817],[-46.79095,-23.685681],[-46.7909801,-23.6855525],[-46.790897,-23.6855],[-46.790833,-23.685427],[-46.790749,-23.685229],[-46.79071,-23.685167],[-46.790611,-23.685054],[-46.790474,-23.6849361],[-46.790452,-23.685054],[-46.790427,-23.685243],[-46.790399,-23.685401],[-46.790341,-23.685615],[-46.790258,-23.68583],[-46.790105,-23.686244],[-46.790009,-23.68652],[-46.789956,-23.686682],[-46.789914,-23.686605],[-46.789869,-23.686473],[-46.789801,-23.686169],[-46.789732,-23.685898],[-46.78962,-23.685741],[-46.789479,-23.685628],[-46.789336,-23.685491],[-46.789252,-23.685431],[-46.789116,-23.685371],[-46.789036,-23.685504],[-46.788978,-23.68562],[-46.788931,-23.685769],[-46.788774,-23.685775],[-46.788698,-23.6858],[-46.788485,-23.685894],[-46.788172,-23.686039],[-46.78794,-23.686138],[-46.787411,-23.686371],[-46.786698,-23.686696],[-46.786566,-23.686762],[-46.785891,-23.687128],[-46.785393,-23.687381],[-46.785307,-23.687421],[-46.784831,-23.687678],[-46.784724,-23.687754],[-46.784707,-23.687775],[-46.784693,-23.687806],[-46.784691,-23.687874],[-46.78472,-23.687979],[-46.784837,-23.68834],[-46.784839,-23.688437],[-46.784819,-23.688504],[-46.7846879,-23.6887656],[-46.783621,-23.688481],[-46.782827,-23.688338],[-46.7818656,-23.688132],[-46.7817033,-23.6881028],[-46.781073,-23.688288],[-46.780924,-23.687979],[-46.780763,-23.687668],[-46.780675,-23.687508],[-46.780598,-23.687351],[-46.780405,-23.686985],[-46.780265,-23.686729],[-46.779943,-23.686124],[-46.779727,-23.685712],[-46.779648,-23.685572],[-46.779506,-23.685308],[-46.779263,-23.684866],[-46.778899,-23.684165],[-46.778836,-23.68406],[-46.778607,-23.683647],[-46.778447,-23.683343],[-46.778236,-23.682956],[-46.778131,-23.682771],[-46.777908,-23.682353],[-46.777612,-23.681829],[-46.777327,-23.681315],[-46.777181,-23.68107],[-46.777017,-23.680745],[-46.776922,-23.68057],[-46.7767537,-23.6802633],[-46.776563,-23.679925],[-46.776442,-23.679613],[-46.776413,-23.67956],[-46.776329,-23.679371],[-46.776312,-23.679281],[-46.776308,-23.679119],[-46.776352,-23.678979],[-46.776399,-23.67889],[-46.776511,-23.678736],[-46.776559,-23.678656],[-46.776622,-23.67849],[-46.776639,-23.678317],[-46.776526,-23.678076],[-46.776442,-23.677905],[-46.776349,-23.67774],[-46.776262,-23.677562],[-46.776151,-23.677348],[-46.776064,-23.677198],[-46.775803,-23.676872],[-46.775422,-23.676426],[-46.775211,-23.676257],[-46.7751224,-23.676217],[-46.774943,-23.676136],[-46.774668,-23.676064],[-46.774175,-23.675926],[-46.774091,-23.675878],[-46.773979,-23.675836],[-46.773903,-23.675828],[-46.773896,-23.676022],[-46.77389,-23.676462],[-46.773895,-23.676864],[-46.773867,-23.677014],[-46.773796,-23.677198],[-46.773681,-23.677357],[-46.773512,-23.677494],[-46.7725683,-23.6781404],[-46.7720033,-23.6784571],[-46.771233,-23.678908],[-46.770764,-23.679168],[-46.770559,-23.679289],[-46.770486,-23.679343],[-46.77035,-23.679471],[-46.7702437,-23.679587],[-46.770171,-23.679797],[-46.770144,-23.679992],[-46.770148,-23.680205],[-46.770129,-23.680317],[-46.770097,-23.680387],[-46.770054,-23.680452],[-46.769972,-23.680524],[-46.769861,-23.680583],[-46.76952,-23.6806661],[-46.769438,-23.6807],[-46.76936,-23.680761],[-46.769306,-23.680833],[-46.769278,-23.680898],[-46.769261,-23.680969],[-46.769285,-23.681381],[-46.768662,-23.681427],[-46.768596,-23.681423],[-46.768553,-23.681407],[-46.768417,-23.681279],[-46.768427,-23.681264],[-46.7684507,-23.6811982],[-46.7684508,-23.6811066],[-46.768431,-23.681026],[-46.768305,-23.680726],[-46.767578,-23.67929],[-46.767436,-23.679106],[-46.767078,-23.678614],[-46.766849,-23.678314],[-46.766488,-23.677831],[-46.766289,-23.677562],[-46.766025,-23.67722],[-46.765831,-23.676958],[-46.765681,-23.676739],[-46.765126,-23.675999],[-46.76506,-23.675902],[-46.764877,-23.675659],[-46.764331,-23.674925],[-46.764198,-23.674737],[-46.764168,-23.674716],[-46.764138,-23.674703],[-46.764088,-23.67471],[-46.764046,-23.674743],[-46.763996,-23.674743],[-46.763944,-23.674733],[-46.763898,-23.674692],[-46.763834,-23.67455],[-46.763622,-23.674151],[-46.763202,-23.673348],[-46.763109,-23.673227],[-46.762995,-23.673109],[-46.76277,-23.672898],[-46.762664,-23.672783],[-46.762608,-23.672701],[-46.762543,-23.672476],[-46.762521,-23.672334],[-46.762515,-23.672229],[-46.762564,-23.671987],[-46.762559,-23.671834],[-46.76253,-23.671724],[-46.762468,-23.671527],[-46.762354,-23.671193],[-46.76233,-23.671086],[-46.762302,-23.670845],[-46.762283,-23.67074],[-46.762221,-23.670548],[-46.762104,-23.670244],[-46.762077,-23.670086],[-46.762068,-23.669955],[-46.762072,-23.66987]]],[[[-46.762072,-23.66987],[-46.76198,-23.669855],[-46.761829,-23.669871],[-46.761649,-23.669931],[-46.761328,-23.670088],[-46.760929,-23.670309],[-46.76062,-23.670544],[-46.760397,-23.670735],[-46.760204,-23.670943],[-46.759982,-23.671251],[-46.759916,-23.671357],[-46.759852,-23.671535],[-46.759821,-23.67169],[-46.759793,-23.67214],[-46.759772,-23.672365],[-46.75975,-23.672549],[-46.759721,-23.672748],[-46.759526,-23.673203],[-46.759351,-23.673575],[-46.759104,-23.674077],[-46.758964,-23.674433],[-46.758891,-23.674728],[-46.758835,-23.675128],[-46.758738,-23.675753],[-46.758597,-23.675736],[-46.757779,-23.67562],[-46.7570046,-23.6754894],[-46.7567567,-23.6754342],[-46.756644,-23.67543],[-46.7563875,-23.6753899],[-46.756118,-23.6753478],[-46.7560256,-23.6753294],[-46.7558996,-23.6753368],[-46.755793,-23.675364],[-46.75558,-23.6754],[-46.754124,-23.675725],[-46.754021,-23.675747],[-46.753772,-23.675783],[-46.753508,-23.675812],[-46.753292,-23.675829],[-46.752303,-23.675856],[-46.751295,-23.675867],[-46.751102,-23.675883],[-46.750888,-23.675906],[-46.750734,-23.67594],[-46.7503539,-23.67607],[-46.7500019,-23.6761781],[-46.749576,-23.676234],[-46.7495142,-23.6762474],[-46.74941,-23.67627],[-46.7494819,-23.6765644],[-46.7495267,-23.6768518],[-46.7495319,-23.6768852],[-46.7495691,-23.6771243],[-46.74962,-23.677451],[-46.749653,-23.677562],[-46.749706,-23.677788],[-46.749751,-23.677951],[-46.749786,-23.678028],[-46.749873,-23.678168],[-46.749984,-23.67831],[-46.750197,-23.678573],[-46.750215,-23.678591],[-46.750252,-23.678741],[-46.750301,-23.679021],[-46.750319,-23.6791692],[-46.750332,-23.679331],[-46.750321,-23.679418],[-46.750289,-23.679506],[-46.750251,-23.679573],[-46.750125,-23.679678],[-46.74965,-23.68002],[-46.749511,-23.680127],[-46.749448,-23.680197],[-46.749403,-23.680273],[-46.749239,-23.680705],[-46.749168,-23.680901],[-46.749109,-23.681014],[-46.748933,-23.681292],[-46.7488705,-23.6813984],[-46.748859,-23.681418],[-46.748844,-23.681476],[-46.748841,-23.681598],[-46.74885,-23.681675],[-46.748881,-23.681787],[-46.749038,-23.682248],[-46.749131,-23.682503],[-46.749234,-23.682771],[-46.749326,-23.68288],[-46.749958,-23.6834865],[-46.750135,-23.68366],[-46.7504,-23.683914],[-46.750635,-23.68413],[-46.750926,-23.684412],[-46.750968,-23.6844666],[-46.751055,-23.68458],[-46.751203,-23.68472],[-46.751285,-23.684767],[-46.751904,-23.685041],[-46.752087,-23.685134],[-46.752446,-23.685419],[-46.752567,-23.685521],[-46.752645,-23.685675],[-46.752964,-23.68588],[-46.75322,-23.686189],[-46.753484,-23.686594],[-46.753579,-23.686703],[-46.753473,-23.68685],[-46.753163,-23.687217],[-46.753039,-23.687379],[-46.752915,-23.687557],[-46.752742,-23.687831],[-46.752545,-23.688186],[-46.752458,-23.688483],[-46.752412,-23.688702],[-46.752339,-23.688825],[-46.752239,-23.689023],[-46.75219,-23.689108],[-46.752024,-23.689369],[-46.751796,-23.689707],[-46.7517,-23.689875],[-46.75161,-23.690074],[-46.751561,-23.69025],[-46.751534,-23.69045],[-46.751534,-23.690559],[-46.751567,-23.690705],[-46.751675,-23.691008],[-46.751798,-23.691295],[-46.751839,-23.691357],[-46.751922,-23.691454],[-46.752068,-23.691583],[-46.752156,-23.691645],[-46.752476,-23.691858],[-46.752889,-23.692139],[-46.753421,-23.692508],[-46.753502,-23.692568],[-46.753747,-23.692773],[-46.753947,-23.692958],[-46.75405,-23.693046],[-46.7542,-23.693188],[-46.754541,-23.693486],[-46.755021,-23.693939],[-46.755531,-23.694388],[-46.755654,-23.694666],[-46.755705,-23.694774],[-46.755805,-23.695066],[-46.755877,-23.695435],[-46.755969,-23.695839],[-46.756022,-23.696042],[-46.756075,-23.696186],[-46.75623,-23.69654],[-46.756335,-23.696788],[-46.756413,-23.697053],[-46.756441,-23.697212],[-46.756445,-23.69735],[-46.756417,-23.697603],[-46.756368,-23.6977337],[-46.7563134,-23.6979103],[-46.7561081,-23.6983992],[-46.755979,-23.698651],[-46.755909,-23.698775],[-46.7557657,-23.698967],[-46.755683,-23.699062],[-46.755609,-23.699162],[-46.755502,-23.699243],[-46.755247,-23.699403],[-46.752532,-23.700337],[-46.752192,-23.700425],[-46.750723,-23.700736],[-46.750303,-23.700821],[-46.749784,-23.700939],[-46.74963,-23.70096],[-46.749433,-23.70095],[-46.749331,-23.700973],[-46.751124,-23.704705],[-46.7505815,-23.7049161],[-46.75114,-23.706067],[-46.751269,-23.706321],[-46.75147,-23.70678],[-46.751595,-23.707024],[-46.751683,-23.70718],[-46.751771,-23.707373],[-46.751859,-23.707553],[-46.75188,-23.70758],[-46.751952,-23.707736],[-46.752019,-23.707839],[-46.752198,-23.708168],[-46.752216,-23.708192],[-46.7539142,-23.7113533]]],[[[-46.7539142,-23.7113533],[-46.752633,-23.711516],[-46.750858,-23.711954],[-46.749465,-23.712537],[-46.747924,-23.713452],[-46.746726,-23.714512],[-46.745163,-23.716587],[-46.741335,-23.722106],[-46.7404,-23.723058],[-46.738749,-23.724193],[-46.737055,-23.725014],[-46.734565,-23.72581],[-46.730406,-23.726379],[-46.72831,-23.726584]]],[[[-46.729693,-23.740136],[-46.728925,-23.739325],[-46.728593,-23.738596],[-46.728334,-23.737588],[-46.728272,-23.735784],[-46.728529,-23.729399],[-46.72831,-23.726584]]],[[[-46.7688647,-23.7562283],[-46.7679997,-23.7552074],[-46.766964,-23.754234],[-46.766426,-23.753664],[-46.765827,-23.752799],[-46.765397,-23.751828],[-46.765257,-23.751005],[-46.76522,-23.74929],[-46.765278,-23.746517],[-46.765011,-23.743607],[-46.764556,-23.742165],[-46.763898,-23.741091],[-46.762956,-23.740108],[-46.76124,-23.739221],[-46.759833,-23.738853],[-46.758448,-23.73866],[-46.756592,-23.738751],[-46.753888,-23.739044],[-46.752224,-23.739341],[-46.750433,-23.73999],[-46.74818,-23.741515],[-46.745597,-23.743828],[-46.745259,-23.744024],[-46.744447,-23.744242],[-46.743558,-23.744339],[-46.742533,-23.744194],[-46.73903,-23.742856],[-46.73608,-23.741808],[-46.732452,-23.741064],[-46.73078,-23.740647],[-46.729693,-23.740136]]],[[[-46.7928117,-23.7123172],[-46.7929752,-23.712774],[-46.7933442,-23.7134905],[-46.7936579,-23.7134733],[-46.7938112,-23.713862],[-46.7946851,-23.7149163],[-46.795541,-23.7152701],[-46.7962322,-23.7153095],[-46.796696,-23.7153649],[-46.7967284,-23.7153041],[-46.7967638,-23.7152295],[-46.7968405,-23.7150639],[-46.796872,-23.7150266],[-46.7969335,-23.7149893],[-46.7970024,-23.7149614],[-46.797059,-23.714967],[-46.7971161,-23.7149828],[-46.7971986,-23.7150457],[-46.7972721,-23.7151224],[-46.7974011,-23.7152867],[-46.7974863,-23.7153737],[-46.7976174,-23.7154713],[-46.7978221,-23.7161558],[-46.7979968,-23.7167338],[-46.7980376,-23.7171161],[-46.7980134,-23.7175462],[-46.7978687,-23.7178399],[-46.7977092,-23.7182964],[-46.7976615,-23.7187896],[-46.7976768,-23.7192362],[-46.7977023,-23.7193246],[-46.7977238,-23.7194007],[-46.7977828,-23.7195198],[-46.7980282,-23.7200097],[-46.7980711,-23.7201141],[-46.7980738,-23.7201927],[-46.7980376,-23.7202897],[-46.797929,-23.7204284],[-46.7977949,-23.7205463],[-46.7976487,-23.7206826],[-46.79754,-23.7207968],[-46.7974269,-23.7209663],[-46.7973013,-23.7211897],[-46.797929,-23.7224113],[-46.7980523,-23.7225893],[-46.7981744,-23.7227097],[-46.7987806,-23.7232646],[-46.7986867,-23.7233862],[-46.798666,-23.7234292],[-46.7985553,-23.7236587],[-46.7984761,-23.7237791],[-46.7983385,-23.723912],[-46.7982999,-23.7239412],[-46.7983664,-23.7245386],[-46.7983871,-23.7246577],[-46.7984886,-23.7252949],[-46.7984804,-23.7255448],[-46.7984278,-23.725714],[-46.7982864,-23.7259702],[-46.7981499,-23.7262712],[-46.7980794,-23.7264699],[-46.7980734,-23.7266109],[-46.7980876,-23.7268849],[-46.7980691,-23.7271928],[-46.7979865,-23.7274451],[-46.797822,-23.7276535],[-46.7976095,-23.7279639],[-46.7976188,-23.7280584],[-46.7976805,-23.7282447],[-46.7977727,-23.7285604],[-46.7981079,-23.7295568],[-46.7982614,-23.7301698],[-46.7983301,-23.7304997],[-46.7985999,-23.7311104],[-46.7985049,-23.7311823],[-46.7983861,-23.7313007],[-46.7980751,-23.731806],[-46.7978757,-23.7321217],[-46.7977375,-23.7324014],[-46.7975723,-23.7327906],[-46.7975284,-23.7329657],[-46.7973663,-23.733613],[-46.797251,-23.7338843],[-46.7971412,-23.7340956],[-46.7970465,-23.7342245],[-46.7969617,-23.7343314],[-46.7968453,-23.7344363],[-46.7967217,-23.7345119],[-46.796542,-23.7345971],[-46.7962751,-23.7346855],[-46.7960245,-23.7357821],[-46.7965456,-23.736314],[-46.7957212,-23.7366276],[-46.795811,-23.7367343],[-46.7958487,-23.7368413],[-46.7958602,-23.7369052],[-46.7958704,-23.7369618],[-46.7958873,-23.73709],[-46.7959174,-23.737269],[-46.7959577,-23.7375091],[-46.7960563,-23.7380706],[-46.7960702,-23.738207],[-46.7960804,-23.7383336],[-46.7960796,-23.7384377],[-46.7960772,-23.7384541],[-46.7960524,-23.7385688],[-46.7960213,-23.7386473],[-46.7959706,-23.7387702],[-46.7954823,-23.7390923],[-46.795054,-23.7393534],[-46.7948208,-23.7394957],[-46.7947387,-23.7395457],[-46.7943553,-23.7397823],[-46.7941895,-23.7398596],[-46.7940487,-23.7399026],[-46.7939274,-23.7399133],[-46.793789,-23.7398951],[-46.7936676,-23.7398411],[-46.7935328,-23.7397533],[-46.7933833,-23.739633],[-46.7932512,-23.7395317],[-46.7932069,-23.7395101],[-46.7931259,-23.7395107],[-46.7932103,-23.739669],[-46.7934474,-23.7401529],[-46.7931409,-23.7403924],[-46.7927382,-23.7406541],[-46.7923984,-23.7407374],[-46.7928213,-23.7410306],[-46.7920572,-23.7417126],[-46.7922058,-23.7419872],[-46.7920369,-23.7421494],[-46.7922682,-23.7425848],[-46.7918136,-23.7427257],[-46.7914461,-23.742818],[-46.7909008,-23.7429811],[-46.7910317,-23.7436282],[-46.7910572,-23.7436797],[-46.7910662,-23.7437496],[-46.7907759,-23.7437537],[-46.7906784,-23.7438315],[-46.7899047,-23.744443],[-46.7895743,-23.7448244],[-46.7893929,-23.7451647],[-46.7893757,-23.7453449],[-46.7893757,-23.745498],[-46.789329,-23.7458137],[-46.789085,-23.7458348],[-46.7887523,-23.7458544],[-46.7884585,-23.7458766],[-46.7881623,-23.7459395],[-46.7878639,-23.7460703],[-46.787666,-23.7462748],[-46.7875229,-23.7464792],[-46.7874381,-23.7467166],[-46.7873971,-23.7469641],[-46.7875126,-23.7470261],[-46.7876226,-23.7471096],[-46.7877258,-23.7472238],[-46.7878034,-23.7473173],[-46.787073,-23.7475458],[-46.7868669,-23.7475277],[-46.7859791,-23.7478111],[-46.7860463,-23.7480259],[-46.7860092,-23.7481088],[-46.7855039,-23.7479543],[-46.7854253,-23.7479469],[-46.7850026,-23.7480385],[-46.7848894,-23.7480524],[-46.7847468,-23.7480372],[-46.7846689,-23.7480381],[-46.7845859,-23.7480587],[-46.7844388,-23.7481272],[-46.7841974,-23.7482586],[-46.7836286,-23.7485376],[-46.7834502,-23.748618],[-46.7832183,-23.7487892],[-46.7829395,-23.7493048],[-46.782918,-23.7493437],[-46.7826107,-23.7497932],[-46.7825022,-23.7499121],[-46.7824017,-23.7500213],[-46.7822863,-23.750149],[-46.7821732,-23.7502609],[-46.7821468,-23.7502938],[-46.7821278,-23.7503395],[-46.7821207,-23.7504218],[-46.7821125,-23.7506345],[-46.7821015,-23.750903],[-46.782057,-23.7513667],[-46.7819796,-23.7514695],[-46.7818766,-23.7516111],[-46.7817836,-23.7517201],[-46.7816292,-23.7516509],[-46.7815105,-23.7515851],[-46.7814759,-23.7515489],[-46.7813914,-23.7514289],[-46.7808032,-23.7505103],[-46.7802548,-23.7496894],[-46.7800508,-23.7493777],[-46.779975,-23.7494971],[-46.7798956,-23.7496066],[-46.7798253,-23.7496926],[-46.779755,-23.7497622],[-46.7796666,-23.749819],[-46.7795336,-23.7498676],[-46.7792884,-23.7499057],[-46.7790238,-23.7499399],[-46.7788826,-23.7499779],[-46.778726,-23.7500807],[-46.7783765,-23.7504494],[-46.7782266,-23.750552],[-46.778057,-23.7506106],[-46.777888,-23.7506283],[-46.7775236,-23.7506132],[-46.7773028,-23.750597],[-46.7770495,-23.7505978],[-46.7768145,-23.751034],[-46.776719,-23.7512204],[-46.7765707,-23.7516337],[-46.7765628,-23.7516936],[-46.7765586,-23.7519253],[-46.776568,-23.7520052],[-46.776586,-23.7522581],[-46.7765784,-23.7523634],[-46.7765604,-23.7524248],[-46.7765073,-23.7525476],[-46.7768227,-23.7528986],[-46.7769943,-23.7531282],[-46.7771351,-23.7533454],[-46.7771727,-23.7533688],[-46.7775817,-23.7542771],[-46.7763765,-23.7547284],[-46.7688647,-23.7562283]]]]},"properties":{"name":"Jardim Ângela","admin_level":"9"}},{"type":"Feature","geometry":{"type":"MultiPolygon","coordinates":[[[[-46.7762511,-23.8662572],[-46.776018,-23.8663463],[-46.7757042,-23.8664812],[-46.7754816,-23.8665769],[-46.7753246,-23.8666394],[-46.7751972,-23.8666762],[-46.7750913,-23.8666872],[-46.7750175,-23.8666872],[-46.7749334,-23.8666992],[-46.7748864,-23.8667182],[-46.7748338,-23.8667461],[-46.7747077,-23.8668381],[-46.7744682,-23.8670503],[-46.7743572,-23.8671331],[-46.7742457,-23.8671835],[-46.7741136,-23.867244],[-46.7740412,-23.8672686],[-46.7739949,-23.8673005],[-46.7739634,-23.8673489],[-46.7738763,-23.8675568],[-46.7737864,-23.8677285],[-46.7737126,-23.867829],[-46.7735356,-23.8680229],[-46.7734216,-23.8680547],[-46.7732754,-23.8680989],[-46.7731333,-23.868105],[-46.77303,-23.8680854],[-46.7728114,-23.8680179],[-46.7727162,-23.8679848],[-46.772625,-23.8679836],[-46.7725432,-23.8679934],[-46.7723903,-23.8680461],[-46.7721784,-23.868094],[-46.7720135,-23.8681025],[-46.7718512,-23.8681062],[-46.7717261,-23.868098]]],[[[-46.7717261,-23.868098],[-46.7716071,-23.86807],[-46.7715219,-23.8680486],[-46.7713422,-23.8680099],[-46.7711142,-23.867983],[-46.770899,-23.8679774],[-46.7707991,-23.8679885],[-46.7706864,-23.8680167],[-46.7705235,-23.8680792]]],[[[-46.7705235,-23.8680792],[-46.7703136,-23.8681847],[-46.7701145,-23.8682546],[-46.7699327,-23.8682963],[-46.7695089,-23.8683846],[-46.7693078,-23.8684208],[-46.7692173,-23.8684239],[-46.7691341,-23.868414],[-46.7690134,-23.8683846],[-46.7686674,-23.8683116],[-46.7684736,-23.8682706],[-46.7683275,-23.8682235],[-46.7682722,-23.8681376],[-46.7682235,-23.868067],[-46.7680925,-23.8678766]]],[[[-46.7680925,-23.8678766],[-46.7680451,-23.8678156],[-46.7679995,-23.8677677],[-46.7679459,-23.8677285],[-46.7678647,-23.8676715],[-46.7676871,-23.8675421],[-46.7676066,-23.867466],[-46.7675462,-23.8673888],[-46.7674027,-23.8671288],[-46.767335,-23.8670742],[-46.7672753,-23.8670508],[-46.767215,-23.8670497],[-46.767158,-23.8670515],[-46.7670795,-23.8670539],[-46.7668,-23.8670994],[-46.7665176,-23.8671516],[-46.7662886,-23.8672042],[-46.7657894,-23.8673004],[-46.7656506,-23.8673262],[-46.7655111,-23.8673422],[-46.7654152,-23.8672256],[-46.7653388,-23.8671582],[-46.7652006,-23.867038],[-46.765139,-23.8669902],[-46.7650232,-23.8669512],[-46.7649132,-23.8669169],[-46.764763,-23.8669059],[-46.7645401,-23.8669288],[-46.7644153,-23.8669484],[-46.7642871,-23.8669907],[-46.7640299,-23.867065],[-46.7639253,-23.8670822],[-46.7638421,-23.8670785],[-46.763737,-23.867054],[-46.7635954,-23.8669976],[-46.7635068,-23.8669479],[-46.763421,-23.8668614],[-46.7633325,-23.8667756]]],[[[-46.7633325,-23.8667756],[-46.760264,-23.867767],[-46.752304,-23.870523],[-46.751351,-23.870797],[-46.747485,-23.871911],[-46.747262,-23.871978],[-46.741437,-23.873717],[-46.738358,-23.874622],[-46.732868,-23.876236],[-46.732503,-23.876343],[-46.729682,-23.877173],[-46.726373,-23.878146],[-46.726073,-23.878235],[-46.72396,-23.878856],[-46.717279,-23.880822],[-46.715652,-23.881297],[-46.7130099,-23.8820694],[-46.701309,-23.885489],[-46.699139,-23.886124],[-46.689283,-23.886541],[-46.687284,-23.886626],[-46.678655,-23.886991],[-46.651765,-23.88813],[-46.651758,-23.888757],[-46.651708,-23.889305],[-46.651615,-23.889872],[-46.651512,-23.890327],[-46.651359,-23.890797],[-46.651187,-23.891246],[-46.650929,-23.891811],[-46.650748,-23.892168],[-46.648952,-23.895372],[-46.648725,-23.895804],[-46.648551,-23.896106],[-46.648193,-23.896625],[-46.648018,-23.896864],[-46.6479429,-23.896953],[-46.647812,-23.897108],[-46.647539,-23.897406],[-46.6475029,-23.8974421],[-46.647216,-23.897729],[-46.646164,-23.898711],[-46.6454539,-23.8993632],[-46.645367,-23.899443],[-46.644964,-23.899815],[-46.6446807,-23.9001192],[-46.644613,-23.900192],[-46.644412,-23.900429],[-46.64419,-23.900722],[-46.643907,-23.901139],[-46.643725,-23.901422],[-46.643588,-23.90167],[-46.643455,-23.901961],[-46.641964,-23.905216],[-46.640989,-23.907419],[-46.640815,-23.907866],[-46.640693,-23.908211],[-46.6406,-23.908552],[-46.64052,-23.908909],[-46.640413,-23.909664],[-46.640368,-23.910061],[-46.640365,-23.910406],[-46.640383,-23.910843],[-46.640418,-23.91117],[-46.640477,-23.911514],[-46.6389283,-23.9111408],[-46.6104991,-23.9055387],[-46.6099035,-23.9055328]]],[[[-46.6099035,-23.9055328],[-46.6104918,-23.9063954],[-46.6110743,-23.9072745],[-46.6122108,-23.9076467],[-46.6121351,-23.9076242],[-46.6124665,-23.9080891],[-46.6125162,-23.9083007],[-46.6124262,-23.9087476],[-46.6121828,-23.9092504],[-46.6119622,-23.9094927],[-46.6115314,-23.9097597],[-46.6113625,-23.910103],[-46.6112918,-23.9103913],[-46.6116197,-23.9107999],[-46.6117339,-23.9114377],[-46.6114426,-23.9118279],[-46.6112852,-23.9120659],[-46.6115056,-23.9128293],[-46.6116726,-23.9135123],[-46.6117466,-23.9138149],[-46.6115943,-23.9141165],[-46.6113643,-23.9141865],[-46.6112532,-23.914182],[-46.610643,-23.9139541],[-46.6097296,-23.9140237],[-46.6092729,-23.914418],[-46.6086015,-23.9144273],[-46.6084357,-23.9144296],[-46.6083098,-23.915273],[-46.6083759,-23.9154652],[-46.6089453,-23.9159563],[-46.6091334,-23.9161806],[-46.6098184,-23.9183026],[-46.6097677,-23.9188129],[-46.6095393,-23.9191839],[-46.6092242,-23.9195399],[-46.6087309,-23.9200972],[-46.6087507,-23.9207171],[-46.6087655,-23.9211784],[-46.608772,-23.9219707],[-46.6087782,-23.9227206],[-46.6093362,-23.923312],[-46.6104018,-23.9241932],[-46.6105667,-23.9245527],[-46.6104144,-23.924831],[-46.6098795,-23.9250529]]],[[[-46.6101738,-23.9656618],[-46.6099584,-23.9653572],[-46.609996,-23.9652004],[-46.6101086,-23.9651072],[-46.6105056,-23.9650288],[-46.6104949,-23.9647249],[-46.6100872,-23.9644112],[-46.609658,-23.9644014],[-46.6092536,-23.9642782],[-46.609143,-23.9642445],[-46.608671,-23.9639308],[-46.6082633,-23.9635484],[-46.6078878,-23.9634111],[-46.6082525,-23.9626758],[-46.608274,-23.962117],[-46.6084641,-23.9617236],[-46.6087508,-23.9611304],[-46.6088426,-23.9609405],[-46.6092181,-23.9599601],[-46.6090733,-23.9596806],[-46.6087461,-23.9595189],[-46.6079843,-23.9594797],[-46.6084993,-23.9586365],[-46.6084481,-23.9584919],[-46.6081292,-23.9582884],[-46.6072977,-23.9581266],[-46.6069222,-23.9572442],[-46.6065896,-23.9569599],[-46.606236,-23.9568138],[-46.6063213,-23.9564305],[-46.6068363,-23.9562638],[-46.6071046,-23.9555775],[-46.607008,-23.9549696],[-46.6069347,-23.954087],[-46.6069865,-23.9536655],[-46.6079951,-23.9530772],[-46.609143,-23.9517535],[-46.6106835,-23.950858],[-46.6108489,-23.9506799],[-46.6109716,-23.9504611],[-46.6109026,-23.9501407],[-46.6109669,-23.9496504],[-46.6107416,-23.94942],[-46.6102013,-23.9494859],[-46.6093683,-23.9494004],[-46.6092503,-23.9490956],[-46.609061,-23.9486068],[-46.6089392,-23.9482924],[-46.6088656,-23.9482894],[-46.6075364,-23.9482353],[-46.6072011,-23.9466941],[-46.6076946,-23.9454292],[-46.6069114,-23.9445075],[-46.6083343,-23.9418403],[-46.608569,-23.9408647],[-46.6076732,-23.9406441],[-46.6071206,-23.939134],[-46.607,-23.938],[-46.608038,-23.9368296],[-46.6082418,-23.9367217],[-46.609165,-23.9366917],[-46.6097492,-23.9366727],[-46.6100442,-23.9369326],[-46.610409,-23.937467],[-46.6106192,-23.9375573],[-46.6108543,-23.9376582],[-46.6115516,-23.9375503],[-46.6119738,-23.9376485],[-46.6124582,-23.9377612],[-46.6127486,-23.9375209],[-46.613074,-23.9372515],[-46.6136648,-23.9367625],[-46.61397,-23.9365099],[-46.6140745,-23.9363875],[-46.6148291,-23.9364863],[-46.6154205,-23.93639],[-46.6157759,-23.935924],[-46.6161919,-23.9353047],[-46.6161752,-23.9350361],[-46.615634,-23.9348389],[-46.6155257,-23.9342416],[-46.6153986,-23.9335412],[-46.6153014,-23.9330052],[-46.6157935,-23.9326903],[-46.6162885,-23.9322844],[-46.6163313,-23.9313468],[-46.6163706,-23.930712],[-46.6163889,-23.9304148],[-46.616397,-23.9302844],[-46.6162523,-23.9301798],[-46.6160974,-23.9301183],[-46.6157413,-23.9302103],[-46.6149097,-23.9307007],[-46.614563,-23.930863],[-46.6139083,-23.9310196],[-46.6128807,-23.9307705],[-46.6129571,-23.9301319],[-46.6128154,-23.9297748],[-46.6123752,-23.9296372],[-46.6114661,-23.9295118],[-46.6113795,-23.9293072],[-46.611322,-23.9284304],[-46.6112459,-23.9279793],[-46.610937,-23.9275772],[-46.6105647,-23.9273605],[-46.610022,-23.9270547],[-46.6094689,-23.9264345],[-46.6094139,-23.9258032],[-46.6095668,-23.9253707],[-46.6098795,-23.9250529]]],[[[-46.6101738,-23.9656618],[-46.6105082,-23.9658573],[-46.6112244,-23.9660288],[-46.6116428,-23.9664112],[-46.6118896,-23.9668523],[-46.6118252,-23.9677543],[-46.612072,-23.9684503],[-46.6118038,-23.969068],[-46.6118283,-23.969451]]],[[[-46.6118283,-23.969451],[-46.6122651,-23.9695288],[-46.612984,-23.9694111],[-46.6129732,-23.9689895],[-46.6129303,-23.968215],[-46.6134131,-23.9678327],[-46.6143572,-23.9675386],[-46.6155052,-23.9667347],[-46.6162884,-23.9670484],[-46.6163206,-23.9676562],[-46.6168356,-23.9677445],[-46.6174206,-23.9674902],[-46.6183162,-23.9679405],[-46.6187883,-23.9684405],[-46.6191423,-23.9688817],[-46.6190457,-23.9694797],[-46.6200864,-23.9696268],[-46.6205478,-23.9701366],[-46.6204941,-23.9706659],[-46.6209769,-23.9709208],[-46.6221571,-23.9710777],[-46.6235519,-23.9713718],[-46.6242707,-23.9712934],[-46.6248608,-23.9723619],[-46.6257191,-23.972509],[-46.6266525,-23.9727149],[-46.6269743,-23.9724771],[-46.6271634,-23.9724699],[-46.6272801,-23.9726144],[-46.6274572,-23.9730874],[-46.6278648,-23.9734893],[-46.6286159,-23.9737246],[-46.6288894,-23.9737344],[-46.6293669,-23.9734158],[-46.6295654,-23.9734501],[-46.629619,-23.9738177],[-46.6301501,-23.974004],[-46.6306543,-23.9745579],[-46.6309977,-23.9751167],[-46.6314904,-23.9753529],[-46.6330522,-23.9757637],[-46.6345382,-23.9766165],[-46.6358275,-23.9772891]]],[[[-46.6358275,-23.9772891],[-46.6359785,-23.9775527],[-46.6359544,-23.9776875],[-46.6357237,-23.9779253],[-46.6354582,-23.9782499],[-46.6352758,-23.9785355],[-46.6352355,-23.9788565],[-46.6352356,-23.9795084],[-46.635139,-23.9804936],[-46.6349405,-23.9809788],[-46.6344738,-23.9818317],[-46.6337174,-23.982611],[-46.6334653,-23.9834001],[-46.633355,-23.9843733],[-46.6332198,-23.9847402],[-46.6330913,-23.9850889],[-46.6332722,-23.986296],[-46.6328522,-23.9872622],[-46.6328315,-23.9878872],[-46.6327281,-23.9880827],[-46.6323495,-23.9883895],[-46.6313732,-23.9894481],[-46.6312502,-23.9895109],[-46.6305813,-23.9898526],[-46.6300912,-23.9901029],[-46.6299732,-23.990139],[-46.6295859,-23.9902576],[-46.629501,-23.9903867]]],[[[-46.629501,-23.9903867],[-46.6294771,-23.9905313],[-46.6293834,-23.9906231],[-46.6293918,-23.990692],[-46.6297539,-23.9910841],[-46.6312184,-23.9920986],[-46.631838,-23.9921648],[-46.6323441,-23.9920684],[-46.6327934,-23.9921069],[-46.6332392,-23.9922589],[-46.6336476,-23.9924778],[-46.6338769,-23.9928275],[-46.634215,-23.9937576],[-46.6344255,-23.9941016],[-46.6347534,-23.9944915],[-46.6350311,-23.9946777],[-46.6353439,-23.9947363],[-46.6356614,-23.9947075],[-46.6362341,-23.9946127],[-46.6367337,-23.9943048],[-46.6373468,-23.9939609],[-46.6374878,-23.9939501],[-46.6376105,-23.9940009],[-46.6379186,-23.9942354],[-46.6387876,-23.9950146],[-46.6391945,-23.9956968],[-46.6394788,-23.9968524],[-46.6395318,-23.9970066],[-46.6395907,-23.9971939],[-46.6397869,-23.9972787],[-46.6402061,-23.9973231],[-46.6403612,-23.9974092],[-46.6404286,-23.9974952],[-46.6408029,-23.9978492],[-46.6410192,-23.9978571],[-46.6420706,-23.9975434],[-46.6426242,-23.9976466],[-46.6430267,-23.9978436],[-46.6436271,-23.998602],[-46.6448417,-23.9988869],[-46.6448979,-23.9989001],[-46.6454576,-23.999035],[-46.6466236,-23.9993583],[-46.6473521,-23.9996306],[-46.6480572,-24.0000152],[-46.6487122,-24.0004093],[-46.6495378,-24.0009151],[-46.6497657,-24.0011399],[-46.6501789,-24.0015451]]],[[[-46.6501789,-24.0015451],[-46.6508014,-24.0011586],[-46.6511669,-24.0008412],[-46.6512849,-24.0004129],[-46.6516274,-23.9995055],[-46.6519542,-23.9988249],[-46.6522806,-23.9981678],[-46.6524412,-23.9979343],[-46.6535004,-23.9972746],[-46.6539728,-23.9966127],[-46.6552794,-23.9946889],[-46.6557107,-23.9940168],[-46.6560912,-23.9937386],[-46.6572836,-23.9932055],[-46.6578925,-23.9931939],[-46.6586536,-23.9932171],[-46.6589708,-23.9929969],[-46.6594655,-23.9923016],[-46.6612222,-23.9879651],[-46.6614265,-23.9877851],[-46.6618351,-23.9877517],[-46.662667,-23.9881384],[-46.6632508,-23.9882384],[-46.6647467,-23.9880184],[-46.6661039,-23.9882117],[-46.6678552,-23.9880451],[-46.6681836,-23.9881317],[-46.6689133,-23.9884184],[-46.6698181,-23.9885651],[-46.6721313,-23.9882917],[-46.6726785,-23.9880517],[-46.6738752,-23.9884184],[-46.6745247,-23.9891584],[-46.6747582,-23.9892051],[-46.6755098,-23.9889384],[-46.6761957,-23.9886651],[-46.676624,-23.9880794],[-46.6768378,-23.9879784],[-46.6778959,-23.9883317],[-46.6787059,-23.9886317],[-46.680355,-23.9890717],[-46.6807709,-23.9889917],[-46.6814715,-23.9886651],[-46.6822741,-23.9880784],[-46.6837627,-23.9878917],[-46.6841203,-23.9878117],[-46.6844195,-23.9876317],[-46.68458,-23.9872584],[-46.684507,-23.986805],[-46.6843684,-23.9866317],[-46.6842006,-23.986365],[-46.6841568,-23.986185],[-46.6844496,-23.9859942],[-46.6851419,-23.985705],[-46.6857256,-23.9849917],[-46.6859434,-23.9843177],[-46.6871665,-23.9840628],[-46.6881535,-23.9845725],[-46.690943,-23.9846901],[-46.691973,-23.9844549],[-46.6928742,-23.9837295],[-46.6938183,-23.9849646],[-46.6951916,-23.9888267],[-46.6995475,-23.9901206],[-46.7103622,-23.9951],[-46.7179368,-23.9958841],[-46.7187068,-23.9953387],[-46.719825,-23.9944335],[-46.7201684,-23.9937082],[-46.7212627,-23.9928456],[-46.7221639,-23.992728],[-46.7237518,-23.9938258],[-46.7288158,-23.9953548],[-46.7321847,-23.9958253],[-46.733043,-23.9954921],[-46.7351029,-23.9942767],[-46.7369268,-23.9935317],[-46.7374632,-23.9928456],[-46.7392013,-23.9920027],[-46.7399738,-23.9920223],[-46.7431441,-23.9916694],[-46.7433142,-23.992055],[-46.7435002,-23.9924769],[-46.7435465,-23.9932475],[-46.7446516,-23.9935317],[-46.7488358,-23.9940022],[-46.749222,-23.9951588],[-46.7503378,-23.9955705],[-46.7508743,-23.9964918],[-46.7513034,-23.996433],[-46.7517326,-23.9956097],[-46.752312,-23.9957665],[-46.7523978,-23.9964526],[-46.7520545,-23.9974916],[-46.7528913,-23.997766],[-46.7528484,-23.9985501],[-46.7537711,-23.9987462],[-46.7541144,-23.9996479],[-46.7547152,-23.9998439],[-46.7547367,-24.0003144],[-46.7551014,-24.0016277],[-46.7567108,-24.0018238],[-46.7586205,-24.0019414],[-46.7591999,-24.002353],[-46.7598436,-24.0020394],[-46.7617748,-24.0029215],[-46.7619894,-24.0042544],[-46.7622683,-24.0044308],[-46.7630837,-24.0039408],[-46.7641137,-24.0042936],[-46.7645428,-24.0042936],[-46.7655084,-24.0038232],[-46.7668817,-24.0039604],[-46.7670748,-24.0046856],[-46.7680619,-24.0061362],[-46.7686412,-24.0073515],[-46.7691133,-24.0079003],[-46.7698214,-24.0078611],[-46.7711947,-24.0075279],[-46.7720316,-24.0069986],[-46.7727826,-24.0055873],[-46.7738555,-24.0049601],[-46.7745206,-24.0031959],[-46.7742846,-24.0019022],[-46.7742034,-24.0009798],[-46.7738984,-24.0005104],[-46.7715111,-24.0000291],[-46.76877,-23.9985109],[-46.7686412,-23.9978052],[-46.7690919,-23.9970211],[-46.769757,-23.996041],[-46.7686198,-23.9941786],[-46.7666457,-23.9909636],[-46.7647145,-23.9883562],[-46.7623971,-23.9856312],[-46.7616246,-23.983906],[-46.7610023,-23.9823179],[-46.7595432,-23.9810436],[-46.7588565,-23.9798869],[-46.7592213,-23.9779263],[-46.7577622,-23.9766715],[-46.7556593,-23.9750834],[-46.7550156,-23.9737502],[-46.7545865,-23.9730639],[-46.7546723,-23.9725934],[-46.7557617,-23.9724572],[-46.7564318,-23.971966],[-46.7572687,-23.9728483],[-46.7576335,-23.9728483],[-46.7584703,-23.9722209],[-46.7588565,-23.9728091],[-46.7595861,-23.973162],[-46.7598109,-23.9731337],[-46.759908,-23.972613],[-46.7604444,-23.9722797],[-46.7604444,-23.9719268],[-46.7599509,-23.9709268],[-46.7600796,-23.9700641],[-46.7603371,-23.9697504],[-46.7608736,-23.96877],[-46.7614315,-23.9683975],[-46.7626975,-23.9685543],[-46.7633412,-23.9677504],[-46.7636631,-23.9662995],[-46.7638347,-23.965672],[-46.7627189,-23.9645152],[-46.7626116,-23.9632995],[-46.7631695,-23.9633583],[-46.7640064,-23.9627505],[-46.7652295,-23.9616524],[-46.7660663,-23.962123],[-46.7666671,-23.9609661],[-46.766989,-23.9609465],[-46.7681263,-23.9617504],[-46.7688987,-23.9617112],[-46.7694995,-23.960672],[-46.7710016,-23.9614367],[-46.772568,-23.9600249],[-46.7729328,-23.9592994],[-46.7727397,-23.9584954],[-46.7737053,-23.957515],[-46.7743919,-23.957515],[-46.7746494,-23.9574757],[-46.7753575,-23.9563188],[-46.7755077,-23.9557894],[-46.7742417,-23.9540245],[-46.77407,-23.9534558],[-46.7747996,-23.9530833],[-46.7749713,-23.9526911],[-46.7742632,-23.9505732],[-46.7747567,-23.9501222],[-46.7762373,-23.9496907],[-46.777632,-23.9501025],[-46.7794774,-23.9492593],[-46.7806575,-23.9492985],[-46.7830823,-23.9472002],[-46.7835758,-23.9467492],[-46.783962,-23.9461805],[-46.7835972,-23.9453176],[-46.7833612,-23.9443174],[-46.7842624,-23.9442782],[-46.7851422,-23.943533],[-46.7855499,-23.9424544],[-46.7857645,-23.9421014],[-46.7866228,-23.9415326],[-46.7876957,-23.9410816],[-46.789026,-23.9412777],[-46.789777,-23.9417876],[-46.7919895,-23.9431299],[-46.7922661,-23.9432977],[-46.7937467,-23.9434349],[-46.7945621,-23.9430231],[-46.7951629,-23.9425132],[-46.7958496,-23.9402187],[-46.7960212,-23.9400226],[-46.7973945,-23.9401206],[-46.7984674,-23.9392381],[-46.7993472,-23.9390224],[-46.8007205,-23.9395323],[-46.8016431,-23.9385517],[-46.8029521,-23.9383948],[-46.8041537,-23.9385909],[-46.8057615,-23.939274],[-46.8062458,-23.9394096]]],[[[-46.8062458,-23.9394096],[-46.8067125,-23.9391694],[-46.8072919,-23.9382084],[-46.807249,-23.9370317],[-46.8070129,-23.9350705],[-46.807485,-23.933168],[-46.8076352,-23.9326189],[-46.8084291,-23.931501],[-46.8080322,-23.9290935],[-46.8083292,-23.9289158],[-46.8089656,-23.928706],[-46.8092144,-23.9266995],[-46.8096361,-23.9250873],[-46.8095577,-23.9245077],[-46.8098721,-23.9229642],[-46.8102266,-23.9219786],[-46.8103909,-23.9214753],[-46.8106795,-23.9207352],[-46.8108995,-23.9202403]]],[[[-46.8108995,-23.9202403],[-46.8110149,-23.9199083],[-46.8109747,-23.9194634],[-46.810636,-23.9191058],[-46.8106773,-23.9183765],[-46.8105631,-23.9180928],[-46.8098421,-23.9179402],[-46.8106532,-23.9174106],[-46.8109358,-23.9172261],[-46.811052,-23.9171502],[-46.8113878,-23.9172298],[-46.8115324,-23.9172124],[-46.8117818,-23.9170624],[-46.8117214,-23.9169322],[-46.8116332,-23.9167422],[-46.811513,-23.9164831],[-46.8118971,-23.916167],[-46.8116763,-23.9160968],[-46.8114554,-23.9160266],[-46.8112161,-23.9154538],[-46.811052,-23.915061],[-46.8113977,-23.9145168],[-46.8116236,-23.9136579],[-46.8117864,-23.9130387],[-46.8117864,-23.9128318],[-46.8118883,-23.9121497],[-46.8112851,-23.9117039],[-46.8109032,-23.9112815],[-46.8107689,-23.9112077],[-46.8107665,-23.9111318],[-46.8108952,-23.9110739],[-46.8110508,-23.9111661],[-46.8112241,-23.9111599],[-46.8116147,-23.9108439],[-46.8118013,-23.9113352],[-46.811879,-23.9113666],[-46.8119558,-23.9111249],[-46.8119691,-23.9108312],[-46.8119948,-23.9107045],[-46.8117726,-23.910448],[-46.8119017,-23.9102954],[-46.811867,-23.9101335],[-46.8116272,-23.9099948],[-46.8113905,-23.9099037],[-46.81136,-23.90971],[-46.8118366,-23.9091115],[-46.8118301,-23.9089481],[-46.8114089,-23.9087124],[-46.8113174,-23.9085728],[-46.8113956,-23.9081858],[-46.8116676,-23.9079779],[-46.8114522,-23.9075319],[-46.811135,-23.9072509],[-46.8108034,-23.9071887],[-46.8108223,-23.9068927],[-46.8110137,-23.9064054],[-46.8105227,-23.90606],[-46.8104706,-23.905667],[-46.8101971,-23.9056789],[-46.8098995,-23.9053491],[-46.809676,-23.9052025],[-46.8095228,-23.9051274],[-46.8091419,-23.9049405],[-46.8091935,-23.9048529],[-46.8094155,-23.904476],[-46.8091935,-23.9045316],[-46.8087481,-23.9044817],[-46.8089595,-23.9039877],[-46.8088367,-23.9036815],[-46.8086729,-23.9032732],[-46.8081909,-23.9032494],[-46.8081987,-23.9028654],[-46.8084078,-23.9025915],[-46.8080913,-23.9023813],[-46.8077883,-23.902027],[-46.8076905,-23.9018609],[-46.8072619,-23.9018153],[-46.8069794,-23.9013914],[-46.8066277,-23.9013676],[-46.8066509,-23.9012239],[-46.8066781,-23.9010562],[-46.8069445,-23.9004302],[-46.80699,-23.9000867],[-46.8068925,-23.8997506],[-46.8065793,-23.8995402],[-46.8064106,-23.8992672],[-46.80626,-23.8990389],[-46.8058682,-23.8986929],[-46.8055996,-23.8982143],[-46.8053829,-23.8977182],[-46.805238,-23.8973026],[-46.8051364,-23.8968125],[-46.8049866,-23.8963076],[-46.8049019,-23.8959741],[-46.8050424,-23.8957336],[-46.8050521,-23.89557],[-46.8048789,-23.8955593],[-46.8047235,-23.8954527],[-46.8046476,-23.8954007],[-46.8045778,-23.895174],[-46.8044736,-23.8948358],[-46.8044837,-23.8946924],[-46.804663,-23.8944065],[-46.8049065,-23.8941143],[-46.8050158,-23.8934838],[-46.804925,-23.8930312],[-46.804171,-23.8930228],[-46.8040614,-23.8928042],[-46.8050304,-23.8917918],[-46.8054162,-23.8912916],[-46.8055407,-23.8914054],[-46.8057637,-23.8916093],[-46.8058721,-23.8917084],[-46.8056714,-23.8918852],[-46.8056116,-23.8919936],[-46.8057325,-23.8921658],[-46.8059227,-23.8922234],[-46.8061203,-23.8918946],[-46.806289,-23.8917323],[-46.8063991,-23.8909991],[-46.8064445,-23.8908379],[-46.8066601,-23.8906428],[-46.8066804,-23.8904088],[-46.8069778,-23.8904616],[-46.8071703,-23.8904308],[-46.8072279,-23.890215],[-46.8072066,-23.8901404],[-46.8071748,-23.890029],[-46.8070532,-23.889972],[-46.8068123,-23.8899638],[-46.8067312,-23.8897859],[-46.8067599,-23.8896262],[-46.8068029,-23.8895503],[-46.8068622,-23.8894454],[-46.8067005,-23.8891847],[-46.8068006,-23.8891261],[-46.8070441,-23.889199],[-46.8072966,-23.8893276],[-46.8073661,-23.8892182],[-46.807311,-23.889112],[-46.8069273,-23.8887427],[-46.8069478,-23.8886675],[-46.8071369,-23.8885107],[-46.8071858,-23.8883268],[-46.807203,-23.8881665],[-46.8072187,-23.8880196],[-46.8070706,-23.8878851],[-46.8069692,-23.8879416],[-46.8065365,-23.8881828],[-46.8065398,-23.8880258],[-46.8065468,-23.8876923],[-46.8065495,-23.8875635],[-46.8068326,-23.8873501],[-46.8069769,-23.8873967],[-46.8073589,-23.8872476],[-46.8075541,-23.8871714],[-46.8076177,-23.8871466],[-46.807593,-23.8870776],[-46.8075625,-23.8869922],[-46.8075251,-23.8868221],[-46.8075108,-23.8867583],[-46.8073529,-23.8866151],[-46.807348,-23.8865677]]],[[[-46.7846404,-23.8942185],[-46.7854329,-23.8942573],[-46.786056,-23.8943479],[-46.7865793,-23.894424],[-46.7869564,-23.8945629],[-46.7872886,-23.8947138],[-46.7875172,-23.8947694],[-46.7879479,-23.8948151],[-46.7882219,-23.8947554],[-46.7889097,-23.8946058],[-46.789341,-23.8945551],[-46.7906647,-23.8943806],[-46.7923016,-23.8941649],[-46.7950338,-23.8938047],[-46.7964537,-23.8930305],[-46.7971311,-23.8931139],[-46.7987464,-23.8937332],[-46.7992981,-23.8938078],[-46.7995097,-23.8938104],[-46.7997625,-23.8937451],[-46.8000243,-23.8936068],[-46.8001452,-23.893543],[-46.800503,-23.893354],[-46.8008077,-23.8930356],[-46.8009187,-23.8927999],[-46.8009413,-23.892304],[-46.8009357,-23.891853],[-46.8009214,-23.8915065],[-46.8008924,-23.8908034],[-46.8008698,-23.8902553],[-46.801064,-23.8897539],[-46.8013127,-23.8891119],[-46.8013692,-23.8890412],[-46.8015682,-23.8887919],[-46.8017679,-23.8885418],[-46.8021074,-23.888159],[-46.8026246,-23.8878842],[-46.8028953,-23.8877404],[-46.8030714,-23.8876468],[-46.8040744,-23.8875218],[-46.8043047,-23.8875402],[-46.8052986,-23.8876195],[-46.8057999,-23.887395],[-46.806635,-23.8868552],[-46.8068749,-23.8867194],[-46.807348,-23.8865677]]],[[[-46.7766005,-23.8926379],[-46.7766741,-23.8928396],[-46.7767274,-23.8930037],[-46.776845,-23.8931258],[-46.776972,-23.8932015],[-46.7773301,-23.8932607],[-46.7816536,-23.8938398],[-46.7829738,-23.8940069],[-46.7846404,-23.8942185]]],[[[-46.7764702,-23.8845476],[-46.7766005,-23.8926379]]],[[[-46.7762511,-23.8662572],[-46.7763011,-23.8740199],[-46.7763007,-23.8743241],[-46.7764702,-23.8845476]]]]},"properties":{"name":"Marsilac","admin_level":"9"}},{"type":"Feature","geometry":{"type":"MultiPolygon","coordinates":[[[[-46.6099035,-23.9055328],[-46.6096438,-23.9053151],[-46.6084587,-23.9045862],[-46.6084601,-23.9043752],[-46.6086011,-23.90422],[-46.6089016,-23.9040927],[-46.6092127,-23.904063],[-46.6094158,-23.9040679],[-46.6098672,-23.903872]]],[[[-46.7633325,-23.8667756],[-46.760264,-23.867767],[-46.752304,-23.870523],[-46.751351,-23.870797],[-46.747485,-23.871911],[-46.747262,-23.871978],[-46.741437,-23.873717],[-46.738358,-23.874622],[-46.732868,-23.876236],[-46.732503,-23.876343],[-46.729682,-23.877173],[-46.726373,-23.878146],[-46.726073,-23.878235],[-46.72396,-23.878856],[-46.717279,-23.880822],[-46.715652,-23.881297],[-46.7130099,-23.8820694],[-46.701309,-23.885489],[-46.699139,-23.886124],[-46.689283,-23.886541],[-46.687284,-23.886626],[-46.678655,-23.886991],[-46.651765,-23.88813],[-46.651758,-23.888757],[-46.651708,-23.889305],[-46.651615,-23.889872],[-46.651512,-23.890327],[-46.651359,-23.890797],[-46.651187,-23.891246],[-46.650929,-23.891811],[-46.650748,-23.892168],[-46.648952,-23.895372],[-46.648725,-23.895804],[-46.648551,-23.896106],[-46.648193,-23.896625],[-46.648018,-23.896864],[-46.6479429,-23.896953],[-46.647812,-23.897108],[-46.647539,-23.897406],[-46.6475029,-23.8974421],[-46.647216,-23.897729],[-46.646164,-23.898711],[-46.6454539,-23.8993632],[-46.645367,-23.899443],[-46.644964,-23.899815],[-46.6446807,-23.9001192],[-46.644613,-23.900192],[-46.644412,-23.900429],[-46.64419,-23.900722],[-46.643907,-23.901139],[-46.643725,-23.901422],[-46.643588,-23.90167],[-46.643455,-23.901961],[-46.641964,-23.905216],[-46.640989,-23.907419],[-46.640815,-23.907866],[-46.640693,-23.908211],[-46.6406,-23.908552],[-46.64052,-23.908909],[-46.640413,-23.909664],[-46.640368,-23.910061],[-46.640365,-23.910406],[-46.640383,-23.910843],[-46.640418,-23.91117],[-46.640477,-23.911514],[-46.6389283,-23.9111408],[-46.6104991,-23.9055387],[-46.6099035,-23.9055328]]],[[[-46.7680925,-23.8678766],[-46.7680451,-23.8678156],[-46.7679995,-23.8677677],[-46.7679459,-23.8677285],[-46.7678647,-23.8676715],[-46.7676871,-23.8675421],[-46.7676066,-23.867466],[-46.7675462,-23.8673888],[-46.7674027,-23.8671288],[-46.767335,-23.8670742],[-46.7672753,-23.8670508],[-46.767215,-23.8670497],[-46.767158,-23.8670515],[-46.7670795,-23.8670539],[-46.7668,-23.8670994],[-46.7665176,-23.8671516],[-46.7662886,-23.8672042],[-46.7657894,-23.8673004],[-46.7656506,-23.8673262],[-46.7655111,-23.8673422],[-46.7654152,-23.8672256],[-46.7653388,-23.8671582],[-46.7652006,-23.867038],[-46.765139,-23.8669902],[-46.7650232,-23.8669512],[-46.7649132,-23.8669169],[-46.764763,-23.8669059],[-46.7645401,-23.8669288],[-46.7644153,-23.8669484],[-46.7642871,-23.8669907],[-46.7640299,-23.867065],[-46.7639253,-23.8670822],[-46.7638421,-23.8670785],[-46.763737,-23.867054],[-46.7635954,-23.8669976],[-46.7635068,-23.8669479],[-46.763421,-23.8668614],[-46.7633325,-23.8667756]]],[[[-46.7705235,-23.8680792],[-46.7703136,-23.8681847],[-46.7701145,-23.8682546],[-46.7699327,-23.8682963],[-46.7695089,-23.8683846],[-46.7693078,-23.8684208],[-46.7692173,-23.8684239],[-46.7691341,-23.868414],[-46.7690134,-23.8683846],[-46.7686674,-23.8683116],[-46.7684736,-23.8682706],[-46.7683275,-23.8682235],[-46.7682722,-23.8681376],[-46.7682235,-23.868067],[-46.7680925,-23.8678766]]],[[[-46.7717261,-23.868098],[-46.7716071,-23.86807],[-46.7715219,-23.8680486],[-46.7713422,-23.8680099],[-46.7711142,-23.867983],[-46.770899,-23.8679774],[-46.7707991,-23.8679885],[-46.7706864,-23.8680167],[-46.7705235,-23.8680792]]],[[[-46.7762511,-23.8662572],[-46.776018,-23.8663463],[-46.7757042,-23.8664812],[-46.7754816,-23.8665769],[-46.7753246,-23.8666394],[-46.7751972,-23.8666762],[-46.7750913,-23.8666872],[-46.7750175,-23.8666872],[-46.7749334,-23.8666992],[-46.7748864,-23.8667182],[-46.7748338,-23.8667461],[-46.7747077,-23.8668381],[-46.7744682,-23.8670503],[-46.7743572,-23.8671331],[-46.7742457,-23.8671835],[-46.7741136,-23.867244],[-46.7740412,-23.8672686],[-46.7739949,-23.8673005],[-46.7739634,-23.8673489],[-46.7738763,-23.8675568],[-46.7737864,-23.8677285],[-46.7737126,-23.867829],[-46.7735356,-23.8680229],[-46.7734216,-23.8680547],[-46.7732754,-23.8680989],[-46.7731333,-23.868105],[-46.77303,-23.8680854],[-46.7728114,-23.8680179],[-46.7727162,-23.8679848],[-46.772625,-23.8679836],[-46.7725432,-23.8679934],[-46.7723903,-23.8680461],[-46.7721784,-23.868094],[-46.7720135,-23.8681025],[-46.7718512,-23.8681062],[-46.7717261,-23.868098]]],[[[-46.772443,-23.819209],[-46.771785,-23.819314],[-46.7717138,-23.8199145],[-46.7708043,-23.8202473],[-46.7704168,-23.8202328],[-46.7697762,-23.821007],[-46.7684929,-23.8217559],[-46.76772,-23.8229821],[-46.7672771,-23.8236621],[-46.7666128,-23.8243567],[-46.7658931,-23.8244652],[-46.7654897,-23.8251163],[-46.7640425,-23.8258542],[-46.7631172,-23.826679],[-46.763,-23.827],[-46.7627271,-23.82722],[-46.7625707,-23.8278516],[-46.7631048,-23.8299012],[-46.7630137,-23.8305447],[-46.7637041,-23.8322606],[-46.7655018,-23.8333569],[-46.7654106,-23.8349298],[-46.7644596,-23.8343936],[-46.7635478,-23.8343102],[-46.763,-23.835],[-46.7625317,-23.8360261],[-46.7628313,-23.8376943],[-46.7632872,-23.8382781],[-46.7634045,-23.8387547],[-46.7629485,-23.8394339],[-46.7631439,-23.8403633],[-46.7641079,-23.8415191],[-46.7642773,-23.8426034],[-46.766596,-23.84308],[-46.7674037,-23.8436519],[-46.7699049,-23.843366],[-46.7707777,-23.8435685],[-46.7725493,-23.843509],[-46.7733831,-23.8438307],[-46.7742298,-23.8436519],[-46.7756367,-23.8430204],[-46.7760275,-23.8424366],[-46.7764965,-23.8422579],[-46.7772911,-23.8421745],[-46.7785026,-23.8416264],[-46.7790237,-23.8415668],[-46.7797141,-23.8418408],[-46.7799747,-23.8423413],[-46.7799486,-23.8435566],[-46.7798053,-23.8439141],[-46.7793494,-23.8441047],[-46.7788023,-23.8462375],[-46.779636,-23.8485609],[-46.7791279,-23.8491089],[-46.7790888,-23.849931],[-46.7794406,-23.8505148],[-46.7795578,-23.8508961],[-46.7795187,-23.8513846],[-46.7783203,-23.8525879],[-46.7781639,-23.8530764],[-46.7772781,-23.8542559],[-46.7766398,-23.8546014],[-46.7764574,-23.8548635],[-46.7763141,-23.8552567],[-46.7760405,-23.8554235],[-46.7760405,-23.8559835],[-46.7762511,-23.8662572]]],[[[-46.772443,-23.819209],[-46.7731611,-23.8183734],[-46.7737226,-23.8180696],[-46.7741971,-23.8175342],[-46.7750749,-23.817744],[-46.7754308,-23.8172882],[-46.7760477,-23.8168107],[-46.7769177,-23.8168251],[-46.7773605,-23.8163621],[-46.7790372,-23.8152696],[-46.7804607,-23.8141988],[-46.7817419,-23.8140396],[-46.7823192,-23.8132944],[-46.7846206,-23.8131352],[-46.7852849,-23.8126315],[-46.7863311,-23.8126596],[-46.7872541,-23.8123218],[-46.7885003,-23.8117025],[-46.789608,-23.811421],[-46.7917619,-23.8112662],[-46.7932388,-23.8109566],[-46.7940542,-23.8107454],[-46.7949003,-23.8105202],[-46.7958234,-23.8111818],[-46.7971003,-23.810858],[-46.7997311,-23.8099713],[-46.8000542,-23.8097039],[-46.8012234,-23.8096616],[-46.801685,-23.8089719],[-46.802008,-23.8079444],[-46.8015465,-23.8072125],[-46.8018234,-23.806931],[-46.8017311,-23.806551],[-46.801808,-23.8060724],[-46.8012542,-23.8057346],[-46.8009619,-23.8049604],[-46.8005927,-23.8052419],[-46.8004388,-23.8052138],[-46.8007465,-23.8048337],[-46.800885,-23.8043129],[-46.8002542,-23.8036373],[-46.8007003,-23.8031024],[-46.8005465,-23.8024549],[-46.800485,-23.8016385],[-46.8002542,-23.8014696],[-46.7999003,-23.8016807],[-46.7992234,-23.8014273],[-46.799085,-23.8010754],[-46.7985311,-23.8007657],[-46.7984696,-23.8001886],[-46.796685,-23.7997663],[-46.7962849,-23.799527],[-46.7960542,-23.7988232],[-46.7960542,-23.7981616],[-46.7963311,-23.7979082],[-46.7964696,-23.7975141],[-46.7953859,-23.7959676],[-46.7950849,-23.7953181],[-46.7943926,-23.7946002],[-46.7943311,-23.7936711],[-46.7937157,-23.7937696],[-46.792808,-23.7932488],[-46.7922542,-23.7928828],[-46.792008,-23.7923197],[-46.7916849,-23.7920663],[-46.7917777,-23.7918313],[-46.7920579,-23.7916377],[-46.7920996,-23.7915536],[-46.791862,-23.7912176],[-46.7917976,-23.7911612],[-46.791514,-23.7909129],[-46.7912476,-23.7907592],[-46.7910626,-23.7907975],[-46.7909044,-23.7909547],[-46.7908891,-23.7910188],[-46.7908478,-23.7911921],[-46.790709,-23.7913006],[-46.7906228,-23.7912958],[-46.7905412,-23.7912913],[-46.7903544,-23.7910629],[-46.790087,-23.790914],[-46.7900369,-23.7908724],[-46.7898561,-23.7906129],[-46.789654,-23.7903305],[-46.7893379,-23.7901494],[-46.7892439,-23.79006],[-46.7891898,-23.7898918],[-46.7891969,-23.7898254],[-46.789213,-23.7896735],[-46.789259,-23.7894975],[-46.7894169,-23.7892917],[-46.7894952,-23.7892527],[-46.7895714,-23.7892147],[-46.7896887,-23.7892292],[-46.7898314,-23.7896213],[-46.7899273,-23.7896521],[-46.7900145,-23.7896495],[-46.7900913,-23.7895695],[-46.7901074,-23.7894856],[-46.7900763,-23.7894222],[-46.7899229,-23.7891096],[-46.7898594,-23.7888093],[-46.7899266,-23.7886128],[-46.790105,-23.788444],[-46.7901564,-23.788324],[-46.7901371,-23.788236],[-46.790106,-23.7880948],[-46.790115,-23.7879589],[-46.7902295,-23.7878456],[-46.790313,-23.7877111],[-46.7903227,-23.7875898],[-46.790289,-23.7874985],[-46.790183,-23.7874828],[-46.7900344,-23.7874969],[-46.7898521,-23.7875827],[-46.7897868,-23.7876323],[-46.7895919,-23.7877805],[-46.7894677,-23.7878059],[-46.7893526,-23.7877587],[-46.7892153,-23.7876635],[-46.789179,-23.7875258],[-46.7891411,-23.7872476],[-46.7891295,-23.7871624],[-46.7890638,-23.7870735],[-46.788932,-23.787042],[-46.7888256,-23.7870787],[-46.7887759,-23.7871284],[-46.7887963,-23.7875133],[-46.7887603,-23.7876503],[-46.7886333,-23.7876819],[-46.7885386,-23.7876351],[-46.7884773,-23.7874967],[-46.7883751,-23.7873783],[-46.7882899,-23.7872796],[-46.7880556,-23.7871306],[-46.7879567,-23.7870677],[-46.7879641,-23.7868654],[-46.7881082,-23.7865159],[-46.7882255,-23.7863612],[-46.788308,-23.7863415],[-46.7887557,-23.7862344],[-46.789522,-23.7862083],[-46.7897481,-23.7861608],[-46.7898219,-23.7860271],[-46.7897199,-23.7857371],[-46.7898457,-23.7854497],[-46.7897982,-23.7851538],[-46.7896256,-23.7850027],[-46.7894531,-23.7848516],[-46.7894695,-23.7846615],[-46.7895346,-23.784576],[-46.7896436,-23.784433],[-46.7898243,-23.7843154],[-46.7899045,-23.7842632],[-46.7901424,-23.7842144],[-46.7902393,-23.7841945],[-46.7903665,-23.7840899],[-46.7904527,-23.784019],[-46.7907318,-23.7838363],[-46.7908148,-23.7837819],[-46.7908637,-23.7836841],[-46.7909132,-23.783643],[-46.7909607,-23.7836036],[-46.7910778,-23.7836121],[-46.7911595,-23.7836595],[-46.7912211,-23.7838387],[-46.7912796,-23.7840085],[-46.7913516,-23.7840245],[-46.7914319,-23.7840424],[-46.7915891,-23.7839606],[-46.7917149,-23.7838331],[-46.7918097,-23.7836772],[-46.7920025,-23.7836014],[-46.7922303,-23.7835833],[-46.7922734,-23.7835097],[-46.7922406,-23.783339],[-46.7922144,-23.7832409],[-46.7921883,-23.7831436],[-46.791994,-23.7829282],[-46.7918679,-23.7828872],[-46.791672,-23.782892],[-46.7915481,-23.7828821],[-46.7915108,-23.7827751],[-46.7915604,-23.7826462],[-46.7917202,-23.7825583],[-46.7919064,-23.7825257],[-46.7921624,-23.7825568],[-46.7924666,-23.7825596],[-46.7926066,-23.7824465],[-46.7926649,-23.7822973],[-46.7925749,-23.7821425],[-46.7923522,-23.7818869],[-46.7922675,-23.7817124],[-46.7922445,-23.7816013],[-46.7922694,-23.7815411],[-46.7924215,-23.7815053],[-46.7926136,-23.781613],[-46.7929263,-23.7819392],[-46.7930037,-23.7818961],[-46.7930938,-23.7816713],[-46.793217,-23.7814582],[-46.7933009,-23.7813132],[-46.7934774,-23.7811537],[-46.7935045,-23.7810347],[-46.7934257,-23.7809039],[-46.7932732,-23.7808274],[-46.7932208,-23.7807523],[-46.7932285,-23.7806436],[-46.7933261,-23.7805621],[-46.7934722,-23.7805265],[-46.7935371,-23.7802211],[-46.7935418,-23.7799828],[-46.7934163,-23.779825],[-46.79326,-23.7797128],[-46.7930861,-23.779645],[-46.7929631,-23.7795346],[-46.7929504,-23.77936],[-46.7932564,-23.7791874],[-46.7934547,-23.7791294],[-46.7936606,-23.7789198],[-46.7937279,-23.7788513],[-46.7938401,-23.7786001],[-46.7937476,-23.7780647],[-46.7937319,-23.7779742],[-46.7933185,-23.7775157],[-46.7932481,-23.7774052],[-46.7927321,-23.7771604],[-46.7925592,-23.7769847],[-46.7924656,-23.7769276],[-46.7923747,-23.7768721],[-46.7922152,-23.7767392],[-46.7921699,-23.7763496],[-46.7904625,-23.7747775],[-46.7895701,-23.7740994],[-46.7898031,-23.773489],[-46.7898665,-23.7728825],[-46.78951,-23.7725721],[-46.7890264,-23.7728406],[-46.7884606,-23.7735249],[-46.7883736,-23.7735122],[-46.7882406,-23.7733763],[-46.7881568,-23.773072],[-46.7882575,-23.7727116],[-46.788194,-23.7725874],[-46.7880788,-23.7725539],[-46.7878681,-23.7725907],[-46.7877614,-23.7724617],[-46.7878459,-23.7723953],[-46.7882424,-23.7722768],[-46.7882059,-23.7722206],[-46.7880786,-23.7721493],[-46.7870249,-23.7721607],[-46.7838081,-23.771958],[-46.783053,-23.7717942],[-46.7822331,-23.7713737],[-46.780642,-23.7703463],[-46.779753,-23.7696063],[-46.7786801,-23.7684477],[-46.7778969,-23.7674363],[-46.7773175,-23.7668865],[-46.7765987,-23.7662875],[-46.7758032,-23.7659327]]],[[[-46.7758032,-23.7659327],[-46.7750032,-23.7656765],[-46.7738723,-23.7654674],[-46.7727149,-23.7650651],[-46.7722698,-23.7648334],[-46.7718566,-23.7645545],[-46.7715615,-23.7642992],[-46.7712275,-23.7639592],[-46.7708749,-23.7635431],[-46.7705691,-23.7631454],[-46.7696893,-23.7617756],[-46.7693406,-23.7611177],[-46.7691368,-23.7605875],[-46.7689222,-23.7599885],[-46.7688149,-23.7592324],[-46.7687398,-23.758383],[-46.7687559,-23.757455],[-46.7688647,-23.7562283]]],[[[-46.7688647,-23.7562283],[-46.7679997,-23.7552074],[-46.766964,-23.754234],[-46.766426,-23.753664],[-46.765827,-23.752799],[-46.765397,-23.751828],[-46.765257,-23.751005],[-46.76522,-23.74929],[-46.765278,-23.746517],[-46.765011,-23.743607],[-46.764556,-23.742165],[-46.763898,-23.741091],[-46.762956,-23.740108],[-46.76124,-23.739221],[-46.759833,-23.738853],[-46.758448,-23.73866],[-46.756592,-23.738751],[-46.753888,-23.739044],[-46.752224,-23.739341],[-46.750433,-23.73999],[-46.74818,-23.741515],[-46.745597,-23.743828],[-46.745259,-23.744024],[-46.744447,-23.744242],[-46.743558,-23.744339],[-46.742533,-23.744194],[-46.73903,-23.742856],[-46.73608,-23.741808],[-46.732452,-23.741064],[-46.73078,-23.740647],[-46.729693,-23.740136]]],[[[-46.725288,-23.766066],[-46.725265,-23.765974],[-46.72527,-23.765951],[-46.725296,-23.765924],[-46.725359,-23.765886],[-46.725407,-23.765844],[-46.72545,-23.765785],[-46.72556,-23.765563],[-46.7255985,-23.7654389],[-46.725645,-23.76539],[-46.725744,-23.765358],[-46.725843,-23.765225],[-46.725924,-23.765159],[-46.72594,-23.765127],[-46.725938,-23.765074],[-46.725922,-23.765043],[-46.725828,-23.76498],[-46.725806,-23.76495],[-46.725757,-23.764788],[-46.725709,-23.764682],[-46.725662,-23.764606],[-46.725616,-23.764555],[-46.725569,-23.764525],[-46.725405,-23.764445],[-46.725302,-23.764362],[-46.725222,-23.764266],[-46.725134,-23.764222],[-46.725054,-23.764196],[-46.724978,-23.76419],[-46.724737,-23.764209],[-46.724621,-23.764213],[-46.724561,-23.764199],[-46.724527,-23.764179],[-46.724515,-23.764163],[-46.724509,-23.764119],[-46.724524,-23.764065],[-46.724652,-23.763894],[-46.724689,-23.76383],[-46.724695,-23.763801],[-46.724689,-23.763778],[-46.724673,-23.763754],[-46.724644,-23.763738],[-46.724544,-23.763714],[-46.724497,-23.763689],[-46.724481,-23.763664],[-46.724478,-23.763638],[-46.724492,-23.763608],[-46.724543,-23.763574],[-46.724658,-23.763521],[-46.724705,-23.763512],[-46.724876,-23.763515],[-46.724904,-23.763509],[-46.724919,-23.763492],[-46.724921,-23.763469],[-46.724809,-23.763318],[-46.724741,-23.763181],[-46.72472,-23.763112],[-46.724717,-23.763075],[-46.724726,-23.763034],[-46.724744,-23.763016],[-46.72478,-23.763008],[-46.724961,-23.763066],[-46.725058,-23.763086],[-46.725085,-23.763079],[-46.725127,-23.763057],[-46.725162,-23.763026],[-46.725192,-23.762976],[-46.725203,-23.762941],[-46.725206,-23.762718],[-46.725233,-23.762566],[-46.725233,-23.762498],[-46.725224,-23.762452],[-46.725201,-23.762402],[-46.725118,-23.762282],[-46.725053,-23.762109],[-46.725034,-23.762044],[-46.725032,-23.762022],[-46.725041,-23.761988],[-46.725082,-23.761919],[-46.725088,-23.761889],[-46.725091,-23.761713],[-46.725111,-23.761634],[-46.72511,-23.761607],[-46.725092,-23.761581],[-46.725027,-23.761528],[-46.725013,-23.761509],[-46.725009,-23.761484],[-46.725013,-23.761461],[-46.725026,-23.761444],[-46.725052,-23.761426],[-46.725301,-23.761356],[-46.72536,-23.761327],[-46.725369,-23.761298],[-46.725361,-23.761272],[-46.725306,-23.761238],[-46.725038,-23.761162],[-46.724976,-23.761126],[-46.724935,-23.761063],[-46.724932,-23.76102],[-46.724943,-23.760993],[-46.724967,-23.760978],[-46.725014,-23.760971],[-46.725099,-23.760985],[-46.725292,-23.761079],[-46.725359,-23.761087],[-46.725444,-23.761058],[-46.725476,-23.761025],[-46.725492,-23.760965],[-46.725477,-23.7609],[-46.7251438,-23.7603921],[-46.724974,-23.760127],[-46.724822,-23.759714],[-46.72479,-23.759409],[-46.72485,-23.758973],[-46.72506,-23.758336],[-46.725467,-23.757634],[-46.72571,-23.757361],[-46.726995,-23.75637],[-46.727285,-23.756106],[-46.727452,-23.755868],[-46.727515,-23.75558],[-46.727548,-23.755283],[-46.727518,-23.755126],[-46.72739,-23.754788],[-46.7271,-23.754338],[-46.726856,-23.753774],[-46.726833,-23.753495],[-46.726874,-23.752963],[-46.726988,-23.752316],[-46.727394,-23.750734],[-46.727537,-23.749365],[-46.727574,-23.747848],[-46.727854,-23.746119],[-46.728436,-23.744316],[-46.7294892,-23.7410002],[-46.729693,-23.740136]]],[[[-46.7179223,-23.7655252],[-46.718045,-23.7654289],[-46.7181091,-23.7653909],[-46.7182081,-23.7653374],[-46.7182698,-23.765318],[-46.7183147,-23.7653292],[-46.71835,-23.7653379],[-46.7183831,-23.7653571],[-46.7184201,-23.765384],[-46.7184402,-23.7654249],[-46.7184444,-23.765482],[-46.7184468,-23.7655142],[-46.7184632,-23.7655953],[-46.71847,-23.765636],[-46.7184449,-23.7656906],[-46.7184429,-23.7657212],[-46.7184562,-23.7657503],[-46.7184879,-23.7657789],[-46.7185357,-23.7658111],[-46.7185971,-23.7658357],[-46.7186288,-23.7658423],[-46.7186643,-23.7658497],[-46.718767,-23.7658705],[-46.718917,-23.765872],[-46.7190088,-23.7658906],[-46.719174,-23.765924],[-46.719285,-23.765923],[-46.7194402,-23.7659689],[-46.719534,-23.7659546],[-46.7196352,-23.7659392],[-46.7196995,-23.7658864],[-46.7198095,-23.7658618],[-46.7198566,-23.7658475],[-46.7199933,-23.7658413],[-46.7200542,-23.7658309],[-46.7201454,-23.7658342],[-46.7202068,-23.7658454],[-46.720258,-23.765866],[-46.720369,-23.7659376],[-46.72043,-23.765977],[-46.720522,-23.765996],[-46.720681,-23.765994],[-46.720929,-23.765939],[-46.7215,-23.765926],[-46.721717,-23.765904],[-46.72181,-23.765903],[-46.7219,-23.765922],[-46.722114,-23.765996],[-46.722233,-23.766029],[-46.722415,-23.766025],[-46.722547,-23.765995],[-46.722618,-23.76599],[-46.722744,-23.766008],[-46.722896,-23.76605],[-46.723191,-23.766151],[-46.723291,-23.766201],[-46.723379,-23.766208],[-46.723421,-23.766199],[-46.723543,-23.766106],[-46.723644,-23.766018],[-46.723696,-23.765998],[-46.723842,-23.765959],[-46.723981,-23.765912],[-46.724015,-23.765916],[-46.724176,-23.765984],[-46.724264,-23.765987],[-46.724448,-23.765939],[-46.724505,-23.765941],[-46.724747,-23.765988],[-46.724894,-23.766058],[-46.725047,-23.766146],[-46.725089,-23.766159],[-46.725133,-23.766151],[-46.725234,-23.766088],[-46.725288,-23.766066]]],[[[-46.7177714,-23.7656306],[-46.7179223,-23.7655252]]],[[[-46.7172022,-23.7658523],[-46.7172605,-23.7658421],[-46.7173325,-23.7658276],[-46.7174208,-23.7658086],[-46.7175,-23.7657813],[-46.7175705,-23.7657465],[-46.7176492,-23.7657072],[-46.717721,-23.7656663],[-46.7177714,-23.7656306]]],[[[-46.7168417,-23.7659073],[-46.7172022,-23.7658523]]],[[[-46.7165626,-23.7659433],[-46.7166944,-23.7659245],[-46.7168417,-23.7659073]]],[[[-46.716408,-23.7659588],[-46.7165626,-23.7659433]]],[[[-46.7123279,-23.7686121],[-46.7123953,-23.7685951],[-46.7124397,-23.7685506],[-46.7124985,-23.7684851],[-46.7125556,-23.7683126],[-46.7125789,-23.7681755],[-46.7126169,-23.7679661],[-46.7126222,-23.7678201],[-46.7126301,-23.7677551],[-46.7126727,-23.7675983],[-46.7127031,-23.7675073],[-46.7127409,-23.7674362],[-46.7127909,-23.7673436],[-46.7128438,-23.7672683],[-46.7129189,-23.7671962],[-46.7132261,-23.7669367],[-46.7133068,-23.7668738],[-46.7135109,-23.7666867],[-46.7137262,-23.7665196],[-46.7138612,-23.7664149],[-46.7139615,-23.7663622],[-46.7140301,-23.766331],[-46.7140928,-23.7663088],[-46.7141147,-23.766301],[-46.7142125,-23.7662664],[-46.7142575,-23.7662584],[-46.7143705,-23.7662385],[-46.7144391,-23.7662375],[-46.7146409,-23.7662347],[-46.7146787,-23.7662342],[-46.7147592,-23.7662304],[-46.7148929,-23.7662243],[-46.7149759,-23.7661979],[-46.7151081,-23.766156],[-46.7152343,-23.7661285],[-46.7153663,-23.7660895],[-46.7154154,-23.766081],[-46.7155377,-23.7660598],[-46.7156612,-23.7660359],[-46.715694,-23.766032],[-46.7158848,-23.766008],[-46.7160686,-23.7659913],[-46.7162455,-23.7659751],[-46.716408,-23.7659588]]],[[[-46.7118784,-23.7686426],[-46.7122194,-23.7686198],[-46.7123279,-23.7686121]]],[[[-46.711561,-23.7772772],[-46.711567,-23.7772254],[-46.7117751,-23.7766563],[-46.7118427,-23.7764675],[-46.7118955,-23.7762691],[-46.7119308,-23.7760841],[-46.7119519,-23.775873],[-46.7119558,-23.7755701],[-46.7118987,-23.7715123],[-46.7118784,-23.7686426]]],[[[-46.711561,-23.7772772],[-46.7114821,-23.777498],[-46.7107903,-23.7794336],[-46.7106649,-23.7797841]]],[[[-46.7106649,-23.7797841],[-46.7101539,-23.7812291],[-46.7100214,-23.7815932],[-46.709066,-23.7842471],[-46.7087901,-23.7849677],[-46.7083229,-23.7862578],[-46.7080736,-23.7869385],[-46.7077534,-23.7878183],[-46.7076079,-23.788244]]],[[[-46.7076079,-23.788244],[-46.7074833,-23.7886344],[-46.7074272,-23.7888104],[-46.7073073,-23.7891702],[-46.7068211,-23.790598],[-46.7064875,-23.7914298],[-46.7061133,-23.7924378],[-46.7053175,-23.7945814],[-46.7050365,-23.7954051],[-46.7049391,-23.7956925],[-46.7048991,-23.7958106],[-46.7045943,-23.7967104],[-46.7042003,-23.7977597],[-46.7038438,-23.798669]]],[[[-46.7038438,-23.798669],[-46.7031082,-23.8005622]]],[[[-46.7031082,-23.8005622],[-46.7022298,-23.8029379]]],[[[-46.7022298,-23.8029379],[-46.702082,-23.8033685],[-46.7019204,-23.8038392],[-46.7019066,-23.8038793]]],[[[-46.7018961,-23.8039091],[-46.7019066,-23.8038793]]],[[[-46.7016895,-23.8044971],[-46.7018673,-23.803991],[-46.7018961,-23.8039091]]],[[[-46.7013985,-23.8054186],[-46.7016895,-23.8044971]]],[[[-46.7013126,-23.8097294],[-46.7012282,-23.8093197],[-46.701166,-23.8090245],[-46.7011464,-23.8089314],[-46.701078,-23.8085867],[-46.7010243,-23.8082714],[-46.7009881,-23.8079904],[-46.7009651,-23.8077307],[-46.7009764,-23.8074645],[-46.7009989,-23.8072082],[-46.70103,-23.8069365],[-46.701083,-23.8066492],[-46.7011124,-23.8064856],[-46.7011335,-23.8063945],[-46.7011904,-23.8061484],[-46.7012443,-23.8059407],[-46.7012898,-23.8057649],[-46.7013439,-23.8055927],[-46.7013985,-23.8054186]]],[[[-46.7013126,-23.8097294],[-46.7017875,-23.8113314],[-46.7021202,-23.8124895],[-46.7022024,-23.8128139],[-46.7023116,-23.8132448],[-46.702448,-23.8137984],[-46.7024947,-23.8139701],[-46.7025728,-23.8142337]]],[[[-46.7025728,-23.8142337],[-46.7028914,-23.8152675],[-46.7029774,-23.8156603],[-46.7030325,-23.8160385],[-46.703082,-23.8164333],[-46.7031004,-23.8168951],[-46.7030847,-23.8172713],[-46.7030379,-23.8176816],[-46.7029667,-23.8180602],[-46.702849,-23.8184825],[-46.7027801,-23.8187558],[-46.7019575,-23.8213298],[-46.7018921,-23.8215401]]],[[[-46.7018921,-23.8215401],[-46.7018572,-23.8216521]]],[[[-46.7018572,-23.8216521],[-46.7017265,-23.8220722],[-46.7014672,-23.8227697],[-46.701096,-23.8235862],[-46.700835,-23.824104],[-46.6995172,-23.8265452],[-46.6995001,-23.826577],[-46.6992457,-23.8271503],[-46.6991683,-23.8272909],[-46.6989337,-23.8278156],[-46.6986648,-23.8284829],[-46.6975325,-23.8318533]]],[[[-46.6975325,-23.8318533],[-46.6972938,-23.8325611],[-46.6971155,-23.8330923],[-46.6970377,-23.8333389],[-46.6969693,-23.8335646],[-46.6968888,-23.8338051],[-46.6968325,-23.8339952],[-46.6967822,-23.8342148],[-46.6967641,-23.8342933],[-46.6967542,-23.8343954],[-46.6966715,-23.8354023],[-46.696634,-23.8358758],[-46.6965924,-23.8366081],[-46.6965643,-23.8371405],[-46.6965488,-23.8373061],[-46.6965287,-23.8375508],[-46.6964992,-23.8378342],[-46.696457,-23.8383329],[-46.6964362,-23.8389677]]],[[[-46.6964362,-23.8389677],[-46.6964107,-23.8392728]]],[[[-46.6964107,-23.8392728],[-46.696364,-23.8400397]]],[[[-46.6943,-23.8472221],[-46.6944341,-23.8462799],[-46.6944976,-23.8459259],[-46.6945338,-23.8457959],[-46.6945915,-23.8455726],[-46.6946988,-23.8452034],[-46.6947819,-23.8449777],[-46.6950327,-23.8444269],[-46.6951641,-23.8441669],[-46.6955061,-23.8435204],[-46.6957717,-23.8429648],[-46.695891,-23.8426998],[-46.6959903,-23.8424839],[-46.6961244,-23.8421282],[-46.6961579,-23.8420178],[-46.6961686,-23.8419074],[-46.6961901,-23.8416854],[-46.6962773,-23.8411125],[-46.6963094,-23.8406237],[-46.6963376,-23.8402937],[-46.6963678,-23.8401343],[-46.6963692,-23.8400895],[-46.696364,-23.8400397]]],[[[-46.6941112,-23.848746],[-46.6941302,-23.8485839],[-46.6943,-23.8472221]]],[[[-46.693699,-23.848804],[-46.6941112,-23.848746]]],[[[-46.693699,-23.848804],[-46.693609,-23.848848],[-46.6935721,-23.8489034],[-46.693537,-23.848956],[-46.693412,-23.849233],[-46.6933619,-23.8493486],[-46.693288,-23.849519],[-46.69315,-23.849775],[-46.693057,-23.84992],[-46.692994,-23.849986],[-46.69289,-23.850077],[-46.692536,-23.850323],[-46.692381,-23.850472],[-46.692253,-23.850629],[-46.692034,-23.850949],[-46.691948,-23.851035],[-46.691875,-23.851091],[-46.691669,-23.85128],[-46.691451,-23.851496],[-46.691346,-23.851565],[-46.691214,-23.851617],[-46.690714,-23.851657],[-46.690579,-23.851685],[-46.690419,-23.851736],[-46.690353,-23.851781],[-46.690347,-23.851842],[-46.690305,-23.851895],[-46.690234,-23.851917],[-46.689931,-23.851949],[-46.689839,-23.851974],[-46.689655,-23.852043],[-46.68952,-23.852054],[-46.689319,-23.852047],[-46.689048,-23.851982],[-46.688719,-23.85186],[-46.688579,-23.851818],[-46.688486,-23.851812],[-46.688314,-23.851838],[-46.688123,-23.851801],[-46.68797,-23.851672],[-46.687664,-23.851459],[-46.687535,-23.851384],[-46.687447,-23.851342],[-46.6873,-23.851315],[-46.687196,-23.851331],[-46.687054,-23.851396],[-46.686957,-23.851434],[-46.686877,-23.851433],[-46.686796,-23.851412],[-46.686748,-23.851371],[-46.6866775,-23.8512456]]],[[[-46.6866775,-23.8512456],[-46.686665,-23.851177],[-46.686695,-23.851116],[-46.686839,-23.85104],[-46.686871,-23.851007],[-46.686901,-23.850898],[-46.686956,-23.850806],[-46.686979,-23.850731],[-46.686972,-23.850703],[-46.686955,-23.850697],[-46.686804,-23.850707],[-46.686763,-23.850699],[-46.686751,-23.850675],[-46.686814,-23.850569],[-46.68682,-23.850524],[-46.686796,-23.85048],[-46.68675,-23.850452],[-46.686615,-23.850417],[-46.686479,-23.85037],[-46.686393,-23.850317],[-46.686309,-23.850218],[-46.686149,-23.849964],[-46.686068,-23.849876],[-46.685872,-23.849806],[-46.685791,-23.849763],[-46.685788,-23.84972],[-46.685805,-23.849693],[-46.685837,-23.849663],[-46.685982,-23.84967],[-46.686179,-23.8497],[-46.686236,-23.849693],[-46.68625,-23.849673],[-46.686249,-23.849643],[-46.686223,-23.849617],[-46.686133,-23.849594],[-46.686045,-23.849584],[-46.686007,-23.849565],[-46.685987,-23.849528],[-46.686019,-23.849388],[-46.686004,-23.849351],[-46.685966,-23.849339],[-46.685909,-23.849344],[-46.685777,-23.849402],[-46.685662,-23.84946],[-46.685581,-23.849596],[-46.685555,-23.849613],[-46.685505,-23.84962],[-46.685405,-23.8496],[-46.685157,-23.849639],[-46.685109,-23.849629],[-46.685078,-23.849603],[-46.685086,-23.849499],[-46.685055,-23.84946],[-46.684897,-23.849344],[-46.684857,-23.849342],[-46.684765,-23.849389],[-46.684635,-23.849384],[-46.684455,-23.849407],[-46.684367,-23.849406],[-46.684284,-23.849379],[-46.684016,-23.84939],[-46.683658,-23.849392],[-46.683606,-23.849404],[-46.68355,-23.849428],[-46.683506,-23.849494],[-46.683459,-23.849588],[-46.683431,-23.849617],[-46.683398,-23.849626],[-46.683346,-23.8496],[-46.683226,-23.849495],[-46.683166,-23.849465],[-46.68296,-23.849452],[-46.682905,-23.849442],[-46.682782,-23.849443],[-46.682565,-23.849476],[-46.682532,-23.849498],[-46.682523,-23.849537],[-46.682545,-23.849581],[-46.682638,-23.849669],[-46.682653,-23.849743],[-46.682639,-23.849763],[-46.682583,-23.849798],[-46.682434,-23.849785],[-46.682158,-23.849709],[-46.681923,-23.849703],[-46.681868,-23.849684],[-46.68177,-23.849629],[-46.681736,-23.849546],[-46.681609,-23.848878],[-46.681519,-23.848541],[-46.6814,-23.848122],[-46.681367,-23.847785],[-46.6813287,-23.8473833],[-46.6812982,-23.8472872],[-46.6812652,-23.8472111]]],[[[-46.6812652,-23.8472111],[-46.6811852,-23.8471291],[-46.6809552,-23.8469531],[-46.680703,-23.846785],[-46.680007,-23.846474],[-46.679574,-23.846335],[-46.67926,-23.846286],[-46.678971,-23.846276],[-46.678484,-23.846325],[-46.677587,-23.846627],[-46.677067,-23.846759],[-46.676717,-23.846776],[-46.676442,-23.846761],[-46.676104,-23.846704],[-46.675125,-23.846431],[-46.673543,-23.846139],[-46.673021,-23.846114],[-46.672064,-23.846142],[-46.670321,-23.846248],[-46.668959,-23.846437],[-46.668581,-23.846572],[-46.668195,-23.846751],[-46.6677591,-23.8470666],[-46.666166,-23.84822],[-46.665375,-23.848621],[-46.664772,-23.848872],[-46.66326,-23.84928],[-46.660355,-23.849669],[-46.659512,-23.849739],[-46.658934,-23.849763],[-46.658517,-23.849724],[-46.657823,-23.849627],[-46.657348,-23.849475],[-46.6567,-23.849238],[-46.654886,-23.848202],[-46.652106,-23.845738],[-46.649214,-23.84345],[-46.646081,-23.841565],[-46.643163,-23.840149],[-46.6417248,-23.8397737],[-46.6402478,-23.8394483],[-46.6388656,-23.8392426],[-46.6367676,-23.8389936],[-46.6338724,-23.8386672]]],[[[-46.6161849,-23.8715121],[-46.6160826,-23.8708311],[-46.6166117,-23.8695682],[-46.6168078,-23.868256],[-46.6166319,-23.8659315],[-46.6164957,-23.8643698],[-46.6163322,-23.8637459],[-46.6158796,-23.8631228],[-46.6157244,-23.8624987],[-46.6159765,-23.8620782],[-46.6178025,-23.8605424],[-46.6179589,-23.8604811],[-46.6191412,-23.8600178],[-46.6220261,-23.8584275],[-46.6225615,-23.8582861],[-46.6229518,-23.8579478],[-46.6241262,-23.8565931],[-46.6254826,-23.8557262],[-46.6279176,-23.8548214],[-46.629541,-23.8543342],[-46.6304288,-23.8539167],[-46.6305906,-23.8538024],[-46.6312165,-23.8533605],[-46.6315135,-23.8531507],[-46.6321714,-23.8524445],[-46.6326042,-23.85108],[-46.6330792,-23.8487693],[-46.6330302,-23.8470858],[-46.6334902,-23.8452357],[-46.6334798,-23.8437704],[-46.6335401,-23.8412617],[-46.6338724,-23.8386672]]],[[[-46.6098672,-23.903872],[-46.6109066,-23.9033484],[-46.6121037,-23.9026335],[-46.61318,-23.9018818],[-46.6135701,-23.9018933],[-46.6139665,-23.901905],[-46.6139735,-23.9014909],[-46.6139792,-23.9011628],[-46.613888,-23.9009493],[-46.6137762,-23.9006873],[-46.6139834,-23.9005378],[-46.6145964,-23.9000956],[-46.6151589,-23.8996899],[-46.6151804,-23.8983333],[-46.615197,-23.8972892],[-46.6155014,-23.8966165],[-46.614994,-23.8956771],[-46.6150714,-23.8953514],[-46.6151843,-23.8948768],[-46.6156536,-23.8944129],[-46.61592,-23.8933111],[-46.6163133,-23.8924644],[-46.6162546,-23.8920016],[-46.6161991,-23.8916757],[-46.6164591,-23.8911137],[-46.6167572,-23.8904695],[-46.6170109,-23.8901679],[-46.6176097,-23.8860009],[-46.6173408,-23.8844846],[-46.6171902,-23.8839542],[-46.6169035,-23.8829434],[-46.6167983,-23.8825728],[-46.6166431,-23.8820256],[-46.6166221,-23.8813114],[-46.6165892,-23.8801867],[-46.6166027,-23.8798047],[-46.616564,-23.8784332],[-46.6166606,-23.8782332],[-46.6163845,-23.8772837],[-46.6162499,-23.8768514],[-46.6161513,-23.8758097],[-46.6163072,-23.8740844],[-46.6161849,-23.8715121]]]]},"properties":{"name":"Parelheiros","admin_level":"9"}},{"type":"Feature","geometry":{"type":"MultiPolygon","coordinates":[[[[-46.63751,-23.556134],[-46.638104,-23.55758],[-46.6385283,-23.5586836],[-46.638606,-23.558886],[-46.638694,-23.559069],[-46.63902,-23.55957],[-46.639302,-23.559959],[-46.639457,-23.560193],[-46.639608,-23.560472],[-46.639793,-23.56093],[-46.63989,-23.561205],[-46.639962,-23.561487],[-46.64003,-23.561991],[-46.640079,-23.562428],[-46.6401009,-23.5626817],[-46.6401158,-23.5627753],[-46.64012,-23.562894],[-46.640229,-23.563593],[-46.640299,-23.563922],[-46.640543,-23.564946],[-46.64059,-23.565178],[-46.640628,-23.565484],[-46.640646,-23.565714],[-46.640643,-23.566081],[-46.640637,-23.566224],[-46.640592,-23.56653],[-46.64056,-23.566877],[-46.640563,-23.56752],[-46.640726,-23.569563],[-46.640836,-23.570726],[-46.640997,-23.572635],[-46.641065,-23.573339]]],[[[-46.641065,-23.573339],[-46.64175,-23.573095],[-46.641913,-23.573006],[-46.6419747,-23.5729572],[-46.6420023,-23.5729354],[-46.642753,-23.572342],[-46.643863,-23.571574],[-46.644678,-23.570908],[-46.647518,-23.568743],[-46.648937,-23.567639]]],[[[-46.648937,-23.567639],[-46.649014,-23.567579],[-46.65049,-23.566361],[-46.656468,-23.561386],[-46.658908,-23.559223]]],[[[-46.658908,-23.559223],[-46.658867,-23.559167],[-46.657312,-23.557156],[-46.6571686,-23.5569865],[-46.65568,-23.55507],[-46.6555551,-23.5550036],[-46.6554358,-23.5549382],[-46.6531158,-23.5537176],[-46.6528348,-23.5535698],[-46.652246,-23.55326],[-46.6505469,-23.5523257],[-46.650307,-23.55223],[-46.6478856,-23.5514353],[-46.6476192,-23.5514139],[-46.6472294,-23.5515878],[-46.6471184,-23.551314],[-46.6470459,-23.5512078],[-46.6469504,-23.5511072],[-46.6468668,-23.5510582],[-46.6466839,-23.5509752],[-46.6465235,-23.5509104],[-46.6463052,-23.550831]]],[[[-46.6463052,-23.550831],[-46.64585,-23.5520663],[-46.645392,-23.553309],[-46.6452263,-23.5536949],[-46.645105,-23.553903],[-46.64487,-23.554215],[-46.644613,-23.554417],[-46.644364,-23.554556],[-46.644224,-23.554616],[-46.642533,-23.555257],[-46.6423,-23.555336],[-46.64207,-23.5554],[-46.641916,-23.555435],[-46.6401777,-23.5556958],[-46.639312,-23.555826],[-46.638459,-23.555967],[-46.63751,-23.556134]]]]},"properties":{"name":"Bela Vista","admin_level":"9"}},{"type":"Feature","geometry":{"type":"MultiPolygon","coordinates":[[[[-46.6541646,-23.5178156],[-46.654024,-23.517955],[-46.653635,-23.518256],[-46.653299,-23.518525],[-46.653172,-23.518635],[-46.653082,-23.51874],[-46.652995,-23.518868],[-46.652544,-23.519646],[-46.651747,-23.520956],[-46.651027,-23.522245],[-46.650492,-23.523144],[-46.650255,-23.523584],[-46.649961,-23.524097],[-46.649414,-23.525021],[-46.649295,-23.5252],[-46.648405,-23.526747],[-46.64834,-23.526867],[-46.648245,-23.527091],[-46.648218,-23.527186],[-46.648192,-23.52732],[-46.648052,-23.528579],[-46.648007,-23.528742],[-46.645957,-23.528547],[-46.645673,-23.528548],[-46.645341,-23.52856],[-46.644969,-23.528604],[-46.644489,-23.528724],[-46.643904,-23.528955],[-46.643587,-23.529126],[-46.643266,-23.529328],[-46.643011,-23.529521],[-46.642704,-23.529798],[-46.642369,-23.530182],[-46.641746,-23.531074],[-46.6416426,-23.5313432],[-46.6415684,-23.5315081],[-46.6415347,-23.531634],[-46.6414482,-23.5318666],[-46.6414255,-23.5319566],[-46.6414111,-23.5320289],[-46.6414066,-23.5320634],[-46.6414062,-23.5322067],[-46.6413861,-23.532359],[-46.639961,-23.5343697]]],[[[-46.654003,-23.5167554],[-46.6541646,-23.5178156]]],[[[-46.625202,-23.5193029],[-46.6253551,-23.5192896],[-46.626178,-23.519218],[-46.626661,-23.519183],[-46.6272326,-23.5191614],[-46.628299,-23.519121],[-46.6300624,-23.5190025],[-46.6301941,-23.5189936],[-46.637138,-23.518527],[-46.640863,-23.51831],[-46.642126,-23.518274],[-46.642767,-23.518232],[-46.64435,-23.518019],[-46.646017,-23.517807],[-46.6466544,-23.5177165],[-46.647923,-23.517542],[-46.65002,-23.517309],[-46.654003,-23.5167554]]],[[[-46.625202,-23.5193029],[-46.6252158,-23.5197631],[-46.6252206,-23.5199236],[-46.6252243,-23.5200496],[-46.625387,-23.5254862],[-46.6253956,-23.5257747],[-46.6253624,-23.5260743],[-46.625415,-23.526352],[-46.6255196,-23.5298991],[-46.625592,-23.532325],[-46.625352,-23.532774],[-46.625272,-23.532947],[-46.625195,-23.533183],[-46.625159,-23.533351],[-46.62515,-23.533658],[-46.62516,-23.533964],[-46.625184,-23.534201]]],[[[-46.625323,-23.534922],[-46.625265,-23.534748],[-46.625235,-23.534622],[-46.625184,-23.534201]]],[[[-46.625659,-23.535666],[-46.625323,-23.534922]]],[[[-46.626544,-23.537605],[-46.625659,-23.535666]]],[[[-46.633537,-23.53583],[-46.633012,-23.535941],[-46.6319273,-23.5362],[-46.626544,-23.537605]]],[[[-46.639961,-23.5343697],[-46.637438,-23.535117],[-46.637178,-23.535128],[-46.637107,-23.535114],[-46.637049,-23.535088],[-46.636959,-23.534997],[-46.635816,-23.535274],[-46.635366,-23.535392],[-46.6338973,-23.5357549],[-46.633537,-23.53583]]]]},"properties":{"name":"Bom Retiro","admin_level":"9"}},{"type":"Feature","geometry":{"type":"MultiPolygon","coordinates":[[[[-46.625659,-23.535666],[-46.625323,-23.534922]]],[[[-46.626544,-23.537605],[-46.625659,-23.535666]]],[[[-46.626544,-23.537605],[-46.6272819,-23.5393207],[-46.6275392,-23.5398978],[-46.6278157,-23.5405179],[-46.628197,-23.541373],[-46.6280839,-23.5414668],[-46.627316,-23.542104],[-46.627144,-23.542283],[-46.626937,-23.542561],[-46.626826,-23.542739],[-46.6266958,-23.5431229],[-46.626617,-23.543434],[-46.626507,-23.543789],[-46.626262,-23.544701],[-46.626291,-23.545722],[-46.62633,-23.546125],[-46.626329,-23.546234],[-46.626408,-23.547017],[-46.62641,-23.547249],[-46.626336,-23.547843],[-46.626251,-23.548119],[-46.626064,-23.548466],[-46.625932,-23.548655],[-46.62549,-23.549392],[-46.625318,-23.549793],[-46.625204,-23.550175],[-46.625012,-23.55071],[-46.624913,-23.551152],[-46.624871,-23.551296],[-46.624915,-23.551952],[-46.625156,-23.553175],[-46.625204,-23.553297]]],[[[-46.625204,-23.553297],[-46.622548,-23.553502],[-46.621815,-23.553545],[-46.618164,-23.55379],[-46.6164836,-23.5539538],[-46.6146869,-23.5541393],[-46.6141548,-23.5541919],[-46.6132254,-23.5542799],[-46.612382,-23.554397],[-46.610221,-23.554583]]],[[[-46.610221,-23.554583],[-46.6115094,-23.5527648],[-46.611672,-23.552537],[-46.614876,-23.547728],[-46.614527,-23.547696],[-46.612964,-23.547608],[-46.612406,-23.547535],[-46.612076,-23.547475],[-46.609827,-23.546941],[-46.608992,-23.546757],[-46.608233,-23.546597],[-46.604451,-23.545851]]],[[[-46.612544,-23.533614],[-46.611571,-23.53446],[-46.610835,-23.535103],[-46.609552,-23.536206],[-46.608623,-23.537042],[-46.607986,-23.5392],[-46.607049,-23.542565],[-46.6069351,-23.5427432],[-46.6068517,-23.5428307],[-46.606583,-23.543045],[-46.606122,-23.543453],[-46.604451,-23.545851]]],[[[-46.612544,-23.533614],[-46.6133186,-23.532919],[-46.6137156,-23.5333076],[-46.6147268,-23.5343478],[-46.6154483,-23.5350117]]],[[[-46.6154483,-23.5350117],[-46.6160277,-23.5355945],[-46.6161348,-23.5355684]]],[[[-46.6161348,-23.5355684],[-46.616824,-23.535529],[-46.620384,-23.535249],[-46.622305,-23.535022],[-46.62494,-23.534339],[-46.6251054,-23.5342245],[-46.625184,-23.534201]]],[[[-46.625323,-23.534922],[-46.625265,-23.534748],[-46.625235,-23.534622],[-46.625184,-23.534201]]]]},"properties":{"name":"Brás","admin_level":"9"}},{"type":"Feature","geometry":{"type":"MultiPolygon","coordinates":[[[[-46.625204,-23.553297],[-46.622548,-23.553502],[-46.621815,-23.553545],[-46.618164,-23.55379],[-46.6164836,-23.5539538],[-46.6146869,-23.5541393],[-46.6141548,-23.5541919],[-46.6132254,-23.5542799],[-46.612382,-23.554397],[-46.610221,-23.554583]]],[[[-46.603893,-23.567145],[-46.608099,-23.558321],[-46.608434,-23.557619],[-46.609128,-23.556285],[-46.609379,-23.55585],[-46.6096,-23.555502],[-46.609937,-23.554983],[-46.610221,-23.554583]]],[[[-46.618113,-23.579026],[-46.618028,-23.578951],[-46.617998,-23.578786],[-46.618005,-23.578709],[-46.61815,-23.57843],[-46.618556,-23.57772],[-46.6182752,-23.5771711],[-46.6181834,-23.5770764],[-46.6180929,-23.5770071],[-46.6179,-23.576924],[-46.617757,-23.576862],[-46.617639,-23.576778],[-46.617178,-23.576237],[-46.616998,-23.576104],[-46.616483,-23.575854],[-46.616249,-23.575651],[-46.615741,-23.575057],[-46.6157878,-23.5749243],[-46.6158056,-23.5748109],[-46.6158023,-23.5747046],[-46.6157836,-23.5745933],[-46.6157628,-23.5745484],[-46.6157315,-23.5744779],[-46.6156981,-23.5744216],[-46.6156457,-23.5743578],[-46.6155686,-23.574283],[-46.6154532,-23.5742016],[-46.6153192,-23.5741383],[-46.6151901,-23.5740873],[-46.6150698,-23.5740347],[-46.6149755,-23.5739851],[-46.614872,-23.573914],[-46.614776,-23.5738215],[-46.614652,-23.573671],[-46.614542,-23.573496],[-46.614475,-23.573347],[-46.614447,-23.57315],[-46.614448,-23.572986],[-46.614509,-23.57268],[-46.614569,-23.572551],[-46.614599,-23.572525],[-46.614031,-23.571934],[-46.613919,-23.571842],[-46.6136765,-23.5717372],[-46.6136068,-23.5717071],[-46.613169,-23.571518],[-46.612982,-23.571414],[-46.612263,-23.568777],[-46.612228,-23.568682],[-46.612175,-23.568582],[-46.612109,-23.568508],[-46.612022,-23.568427],[-46.611927,-23.568361],[-46.611479,-23.56815],[-46.611121,-23.567969],[-46.6104207,-23.5676982],[-46.60934,-23.567282],[-46.609115,-23.567686],[-46.608999,-23.567875],[-46.608871,-23.568037],[-46.608725,-23.568184],[-46.60855,-23.568321],[-46.608284,-23.568485],[-46.607757,-23.568296],[-46.604907,-23.567106],[-46.604872,-23.567175],[-46.6047995,-23.5672481],[-46.604762,-23.567286],[-46.604655,-23.567339],[-46.604539,-23.567355],[-46.604419,-23.567341],[-46.604207,-23.56727],[-46.603893,-23.567145]]],[[[-46.625435,-23.578266],[-46.6245335,-23.5782707],[-46.62261,-23.578248],[-46.621367,-23.57821],[-46.619283,-23.578186],[-46.619229,-23.5782],[-46.619174,-23.578237],[-46.618113,-23.579026]]],[[[-46.625435,-23.578266],[-46.6251481,-23.576945],[-46.62496,-23.575932],[-46.623036,-23.5666718],[-46.62272,-23.565151],[-46.622941,-23.565071],[-46.623213,-23.564914],[-46.623327,-23.563994],[-46.623341,-23.56393],[-46.62338,-23.563857],[-46.623743,-23.563398],[-46.623906,-23.561924],[-46.624324,-23.561914],[-46.625225,-23.561696],[-46.624363,-23.559114],[-46.625965,-23.558399],[-46.626357,-23.558261],[-46.626476,-23.558185],[-46.626544,-23.558127],[-46.626576,-23.557964],[-46.626617,-23.557454],[-46.626631,-23.55704],[-46.626629,-23.556639],[-46.626665,-23.556208],[-46.626829,-23.554873],[-46.626815,-23.554499]]],[[[-46.626815,-23.554499],[-46.624844,-23.554272],[-46.625347,-23.553622],[-46.625204,-23.553297]]]]},"properties":{"name":"Cambuci","admin_level":"9"}},{"type":"Feature","geometry":{"type":"MultiPolygon","coordinates":[[[[-46.67581,-23.552015],[-46.675072,-23.550504],[-46.674882,-23.55016],[-46.674569,-23.549473],[-46.674041,-23.548357],[-46.6736859,-23.5483239],[-46.673526,-23.5483197],[-46.6733548,-23.5483023],[-46.673143,-23.5482857],[-46.6729268,-23.5482436],[-46.6726664,-23.5481616],[-46.672328,-23.547999],[-46.67214,-23.547886],[-46.671925,-23.547751],[-46.67176,-23.547623],[-46.671487,-23.547377],[-46.67113,-23.54708],[-46.670799,-23.546842],[-46.670503,-23.546634],[-46.670265,-23.546486],[-46.6700575,-23.546381],[-46.668918,-23.54581],[-46.668414,-23.545587],[-46.668052,-23.54545],[-46.667598,-23.545319],[-46.667228,-23.545217],[-46.666793,-23.545129],[-46.666534,-23.545041],[-46.666378,-23.544963],[-46.666162,-23.544827],[-46.665932,-23.544295],[-46.665643,-23.543553],[-46.665575,-23.543418],[-46.665452,-23.543209],[-46.665365,-23.543029],[-46.664812,-23.541759],[-46.6645154,-23.5410421],[-46.664081,-23.540028],[-46.664018,-23.539808],[-46.663951,-23.539508],[-46.663929,-23.539371],[-46.663884,-23.538989],[-46.663822,-23.538068],[-46.663748,-23.537791],[-46.663618,-23.53746],[-46.663427,-23.537046]]],[[[-46.6477212,-23.5417092],[-46.6480524,-23.5417149],[-46.648843,-23.541718],[-46.651425,-23.541656],[-46.655594,-23.541531],[-46.6557482,-23.5415446],[-46.655771,-23.541535],[-46.6583044,-23.5406662],[-46.65846,-23.540587],[-46.659199,-23.540162],[-46.661317,-23.538918],[-46.661464,-23.53882],[-46.662729,-23.537654],[-46.663427,-23.537046]]],[[[-46.6463052,-23.550831],[-46.646393,-23.550606],[-46.6464086,-23.5505712],[-46.646479,-23.550414],[-46.646566,-23.550256],[-46.646665,-23.550143],[-46.647144,-23.548838],[-46.647214,-23.54868],[-46.647258,-23.548628],[-46.647813,-23.547623],[-46.64783,-23.547516],[-46.647841,-23.54721],[-46.647833,-23.547106],[-46.647837,-23.546853],[-46.647864,-23.546428],[-46.647835,-23.546313],[-46.647787,-23.545994],[-46.647761,-23.544675],[-46.647687,-23.542778],[-46.6477212,-23.5417092]]],[[[-46.658908,-23.559223],[-46.658867,-23.559167],[-46.657312,-23.557156],[-46.6571686,-23.5569865],[-46.65568,-23.55507],[-46.6555551,-23.5550036],[-46.6554358,-23.5549382],[-46.6531158,-23.5537176],[-46.6528348,-23.5535698],[-46.652246,-23.55326],[-46.6505469,-23.5523257],[-46.650307,-23.55223],[-46.6478856,-23.5514353],[-46.6476192,-23.5514139],[-46.6472294,-23.5515878],[-46.6471184,-23.551314],[-46.6470459,-23.5512078],[-46.6469504,-23.5511072],[-46.6468668,-23.5510582],[-46.6466839,-23.5509752],[-46.6465235,-23.5509104],[-46.6463052,-23.550831]]],[[[-46.658908,-23.559223],[-46.660167,-23.558115],[-46.66291,-23.555697],[-46.663321,-23.556004],[-46.663641,-23.556184],[-46.663927,-23.556301],[-46.664321,-23.55641],[-46.664641,-23.55647],[-46.664973,-23.556503],[-46.66518,-23.556492],[-46.665314,-23.556469],[-46.665552,-23.556399],[-46.665822,-23.556299],[-46.666299,-23.556073],[-46.6666651,-23.5559373],[-46.667736,-23.5554348],[-46.670034,-23.554385],[-46.67581,-23.552015]]]]},"properties":{"name":"Consolação","admin_level":"9"}},{"type":"Feature","geometry":{"type":"MultiPolygon","coordinates":[[[[-46.625435,-23.578266],[-46.6251481,-23.576945],[-46.62496,-23.575932],[-46.623036,-23.5666718],[-46.62272,-23.565151],[-46.622941,-23.565071],[-46.623213,-23.564914],[-46.623327,-23.563994],[-46.623341,-23.56393],[-46.62338,-23.563857],[-46.623743,-23.563398],[-46.623906,-23.561924],[-46.624324,-23.561914],[-46.625225,-23.561696],[-46.624363,-23.559114],[-46.625965,-23.558399],[-46.626357,-23.558261],[-46.626476,-23.558185],[-46.626544,-23.558127],[-46.626576,-23.557964],[-46.626617,-23.557454],[-46.626631,-23.55704],[-46.626629,-23.556639],[-46.626665,-23.556208],[-46.626829,-23.554873],[-46.626815,-23.554499]]],[[[-46.6339763,-23.5751717],[-46.634135,-23.575288],[-46.634219,-23.575334],[-46.634201,-23.575474],[-46.634177,-23.575525],[-46.634127,-23.575577],[-46.634077,-23.575597],[-46.63401,-23.575598],[-46.633858,-23.575566],[-46.633764,-23.575563],[-46.633668,-23.575588],[-46.633565,-23.575629],[-46.633503,-23.575683],[-46.633074,-23.576446],[-46.6330138,-23.5765724],[-46.632927,-23.576805],[-46.632772,-23.578168],[-46.6327527,-23.5782799],[-46.63261,-23.578502],[-46.6310371,-23.5786292],[-46.629624,-23.578752],[-46.629245,-23.578789],[-46.629077,-23.578773],[-46.628828,-23.578731],[-46.628574,-23.578747],[-46.628508,-23.578732],[-46.628246,-23.578628],[-46.628132,-23.578549],[-46.628044,-23.578467],[-46.627957,-23.578366],[-46.627945,-23.578283],[-46.6266574,-23.5782801],[-46.625435,-23.578266]]],[[[-46.633761,-23.575014],[-46.6339763,-23.5751717]]],[[[-46.641065,-23.573339],[-46.640796,-23.5734399],[-46.6407495,-23.5734593],[-46.640338,-23.573598],[-46.640098,-23.573629],[-46.6378619,-23.5743525],[-46.6364721,-23.5747826],[-46.63534,-23.575115],[-46.635062,-23.575083],[-46.634803,-23.575082],[-46.633995,-23.575043],[-46.633761,-23.575014]]],[[[-46.63751,-23.556134],[-46.638104,-23.55758],[-46.6385283,-23.5586836],[-46.638606,-23.558886],[-46.638694,-23.559069],[-46.63902,-23.55957],[-46.639302,-23.559959],[-46.639457,-23.560193],[-46.639608,-23.560472],[-46.639793,-23.56093],[-46.63989,-23.561205],[-46.639962,-23.561487],[-46.64003,-23.561991],[-46.640079,-23.562428],[-46.6401009,-23.5626817],[-46.6401158,-23.5627753],[-46.64012,-23.562894],[-46.640229,-23.563593],[-46.640299,-23.563922],[-46.640543,-23.564946],[-46.64059,-23.565178],[-46.640628,-23.565484],[-46.640646,-23.565714],[-46.640643,-23.566081],[-46.640637,-23.566224],[-46.640592,-23.56653],[-46.64056,-23.566877],[-46.640563,-23.56752],[-46.640726,-23.569563],[-46.640836,-23.570726],[-46.640997,-23.572635],[-46.641065,-23.573339]]],[[[-46.63751,-23.556134],[-46.636866,-23.556248],[-46.63593,-23.556414],[-46.634927,-23.556568],[-46.634672,-23.556597],[-46.634464,-23.556602],[-46.6329761,-23.5565135],[-46.630703,-23.556347],[-46.6297253,-23.5562839],[-46.6287233,-23.5562052],[-46.6283666,-23.5561263],[-46.6280875,-23.5560032],[-46.627825,-23.555834],[-46.627693,-23.555709],[-46.627518,-23.555471],[-46.627051,-23.554526],[-46.626815,-23.554499]]]]},"properties":{"name":"Liberdade","admin_level":"9"}},{"type":"Feature","geometry":{"type":"MultiPolygon","coordinates":[[[[-46.6095786,-23.530655],[-46.6095763,-23.5306699],[-46.611537,-23.532623],[-46.612544,-23.533614]]],[[[-46.612544,-23.533614],[-46.6133186,-23.532919],[-46.6137156,-23.5333076],[-46.6147268,-23.5343478],[-46.6154483,-23.5350117]]],[[[-46.6154483,-23.5350117],[-46.6160277,-23.5355945],[-46.6161348,-23.5355684]]],[[[-46.6161348,-23.5355684],[-46.616824,-23.535529],[-46.620384,-23.535249],[-46.622305,-23.535022],[-46.62494,-23.534339],[-46.6251054,-23.5342245],[-46.625184,-23.534201]]],[[[-46.625202,-23.5193029],[-46.6252158,-23.5197631],[-46.6252206,-23.5199236],[-46.6252243,-23.5200496],[-46.625387,-23.5254862],[-46.6253956,-23.5257747],[-46.6253624,-23.5260743],[-46.625415,-23.526352],[-46.6255196,-23.5298991],[-46.625592,-23.532325],[-46.625352,-23.532774],[-46.625272,-23.532947],[-46.625195,-23.533183],[-46.625159,-23.533351],[-46.62515,-23.533658],[-46.62516,-23.533964],[-46.625184,-23.534201]]],[[[-46.61892,-23.518777],[-46.619465,-23.518769],[-46.619851,-23.518791],[-46.620437,-23.518867],[-46.621954,-23.519205],[-46.622492,-23.519318],[-46.622874,-23.519371],[-46.623216,-23.519396],[-46.623642,-23.519406],[-46.624322,-23.519379],[-46.6251471,-23.5193076],[-46.625202,-23.5193029]]],[[[-46.607066,-23.523001],[-46.607442,-23.523085],[-46.608263,-23.523238],[-46.608755,-23.523287],[-46.609081,-23.523306],[-46.609512,-23.523295],[-46.609973,-23.523262],[-46.610277,-23.523216],[-46.610645,-23.523126],[-46.611066,-23.523003],[-46.61158,-23.522823],[-46.611947,-23.522663],[-46.612263,-23.522504],[-46.612623,-23.522298],[-46.612915,-23.522097],[-46.6131,-23.521957],[-46.614328,-23.520945],[-46.615433,-23.520064],[-46.615706,-23.519875],[-46.616011,-23.519683],[-46.616584,-23.519402],[-46.617247,-23.519123],[-46.617668,-23.518983],[-46.617941,-23.518906],[-46.618223,-23.518855],[-46.618488,-23.518817],[-46.61892,-23.518777]]],[[[-46.607066,-23.523001],[-46.606852,-23.523825],[-46.606238,-23.526194],[-46.606195,-23.526463],[-46.6061354,-23.5265372],[-46.605747,-23.526896],[-46.606805,-23.52797],[-46.608738,-23.529871]]],[[[-46.608738,-23.529871],[-46.6095521,-23.5306463],[-46.6095786,-23.530655]]]]},"properties":{"name":"Pari","admin_level":"9"}},{"type":"Feature","geometry":{"type":"MultiPolygon","coordinates":[[[[-46.6463052,-23.550831],[-46.646393,-23.550606],[-46.6464086,-23.5505712],[-46.646479,-23.550414],[-46.646566,-23.550256],[-46.646665,-23.550143],[-46.647144,-23.548838],[-46.647214,-23.54868],[-46.647258,-23.548628],[-46.647813,-23.547623],[-46.64783,-23.547516],[-46.647841,-23.54721],[-46.647833,-23.547106],[-46.647837,-23.546853],[-46.647864,-23.546428],[-46.647835,-23.546313],[-46.647787,-23.545994],[-46.647761,-23.544675],[-46.647687,-23.542778],[-46.6477212,-23.5417092]]],[[[-46.6477212,-23.5417092],[-46.6472191,-23.5411799],[-46.646764,-23.5415427],[-46.6451426,-23.5398331],[-46.6440814,-23.5387141],[-46.6405429,-23.5349832],[-46.6404484,-23.5348835],[-46.6403925,-23.5348246],[-46.6403533,-23.5347832],[-46.6402835,-23.5347097],[-46.639961,-23.5343697]]],[[[-46.639961,-23.5343697],[-46.637438,-23.535117],[-46.637178,-23.535128],[-46.637107,-23.535114],[-46.637049,-23.535088],[-46.636959,-23.534997],[-46.635816,-23.535274],[-46.635366,-23.535392],[-46.6338973,-23.5357549],[-46.633537,-23.53583]]],[[[-46.6388196,-23.5485577],[-46.638808,-23.548517],[-46.6387716,-23.5484588],[-46.638742,-23.548398],[-46.6361368,-23.544411],[-46.63509,-23.542809],[-46.634509,-23.541908],[-46.634162,-23.541342],[-46.634105,-23.541219],[-46.634034,-23.541011],[-46.633969,-23.540641],[-46.633767,-23.53882],[-46.6336108,-23.5371868],[-46.633564,-23.536669],[-46.633554,-23.536432],[-46.633555,-23.536043],[-46.633537,-23.53583]]],[[[-46.63751,-23.556134],[-46.63738,-23.555817],[-46.636718,-23.554116],[-46.636643,-23.553832],[-46.636598,-23.553556],[-46.6365898,-23.5533208],[-46.636632,-23.552516],[-46.636715,-23.552092],[-46.636748,-23.551976],[-46.636825,-23.551823],[-46.636986,-23.551609],[-46.638259,-23.550048],[-46.6386469,-23.5493903],[-46.6387351,-23.5492285],[-46.6387876,-23.5491045],[-46.638832,-23.548972],[-46.638862,-23.548748],[-46.63886,-23.548666],[-46.6388196,-23.5485577]]],[[[-46.6463052,-23.550831],[-46.64585,-23.5520663],[-46.645392,-23.553309],[-46.6452263,-23.5536949],[-46.645105,-23.553903],[-46.64487,-23.554215],[-46.644613,-23.554417],[-46.644364,-23.554556],[-46.644224,-23.554616],[-46.642533,-23.555257],[-46.6423,-23.555336],[-46.64207,-23.5554],[-46.641916,-23.555435],[-46.6401777,-23.5556958],[-46.639312,-23.555826],[-46.638459,-23.555967],[-46.63751,-23.556134]]]]},"properties":{"name":"República","admin_level":"9"}},{"type":"Feature","geometry":{"type":"MultiPolygon","coordinates":[[[[-46.663427,-23.537046],[-46.663152,-23.536506],[-46.66125,-23.532717],[-46.6609979,-23.532221],[-46.6609703,-23.5321647],[-46.660944,-23.532099],[-46.660934,-23.53175],[-46.66094,-23.530501],[-46.6609342,-23.5299991],[-46.660911,-23.527991],[-46.660893,-23.527778],[-46.660867,-23.527633],[-46.660822,-23.527434],[-46.66072,-23.527095],[-46.660103,-23.524707],[-46.659798,-23.523571],[-46.659706,-23.523302],[-46.659486,-23.522783],[-46.659312,-23.522454],[-46.6591571,-23.5222265],[-46.659043,-23.522048],[-46.658853,-23.521813],[-46.658592,-23.521519],[-46.657558,-23.520486],[-46.655884,-23.518785],[-46.655695,-23.51862],[-46.65536,-23.518365],[-46.655045,-23.518209],[-46.654427,-23.517959],[-46.6541646,-23.5178156]]],[[[-46.6541646,-23.5178156],[-46.654024,-23.517955],[-46.653635,-23.518256],[-46.653299,-23.518525],[-46.653172,-23.518635],[-46.653082,-23.51874],[-46.652995,-23.518868],[-46.652544,-23.519646],[-46.651747,-23.520956],[-46.651027,-23.522245],[-46.650492,-23.523144],[-46.650255,-23.523584],[-46.649961,-23.524097],[-46.649414,-23.525021],[-46.649295,-23.5252],[-46.648405,-23.526747],[-46.64834,-23.526867],[-46.648245,-23.527091],[-46.648218,-23.527186],[-46.648192,-23.52732],[-46.648052,-23.528579],[-46.648007,-23.528742],[-46.645957,-23.528547],[-46.645673,-23.528548],[-46.645341,-23.52856],[-46.644969,-23.528604],[-46.644489,-23.528724],[-46.643904,-23.528955],[-46.643587,-23.529126],[-46.643266,-23.529328],[-46.643011,-23.529521],[-46.642704,-23.529798],[-46.642369,-23.530182],[-46.641746,-23.531074],[-46.6416426,-23.5313432],[-46.6415684,-23.5315081],[-46.6415347,-23.531634],[-46.6414482,-23.5318666],[-46.6414255,-23.5319566],[-46.6414111,-23.5320289],[-46.6414066,-23.5320634],[-46.6414062,-23.5322067],[-46.6413861,-23.532359],[-46.639961,-23.5343697]]],[[[-46.6477212,-23.5417092],[-46.6472191,-23.5411799],[-46.646764,-23.5415427],[-46.6451426,-23.5398331],[-46.6440814,-23.5387141],[-46.6405429,-23.5349832],[-46.6404484,-23.5348835],[-46.6403925,-23.5348246],[-46.6403533,-23.5347832],[-46.6402835,-23.5347097],[-46.639961,-23.5343697]]],[[[-46.6477212,-23.5417092],[-46.6480524,-23.5417149],[-46.648843,-23.541718],[-46.651425,-23.541656],[-46.655594,-23.541531],[-46.6557482,-23.5415446],[-46.655771,-23.541535],[-46.6583044,-23.5406662],[-46.65846,-23.540587],[-46.659199,-23.540162],[-46.661317,-23.538918],[-46.661464,-23.53882],[-46.662729,-23.537654],[-46.663427,-23.537046]]]]},"properties":{"name":"Santa Cecília","admin_level":"9"}},{"type":"Feature","geometry":{"type":"MultiPolygon","coordinates":[[[[-46.626544,-23.537605],[-46.6272819,-23.5393207],[-46.6275392,-23.5398978],[-46.6278157,-23.5405179],[-46.628197,-23.541373],[-46.6280839,-23.5414668],[-46.627316,-23.542104],[-46.627144,-23.542283],[-46.626937,-23.542561],[-46.626826,-23.542739],[-46.6266958,-23.5431229],[-46.626617,-23.543434],[-46.626507,-23.543789],[-46.626262,-23.544701],[-46.626291,-23.545722],[-46.62633,-23.546125],[-46.626329,-23.546234],[-46.626408,-23.547017],[-46.62641,-23.547249],[-46.626336,-23.547843],[-46.626251,-23.548119],[-46.626064,-23.548466],[-46.625932,-23.548655],[-46.62549,-23.549392],[-46.625318,-23.549793],[-46.625204,-23.550175],[-46.625012,-23.55071],[-46.624913,-23.551152],[-46.624871,-23.551296],[-46.624915,-23.551952],[-46.625156,-23.553175],[-46.625204,-23.553297]]],[[[-46.633537,-23.53583],[-46.633012,-23.535941],[-46.6319273,-23.5362],[-46.626544,-23.537605]]],[[[-46.6388196,-23.5485577],[-46.638808,-23.548517],[-46.6387716,-23.5484588],[-46.638742,-23.548398],[-46.6361368,-23.544411],[-46.63509,-23.542809],[-46.634509,-23.541908],[-46.634162,-23.541342],[-46.634105,-23.541219],[-46.634034,-23.541011],[-46.633969,-23.540641],[-46.633767,-23.53882],[-46.6336108,-23.5371868],[-46.633564,-23.536669],[-46.633554,-23.536432],[-46.633555,-23.536043],[-46.633537,-23.53583]]],[[[-46.63751,-23.556134],[-46.63738,-23.555817],[-46.636718,-23.554116],[-46.636643,-23.553832],[-46.636598,-23.553556],[-46.6365898,-23.5533208],[-46.636632,-23.552516],[-46.636715,-23.552092],[-46.636748,-23.551976],[-46.636825,-23.551823],[-46.636986,-23.551609],[-46.638259,-23.550048],[-46.6386469,-23.5493903],[-46.6387351,-23.5492285],[-46.6387876,-23.5491045],[-46.638832,-23.548972],[-46.638862,-23.548748],[-46.63886,-23.548666],[-46.6388196,-23.5485577]]],[[[-46.63751,-23.556134],[-46.636866,-23.556248],[-46.63593,-23.556414],[-46.634927,-23.556568],[-46.634672,-23.556597],[-46.634464,-23.556602],[-46.6329761,-23.5565135],[-46.630703,-23.556347],[-46.6297253,-23.5562839],[-46.6287233,-23.5562052],[-46.6283666,-23.5561263],[-46.6280875,-23.5560032],[-46.627825,-23.555834],[-46.627693,-23.555709],[-46.627518,-23.555471],[-46.627051,-23.554526],[-46.626815,-23.554499]]],[[[-46.626815,-23.554499],[-46.624844,-23.554272],[-46.625347,-23.553622],[-46.625204,-23.553297]]]]},"properties":{"name":"Sé","admin_level":"9"}},{"type":"Feature","geometry":{"type":"MultiPolygon","coordinates":[[[[-46.7517728,-23.6087189],[-46.751039,-23.61255],[-46.750952,-23.613045],[-46.750763,-23.613853],[-46.750226,-23.616142],[-46.7497468,-23.6170725]]],[[[-46.7538663,-23.6113818],[-46.7533942,-23.6111311],[-46.7532626,-23.6110431],[-46.7528779,-23.6107858],[-46.7525547,-23.6105462],[-46.7524112,-23.61025],[-46.752328,-23.6098126],[-46.752068,-23.6094495],[-46.7519229,-23.609232],[-46.751845,-23.6090588],[-46.7517728,-23.6087189]]],[[[-46.7544224,-23.6116029],[-46.7539441,-23.6114248],[-46.7538663,-23.6113818]]],[[[-46.7927215,-23.6471775],[-46.7925616,-23.6471353],[-46.7902354,-23.6453769],[-46.7895871,-23.6449388],[-46.7894358,-23.6447451],[-46.7892427,-23.6438606],[-46.7888253,-23.6431648],[-46.7887717,-23.6428699],[-46.7888672,-23.642406],[-46.7888093,-23.6423146],[-46.7885529,-23.6418992],[-46.7885303,-23.6418625],[-46.7882674,-23.6412875],[-46.7876237,-23.6405996],[-46.7866302,-23.6398261],[-46.7864532,-23.6397917],[-46.7859489,-23.6398113],[-46.7856596,-23.6397749],[-46.7854895,-23.6396355],[-46.7852419,-23.6393317],[-46.78514,-23.6385847],[-46.7849951,-23.6384447],[-46.7847795,-23.6383419],[-46.7844093,-23.6382584],[-46.7841411,-23.6381896],[-46.7835628,-23.637882],[-46.7829019,-23.6376638],[-46.7825382,-23.6375773],[-46.7820115,-23.6376097],[-46.7817889,-23.6375925],[-46.78154,-23.6376772],[-46.7813838,-23.6376982],[-46.7813111,-23.6376071],[-46.7812282,-23.637418],[-46.7809547,-23.6372067],[-46.7803485,-23.6368578],[-46.7801768,-23.6367644],[-46.7798871,-23.6366219],[-46.7796323,-23.6364081],[-46.7793668,-23.6362386],[-46.7790338,-23.6360539],[-46.7785782,-23.6358012],[-46.7775778,-23.635182],[-46.7774999,-23.6350837],[-46.7774946,-23.6349829],[-46.7775214,-23.6349068],[-46.7776676,-23.6346242],[-46.7777011,-23.634521],[-46.7777414,-23.6343428],[-46.7777669,-23.634188],[-46.7775966,-23.6337863],[-46.777445,-23.6335136],[-46.7773175,-23.6330934],[-46.7772371,-23.6329557],[-46.7769474,-23.6321596],[-46.7768294,-23.6317468],[-46.7764915,-23.6310293],[-46.7761723,-23.6307321],[-46.7758692,-23.6305135],[-46.77566,-23.6303513],[-46.7753006,-23.6300957],[-46.7750484,-23.6299876],[-46.7747051,-23.6298598],[-46.7739326,-23.629506],[-46.7731172,-23.6292406],[-46.772849,-23.6291324],[-46.7723501,-23.6285427],[-46.7721838,-23.6283215],[-46.7720444,-23.6282576],[-46.771642,-23.6282281],[-46.7714077,-23.6281791],[-46.7712558,-23.6281151],[-46.771009,-23.6279824],[-46.7706979,-23.6278006],[-46.7703841,-23.6276556],[-46.7702311,-23.627631],[-46.770038,-23.6276113],[-46.7698617,-23.6275496],[-46.7697645,-23.6275155],[-46.7695928,-23.6274172],[-46.7693946,-23.6273084],[-46.7693635,-23.62729],[-46.769271,-23.6272354],[-46.7691154,-23.6270634],[-46.7689926,-23.6267192],[-46.768756,-23.6260558],[-46.768595,-23.6257806],[-46.7681444,-23.6249844],[-46.7678387,-23.6244683],[-46.7676455,-23.6241292],[-46.7675061,-23.6238982],[-46.7673666,-23.6237311],[-46.7668194,-23.6232593],[-46.7664493,-23.6229349],[-46.7656247,-23.6221435],[-46.7655137,-23.6219459],[-46.7654275,-23.6217258],[-46.7653165,-23.621483],[-46.7651565,-23.6212147],[-46.764958,-23.621023],[-46.7647702,-23.6208362],[-46.7644698,-23.62062],[-46.7641057,-23.6204304],[-46.7631355,-23.6191612],[-46.7628296,-23.618859],[-46.7624581,-23.6185759],[-46.7622784,-23.6184432],[-46.7616481,-23.6179806],[-46.7612028,-23.6176462],[-46.7610749,-23.6174803],[-46.7609458,-23.6173093],[-46.7608783,-23.6171835],[-46.7608327,-23.6169868],[-46.7608193,-23.6165863],[-46.7607905,-23.616104],[-46.760635,-23.6156912],[-46.7605921,-23.6154946],[-46.760441,-23.6151247],[-46.7602005,-23.6148949],[-46.7599215,-23.6147917],[-46.7596525,-23.6146037],[-46.7594666,-23.6143484],[-46.7593023,-23.6141378],[-46.759149,-23.6139413],[-46.7587995,-23.6136796],[-46.7583328,-23.6130898],[-46.7580761,-23.6127912],[-46.7574431,-23.6125749],[-46.7568155,-23.6123537],[-46.756584,-23.6122591],[-46.7563488,-23.612103],[-46.7560315,-23.6116791],[-46.7557453,-23.6113977],[-46.7556219,-23.6113485],[-46.7554472,-23.6113565],[-46.7552188,-23.6114136],[-46.7548945,-23.6115464],[-46.7544224,-23.6116029]]],[[[-46.7925756,-23.6496774],[-46.7925294,-23.6495153],[-46.7924127,-23.6493249],[-46.7923698,-23.6490694],[-46.7925254,-23.6486567],[-46.7926863,-23.6481603],[-46.7927561,-23.6477967],[-46.7928097,-23.6475215],[-46.7927963,-23.6474257],[-46.7927534,-23.6472463],[-46.7927215,-23.6471775]]],[[[-46.7925723,-23.6497468],[-46.7925756,-23.6496774]]],[[[-46.7925723,-23.6497468],[-46.792239,-23.649618],[-46.792074,-23.6495287],[-46.7920057,-23.6494816],[-46.7919318,-23.6494306],[-46.7918754,-23.6493874],[-46.7917632,-23.6493276],[-46.7917085,-23.6493063],[-46.7915748,-23.6490623],[-46.7914031,-23.6485795],[-46.7913026,-23.6482453],[-46.7911725,-23.648023],[-46.7909686,-23.6477699],[-46.7907245,-23.6475598],[-46.7905127,-23.64741],[-46.7901331,-23.6472367],[-46.789877,-23.6471716],[-46.7896879,-23.6471434],[-46.7895469,-23.6471612],[-46.7891896,-23.6472672],[-46.7889085,-23.6473735],[-46.7885945,-23.64755],[-46.7880401,-23.6478777],[-46.7876345,-23.6480712],[-46.787564,-23.6480887],[-46.7874318,-23.6481348],[-46.7874211,-23.6481411]]],[[[-46.7867713,-23.6490161],[-46.7871048,-23.6486665],[-46.7873081,-23.6483786],[-46.7874115,-23.6481762],[-46.7874211,-23.6481411]]],[[[-46.7837005,-23.650483],[-46.7838074,-23.6504601],[-46.7838849,-23.6504581],[-46.7840767,-23.6504165],[-46.7846025,-23.6502552],[-46.7850815,-23.650022],[-46.7864249,-23.6493339],[-46.7866188,-23.6491836],[-46.7867713,-23.6490161]]],[[[-46.7835342,-23.6504167],[-46.7837005,-23.650483]]],[[[-46.7804318,-23.651257],[-46.7804809,-23.6512552],[-46.7805567,-23.6512554],[-46.780618,-23.6512602],[-46.7808121,-23.6512754],[-46.781012,-23.651291],[-46.781082,-23.6512757],[-46.7811448,-23.6512478],[-46.7812208,-23.6512001],[-46.7812724,-23.6511528],[-46.7813197,-23.6511116],[-46.7813941,-23.6510477],[-46.7814568,-23.6510051],[-46.781529,-23.6509696],[-46.7819706,-23.6508103],[-46.782332,-23.6506671],[-46.7824907,-23.6506137],[-46.7828786,-23.6504581],[-46.7829435,-23.6504431],[-46.7831346,-23.6504197],[-46.7832733,-23.6504135],[-46.7833257,-23.6504111],[-46.7834397,-23.6504056],[-46.7834869,-23.6504084],[-46.7835342,-23.6504167]]],[[[-46.780283,-23.6512659],[-46.7804318,-23.651257]]],[[[-46.7788133,-23.6520163],[-46.7789822,-23.6518301],[-46.7790705,-23.6517538],[-46.7791567,-23.6516948],[-46.7792643,-23.6516113],[-46.779389,-23.6515346],[-46.7794592,-23.6514847],[-46.7795441,-23.6514361],[-46.779647,-23.6513902],[-46.7797368,-23.6513488],[-46.7798214,-23.6513214],[-46.7799212,-23.651304],[-46.7800293,-23.6512932],[-46.7801191,-23.6512843],[-46.7801827,-23.6512765],[-46.7802361,-23.65127],[-46.780283,-23.6512659]]],[[[-46.7788133,-23.6520163],[-46.7787092,-23.6521414],[-46.7786991,-23.6521567]]],[[[-46.7786991,-23.6521567],[-46.7786503,-23.6522302],[-46.7785424,-23.6523929]]],[[[-46.7785424,-23.6523929],[-46.7784856,-23.6524497],[-46.7784523,-23.6524619],[-46.7783909,-23.6524599]]],[[[-46.7783909,-23.6524599],[-46.7783669,-23.6523951],[-46.7785762,-23.6517925],[-46.7785286,-23.6517709]]],[[[-46.7780476,-23.6500698],[-46.777891,-23.6508418],[-46.777866,-23.650932],[-46.7778553,-23.6510155],[-46.7778667,-23.6510886],[-46.7778862,-23.6511384],[-46.777913,-23.6511808],[-46.7785286,-23.6517709]]],[[[-46.7780476,-23.6500698],[-46.77743,-23.650358],[-46.7773619,-23.6504069],[-46.776737,-23.650717],[-46.776442,-23.650874],[-46.775789,-23.6512],[-46.775611,-23.651251],[-46.774959,-23.651299],[-46.77456,-23.651331],[-46.774402,-23.651353],[-46.774341,-23.651376],[-46.774201,-23.65145],[-46.774155,-23.651521],[-46.773992,-23.651675],[-46.773887,-23.651735],[-46.77382,-23.651796],[-46.773746,-23.651825],[-46.773506,-23.652021],[-46.773415,-23.652112],[-46.7733795,-23.6521599],[-46.773286,-23.652333],[-46.773063,-23.652659],[-46.772924,-23.652887],[-46.772838,-23.652941],[-46.772265,-23.653138],[-46.771707,-23.653319],[-46.771358,-23.653434],[-46.771233,-23.653482],[-46.770701,-23.653658],[-46.770205,-23.653827],[-46.769598,-23.654044],[-46.769048,-23.654234],[-46.768521,-23.654406],[-46.76844,-23.654596],[-46.768367,-23.654721],[-46.76824,-23.654876],[-46.76791,-23.655196],[-46.767543,-23.655529],[-46.767334,-23.655683],[-46.767106,-23.655811],[-46.766655,-23.655951],[-46.766593,-23.655977],[-46.766531,-23.656026],[-46.766379,-23.656186],[-46.76624,-23.656256],[-46.766114,-23.656333],[-46.76587,-23.6564676],[-46.7655181,-23.656041],[-46.7643388,-23.6546116],[-46.7642049,-23.6544463],[-46.763833,-23.6540189],[-46.7630957,-23.6532859],[-46.7623087,-23.6525129],[-46.7621412,-23.6523858],[-46.7619874,-23.6522969],[-46.7618286,-23.6522304],[-46.761604,-23.652212],[-46.761331,-23.652101],[-46.761043,-23.651957],[-46.760879,-23.65184],[-46.760771,-23.651735],[-46.760667,-23.651624],[-46.760343,-23.651086],[-46.760214,-23.650909],[-46.760073,-23.650768],[-46.759939,-23.650652],[-46.759831,-23.650573],[-46.759675,-23.650476],[-46.759038,-23.650153],[-46.758907,-23.650074],[-46.758695,-23.649863],[-46.758551,-23.649679],[-46.758456,-23.649492],[-46.758399,-23.649291],[-46.758374,-23.64911],[-46.758351,-23.648681],[-46.758339,-23.64854]]],[[[-46.758339,-23.64854],[-46.758263,-23.64803],[-46.75818,-23.647804],[-46.758116,-23.647692],[-46.757969,-23.647487],[-46.757792,-23.647266],[-46.75759,-23.647074],[-46.75733,-23.646856],[-46.757038,-23.646628],[-46.756666,-23.646379],[-46.75631,-23.646159],[-46.755939,-23.646014],[-46.755469,-23.645881],[-46.755054,-23.645803],[-46.754802,-23.645772],[-46.754513,-23.64577],[-46.754185,-23.645792],[-46.753809,-23.645856],[-46.753573,-23.645907],[-46.753369,-23.645905],[-46.753142,-23.645887],[-46.752875,-23.645816],[-46.752396,-23.645592],[-46.75223,-23.6455],[-46.751985,-23.645416],[-46.75183,-23.645374],[-46.75166,-23.645346],[-46.750974,-23.645292],[-46.750814,-23.645259],[-46.750619,-23.64519],[-46.750313,-23.645044],[-46.749922,-23.644841],[-46.749538,-23.644614],[-46.749321,-23.644453],[-46.749085,-23.644302],[-46.748216,-23.643761],[-46.747974,-23.643564],[-46.747667,-23.643306],[-46.747483,-23.643108],[-46.747318,-23.642895],[-46.747211,-23.642698],[-46.747144,-23.642552],[-46.747112,-23.642438],[-46.747077,-23.642193],[-46.746931,-23.640946],[-46.746897,-23.640666],[-46.746857,-23.640497],[-46.746831,-23.640423]]],[[[-46.746831,-23.640423],[-46.7465285,-23.6401806],[-46.7462275,-23.6399022],[-46.7457899,-23.6397158],[-46.7451822,-23.6396724],[-46.7450105,-23.6396674],[-46.745007,-23.6396205],[-46.7450047,-23.6395426],[-46.7450016,-23.6394347],[-46.7449864,-23.6392209],[-46.7449675,-23.6391521],[-46.7449489,-23.6390842],[-46.7448963,-23.6389592],[-46.7447925,-23.6388284],[-46.7443427,-23.6384846],[-46.7439727,-23.6381904],[-46.7436585,-23.6378958],[-46.7431788,-23.6373967],[-46.743065,-23.637244],[-46.7429159,-23.6370715],[-46.7427887,-23.6368764],[-46.7426261,-23.6366369],[-46.7421916,-23.6361307],[-46.74193,-23.6357851],[-46.7418233,-23.6356095],[-46.7417904,-23.6355282],[-46.7417637,-23.6353321],[-46.7416865,-23.6348723],[-46.7416686,-23.6347678],[-46.7415985,-23.6344645],[-46.7415838,-23.6344083],[-46.7415438,-23.6343399],[-46.7415027,-23.6342824],[-46.7414171,-23.6341965],[-46.746114,-23.6248424],[-46.74611,-23.6247665],[-46.7461534,-23.6246474],[-46.7462283,-23.6245282],[-46.7462835,-23.6244632],[-46.7463781,-23.6243982],[-46.7464845,-23.624326],[-46.7465436,-23.6242321],[-46.7466146,-23.6240515],[-46.7466934,-23.6239323],[-46.746792,-23.6238131],[-46.7468196,-23.6237012],[-46.7468736,-23.6235448],[-46.747047,-23.6230501],[-46.7470983,-23.6229345],[-46.7471534,-23.622855],[-46.7471692,-23.6227539],[-46.747185,-23.6226347],[-46.7471968,-23.6225192],[-46.7472756,-23.622335],[-46.7475959,-23.6217326],[-46.7476972,-23.6214434],[-46.747709,-23.621346],[-46.7477139,-23.6213055],[-46.7477139,-23.6211369],[-46.7477975,-23.620713],[-46.7478477,-23.6205751],[-46.7479257,-23.620427],[-46.7480149,-23.6203351],[-46.7481153,-23.6203019],[-46.7482323,-23.6202482],[-46.7482936,-23.6201359],[-46.7483884,-23.6200082],[-46.7485138,-23.6199571],[-46.7486197,-23.6198447],[-46.7487591,-23.6195791],[-46.7488316,-23.6194259],[-46.7488539,-23.6193136],[-46.7488539,-23.6192063],[-46.7489709,-23.6190224],[-46.7497468,-23.6170725]]]]},"properties":{"name":"Campo Limpo","admin_level":"9"}},{"type":"Feature","geometry":{"type":"MultiPolygon","coordinates":[[[[-46.722265,-23.710921],[-46.721878,-23.709718],[-46.721778,-23.708177],[-46.721875,-23.706449],[-46.722566,-23.704422],[-46.7258726,-23.7000346],[-46.7282196,-23.6969203],[-46.7289011,-23.696016],[-46.729761,-23.6952224]]],[[[-46.72831,-23.726584],[-46.727799,-23.720026],[-46.727205,-23.718044],[-46.726545,-23.716796],[-46.725463,-23.715204],[-46.724207,-23.713606],[-46.723344,-23.712507],[-46.722265,-23.710921]]],[[[-46.7539142,-23.7113533],[-46.752633,-23.711516],[-46.750858,-23.711954],[-46.749465,-23.712537],[-46.747924,-23.713452],[-46.746726,-23.714512],[-46.745163,-23.716587],[-46.741335,-23.722106],[-46.7404,-23.723058],[-46.738749,-23.724193],[-46.737055,-23.725014],[-46.734565,-23.72581],[-46.730406,-23.726379],[-46.72831,-23.726584]]],[[[-46.762072,-23.66987],[-46.76198,-23.669855],[-46.761829,-23.669871],[-46.761649,-23.669931],[-46.761328,-23.670088],[-46.760929,-23.670309],[-46.76062,-23.670544],[-46.760397,-23.670735],[-46.760204,-23.670943],[-46.759982,-23.671251],[-46.759916,-23.671357],[-46.759852,-23.671535],[-46.759821,-23.67169],[-46.759793,-23.67214],[-46.759772,-23.672365],[-46.75975,-23.672549],[-46.759721,-23.672748],[-46.759526,-23.673203],[-46.759351,-23.673575],[-46.759104,-23.674077],[-46.758964,-23.674433],[-46.758891,-23.674728],[-46.758835,-23.675128],[-46.758738,-23.675753],[-46.758597,-23.675736],[-46.757779,-23.67562],[-46.7570046,-23.6754894],[-46.7567567,-23.6754342],[-46.756644,-23.67543],[-46.7563875,-23.6753899],[-46.756118,-23.6753478],[-46.7560256,-23.6753294],[-46.7558996,-23.6753368],[-46.755793,-23.675364],[-46.75558,-23.6754],[-46.754124,-23.675725],[-46.754021,-23.675747],[-46.753772,-23.675783],[-46.753508,-23.675812],[-46.753292,-23.675829],[-46.752303,-23.675856],[-46.751295,-23.675867],[-46.751102,-23.675883],[-46.750888,-23.675906],[-46.750734,-23.67594],[-46.7503539,-23.67607],[-46.7500019,-23.6761781],[-46.749576,-23.676234],[-46.7495142,-23.6762474],[-46.74941,-23.67627],[-46.7494819,-23.6765644],[-46.7495267,-23.6768518],[-46.7495319,-23.6768852],[-46.7495691,-23.6771243],[-46.74962,-23.677451],[-46.749653,-23.677562],[-46.749706,-23.677788],[-46.749751,-23.677951],[-46.749786,-23.678028],[-46.749873,-23.678168],[-46.749984,-23.67831],[-46.750197,-23.678573],[-46.750215,-23.678591],[-46.750252,-23.678741],[-46.750301,-23.679021],[-46.750319,-23.6791692],[-46.750332,-23.679331],[-46.750321,-23.679418],[-46.750289,-23.679506],[-46.750251,-23.679573],[-46.750125,-23.679678],[-46.74965,-23.68002],[-46.749511,-23.680127],[-46.749448,-23.680197],[-46.749403,-23.680273],[-46.749239,-23.680705],[-46.749168,-23.680901],[-46.749109,-23.681014],[-46.748933,-23.681292],[-46.7488705,-23.6813984],[-46.748859,-23.681418],[-46.748844,-23.681476],[-46.748841,-23.681598],[-46.74885,-23.681675],[-46.748881,-23.681787],[-46.749038,-23.682248],[-46.749131,-23.682503],[-46.749234,-23.682771],[-46.749326,-23.68288],[-46.749958,-23.6834865],[-46.750135,-23.68366],[-46.7504,-23.683914],[-46.750635,-23.68413],[-46.750926,-23.684412],[-46.750968,-23.6844666],[-46.751055,-23.68458],[-46.751203,-23.68472],[-46.751285,-23.684767],[-46.751904,-23.685041],[-46.752087,-23.685134],[-46.752446,-23.685419],[-46.752567,-23.685521],[-46.752645,-23.685675],[-46.752964,-23.68588],[-46.75322,-23.686189],[-46.753484,-23.686594],[-46.753579,-23.686703],[-46.753473,-23.68685],[-46.753163,-23.687217],[-46.753039,-23.687379],[-46.752915,-23.687557],[-46.752742,-23.687831],[-46.752545,-23.688186],[-46.752458,-23.688483],[-46.752412,-23.688702],[-46.752339,-23.688825],[-46.752239,-23.689023],[-46.75219,-23.689108],[-46.752024,-23.689369],[-46.751796,-23.689707],[-46.7517,-23.689875],[-46.75161,-23.690074],[-46.751561,-23.69025],[-46.751534,-23.69045],[-46.751534,-23.690559],[-46.751567,-23.690705],[-46.751675,-23.691008],[-46.751798,-23.691295],[-46.751839,-23.691357],[-46.751922,-23.691454],[-46.752068,-23.691583],[-46.752156,-23.691645],[-46.752476,-23.691858],[-46.752889,-23.692139],[-46.753421,-23.692508],[-46.753502,-23.692568],[-46.753747,-23.692773],[-46.753947,-23.692958],[-46.75405,-23.693046],[-46.7542,-23.693188],[-46.754541,-23.693486],[-46.755021,-23.693939],[-46.755531,-23.694388],[-46.755654,-23.694666],[-46.755705,-23.694774],[-46.755805,-23.695066],[-46.755877,-23.695435],[-46.755969,-23.695839],[-46.756022,-23.696042],[-46.756075,-23.696186],[-46.75623,-23.69654],[-46.756335,-23.696788],[-46.756413,-23.697053],[-46.756441,-23.697212],[-46.756445,-23.69735],[-46.756417,-23.697603],[-46.756368,-23.6977337],[-46.7563134,-23.6979103],[-46.7561081,-23.6983992],[-46.755979,-23.698651],[-46.755909,-23.698775],[-46.7557657,-23.698967],[-46.755683,-23.699062],[-46.755609,-23.699162],[-46.755502,-23.699243],[-46.755247,-23.699403],[-46.752532,-23.700337],[-46.752192,-23.700425],[-46.750723,-23.700736],[-46.750303,-23.700821],[-46.749784,-23.700939],[-46.74963,-23.70096],[-46.749433,-23.70095],[-46.749331,-23.700973],[-46.751124,-23.704705],[-46.7505815,-23.7049161],[-46.75114,-23.706067],[-46.751269,-23.706321],[-46.75147,-23.70678],[-46.751595,-23.707024],[-46.751683,-23.70718],[-46.751771,-23.707373],[-46.751859,-23.707553],[-46.75188,-23.70758],[-46.751952,-23.707736],[-46.752019,-23.707839],[-46.752198,-23.708168],[-46.752216,-23.708192],[-46.7539142,-23.7113533]]],[[[-46.762072,-23.66987],[-46.762078,-23.669758],[-46.76208,-23.669393],[-46.762072,-23.669296],[-46.76198,-23.669169],[-46.761802,-23.669079],[-46.761779,-23.669024],[-46.761752,-23.668839],[-46.761692,-23.668658],[-46.761563,-23.66832],[-46.761511,-23.668206],[-46.761493,-23.668067],[-46.761505,-23.667852],[-46.761513,-23.667537],[-46.76152,-23.667138],[-46.76153,-23.666961],[-46.761565,-23.666781],[-46.761632,-23.666533],[-46.761686,-23.666319],[-46.7617274,-23.6661384],[-46.761733,-23.666114],[-46.7617425,-23.6660057],[-46.761744,-23.665988],[-46.761713,-23.665896],[-46.7616778,-23.6657436],[-46.761615,-23.6655785],[-46.761542,-23.665444],[-46.76149,-23.6653294],[-46.761458,-23.665259],[-46.7612103,-23.664742],[-46.7610618,-23.6645345],[-46.760801,-23.664229],[-46.760662,-23.664104],[-46.760499,-23.663987],[-46.760175,-23.66385],[-46.7600961,-23.6638068],[-46.76002,-23.663765],[-46.7599789,-23.6637265],[-46.759894,-23.663647],[-46.7598533,-23.6636132],[-46.759674,-23.663464],[-46.759581,-23.663382],[-46.759439,-23.663184],[-46.759302,-23.662972],[-46.7592,-23.66284],[-46.759104,-23.66275],[-46.759048,-23.66267],[-46.758972,-23.662538],[-46.758865,-23.662369],[-46.758746,-23.662233],[-46.758633,-23.662122],[-46.758321,-23.661907],[-46.758252,-23.661837],[-46.758194,-23.661759],[-46.758168,-23.661691],[-46.758162,-23.661613],[-46.758186,-23.661489],[-46.758184,-23.661392],[-46.758169,-23.661337],[-46.758094,-23.661141],[-46.758053,-23.661072],[-46.757925,-23.660801],[-46.757784,-23.66049],[-46.757696,-23.660289],[-46.757654,-23.660145],[-46.75765,-23.660037],[-46.757657,-23.659984],[-46.757694,-23.659927],[-46.757785,-23.65982],[-46.757836,-23.659732],[-46.757862,-23.659636],[-46.757888,-23.659371],[-46.757885,-23.659312],[-46.757758,-23.659127],[-46.757568,-23.658898],[-46.757471,-23.658754],[-46.757416,-23.658707],[-46.757358,-23.658689],[-46.757105,-23.658593],[-46.757032,-23.658537],[-46.756954,-23.658443],[-46.75682,-23.658296],[-46.756714,-23.658203],[-46.756605,-23.658098],[-46.756557,-23.658014],[-46.756541,-23.657966],[-46.756533,-23.657888],[-46.756566,-23.657757],[-46.756682,-23.65751],[-46.756762,-23.657287],[-46.756768,-23.65719],[-46.756754,-23.657112],[-46.756721,-23.657041],[-46.756652,-23.656948],[-46.756405,-23.656708],[-46.756263,-23.65651],[-46.756178,-23.656327],[-46.755995,-23.656022],[-46.755865,-23.655835],[-46.755737,-23.655602],[-46.755683,-23.655467],[-46.755625,-23.655379],[-46.755537,-23.655304],[-46.7554,-23.65517],[-46.755372,-23.655129],[-46.755349,-23.65504],[-46.755263,-23.654786],[-46.755181,-23.654573],[-46.755122,-23.654448],[-46.755053,-23.654336],[-46.754982,-23.654273],[-46.754837,-23.654212],[-46.7547878,-23.6541625],[-46.754763,-23.654103],[-46.754749,-23.653977],[-46.754737,-23.653612],[-46.754711,-23.6535478],[-46.754642,-23.653446],[-46.754431,-23.653088],[-46.754337,-23.652958],[-46.754227,-23.6527668],[-46.754086,-23.6524118],[-46.753915,-23.652144],[-46.753819,-23.652009],[-46.753773,-23.6519288],[-46.753664,-23.651794],[-46.753558,-23.6517198],[-46.75345,-23.651634],[-46.753331,-23.651527],[-46.753232,-23.651361],[-46.753201,-23.651283],[-46.753182,-23.651141],[-46.7531915,-23.6508429],[-46.7531866,-23.6506521],[-46.753123,-23.650474],[-46.7529589,-23.6498941],[-46.752718,-23.649127],[-46.752698,-23.649056],[-46.752987,-23.648878],[-46.753265,-23.648762],[-46.753655,-23.648687],[-46.753843,-23.648662],[-46.754622,-23.64855],[-46.75486,-23.648535],[-46.755608,-23.648542],[-46.757262,-23.648564],[-46.757957,-23.648552],[-46.758339,-23.64854]]],[[[-46.758339,-23.64854],[-46.758263,-23.64803],[-46.75818,-23.647804],[-46.758116,-23.647692],[-46.757969,-23.647487],[-46.757792,-23.647266],[-46.75759,-23.647074],[-46.75733,-23.646856],[-46.757038,-23.646628],[-46.756666,-23.646379],[-46.75631,-23.646159],[-46.755939,-23.646014],[-46.755469,-23.645881],[-46.755054,-23.645803],[-46.754802,-23.645772],[-46.754513,-23.64577],[-46.754185,-23.645792],[-46.753809,-23.645856],[-46.753573,-23.645907],[-46.753369,-23.645905],[-46.753142,-23.645887],[-46.752875,-23.645816],[-46.752396,-23.645592],[-46.75223,-23.6455],[-46.751985,-23.645416],[-46.75183,-23.645374],[-46.75166,-23.645346],[-46.750974,-23.645292],[-46.750814,-23.645259],[-46.750619,-23.64519],[-46.750313,-23.645044],[-46.749922,-23.644841],[-46.749538,-23.644614],[-46.749321,-23.644453],[-46.749085,-23.644302],[-46.748216,-23.643761],[-46.747974,-23.643564],[-46.747667,-23.643306],[-46.747483,-23.643108],[-46.747318,-23.642895],[-46.747211,-23.642698],[-46.747144,-23.642552],[-46.747112,-23.642438],[-46.747077,-23.642193],[-46.746931,-23.640946],[-46.746897,-23.640666],[-46.746857,-23.640497],[-46.746831,-23.640423]]],[[[-46.7263582,-23.6445912],[-46.7275012,-23.6444635],[-46.7277763,-23.6444365],[-46.7283268,-23.6444003],[-46.7291084,-23.6443808],[-46.7292556,-23.6443772],[-46.7298533,-23.6443361],[-46.7302137,-23.6442889],[-46.7312151,-23.6440676],[-46.7319823,-23.6439061],[-46.7336306,-23.6435855],[-46.7344219,-23.6434305],[-46.7349497,-23.6433354],[-46.7351119,-23.6433042],[-46.7358076,-23.6431243],[-46.7363005,-23.6429942],[-46.7363489,-23.6429814],[-46.7365704,-23.6429412],[-46.7372092,-23.6428299],[-46.7382301,-23.6426494],[-46.7387504,-23.6424183],[-46.7391604,-23.642263],[-46.7395427,-23.6421258],[-46.7398226,-23.6420391],[-46.7401774,-23.6419705],[-46.7408041,-23.6418838],[-46.7412535,-23.6418261],[-46.7415598,-23.6417999],[-46.7417217,-23.6417461],[-46.741943,-23.6417419],[-46.7420939,-23.6417752],[-46.7426221,-23.6418761],[-46.7428336,-23.6418595],[-46.7430578,-23.6418404],[-46.743421,-23.6417132],[-46.743817,-23.641551],[-46.7441991,-23.6414321],[-46.7443391,-23.6413886],[-46.7445875,-23.641322],[-46.7450127,-23.6411924],[-46.7454324,-23.641066],[-46.745669,-23.6409902],[-46.7458006,-23.6409481],[-46.7459906,-23.6408824],[-46.7460165,-23.6408702],[-46.746326,-23.6406566],[-46.7466745,-23.6404453],[-46.746831,-23.640423]]],[[[-46.7198217,-23.6565633],[-46.723323,-23.6524151],[-46.724769,-23.6507164],[-46.7250705,-23.650358],[-46.7253217,-23.6500029],[-46.7255307,-23.6496132],[-46.7257084,-23.6492176],[-46.7259382,-23.6485728],[-46.7260992,-23.648182],[-46.7262464,-23.6476807],[-46.7263554,-23.6471046],[-46.7264262,-23.6465215],[-46.7264367,-23.6456382],[-46.7264386,-23.6452289],[-46.726408,-23.6449591],[-46.7263952,-23.6448216],[-46.7263582,-23.6445912]]],[[[-46.7237117,-23.6642053],[-46.7234956,-23.6634097],[-46.722123,-23.6583566],[-46.7219834,-23.6579871],[-46.721852,-23.6577931],[-46.7216133,-23.6575253],[-46.7213772,-23.6573214],[-46.7211243,-23.6571514],[-46.7201906,-23.6567298],[-46.7198217,-23.6565633]]],[[[-46.7263593,-23.6698404],[-46.7254116,-23.6691879],[-46.7252316,-23.6690508],[-46.72506,-23.6688417],[-46.7249355,-23.6685966],[-46.7237117,-23.6642053]]],[[[-46.7271856,-23.6703964],[-46.7263593,-23.6698404]]],[[[-46.729761,-23.6952224],[-46.7290972,-23.6942376],[-46.7285595,-23.6930512],[-46.727802,-23.6912981],[-46.726892,-23.6894901],[-46.7264755,-23.6884496],[-46.7264531,-23.6874056],[-46.7261741,-23.6835328],[-46.7271829,-23.6740895],[-46.7275452,-23.6722368],[-46.7277291,-23.6714646],[-46.7277327,-23.6710735],[-46.7276886,-23.6709003],[-46.7275877,-23.6707507],[-46.7273924,-23.6705742],[-46.7271856,-23.6703964]]]]},"properties":{"name":"Jardim São Luís","admin_level":"9"}},{"type":"Feature","geometry":{"type":"MultiPolygon","coordinates":[[[[-46.729761,-23.6952224],[-46.7290972,-23.6942376],[-46.7285595,-23.6930512],[-46.727802,-23.6912981],[-46.726892,-23.6894901],[-46.7264755,-23.6884496],[-46.7264531,-23.6874056],[-46.7261741,-23.6835328],[-46.7271829,-23.6740895],[-46.7275452,-23.6722368],[-46.7277291,-23.6714646],[-46.7277327,-23.6710735],[-46.7276886,-23.6709003],[-46.7275877,-23.6707507],[-46.7273924,-23.6705742],[-46.7271856,-23.6703964]]],[[[-46.7271856,-23.6703964],[-46.7263593,-23.6698404]]],[[[-46.7263593,-23.6698404],[-46.7254116,-23.6691879],[-46.7252316,-23.6690508],[-46.72506,-23.6688417],[-46.7249355,-23.6685966],[-46.7237117,-23.6642053]]],[[[-46.7237117,-23.6642053],[-46.7234956,-23.6634097],[-46.722123,-23.6583566],[-46.7219834,-23.6579871],[-46.721852,-23.6577931],[-46.7216133,-23.6575253],[-46.7213772,-23.6573214],[-46.7211243,-23.6571514],[-46.7201906,-23.6567298],[-46.7198217,-23.6565633]]],[[[-46.710275,-23.6650963],[-46.7107142,-23.6646391],[-46.7119736,-23.662764],[-46.7125944,-23.6620522],[-46.7133669,-23.6612169],[-46.7138216,-23.6607913],[-46.7155073,-23.6596053],[-46.7187287,-23.6574613],[-46.7194743,-23.6569071],[-46.7198217,-23.6565633]]],[[[-46.6955683,-23.6874777],[-46.6965028,-23.685676],[-46.6985734,-23.6822077],[-46.6991032,-23.68162],[-46.701041,-23.6796727],[-46.7023232,-23.6783091],[-46.7023553,-23.678275],[-46.7027257,-23.6778011],[-46.7032208,-23.6770888],[-46.7032312,-23.6770712],[-46.7070252,-23.6706919],[-46.7075285,-23.6698264],[-46.7085137,-23.6681322],[-46.710275,-23.6650963]]],[[[-46.7012414,-23.7006947],[-46.7007468,-23.6988045],[-46.7006727,-23.6985329],[-46.7005837,-23.6981711],[-46.7004658,-23.6976967],[-46.7004384,-23.6975943],[-46.7004305,-23.6975674],[-46.7003711,-23.6973405],[-46.7002992,-23.697066],[-46.70011,-23.696433],[-46.700055,-23.696238],[-46.699935,-23.695912],[-46.699814,-23.695629],[-46.698799,-23.693583],[-46.698687,-23.693348],[-46.69862,-23.693182],[-46.6985767,-23.6930626],[-46.698541,-23.692964],[-46.6980148,-23.6908893],[-46.6975648,-23.6894141],[-46.6974211,-23.6890135],[-46.6972843,-23.6887469],[-46.6971251,-23.6885251],[-46.6968505,-23.6882199],[-46.6965968,-23.688018],[-46.69648,-23.687926],[-46.6955683,-23.6874777]]],[[[-46.722265,-23.710921],[-46.720398,-23.710568],[-46.717529,-23.709867],[-46.712438,-23.708164],[-46.712368,-23.708141],[-46.709099,-23.706791],[-46.709017,-23.706755],[-46.708859,-23.706699],[-46.708733,-23.706646],[-46.708528,-23.706567],[-46.708149,-23.70641],[-46.707966,-23.706316],[-46.707763,-23.706188],[-46.707474,-23.705992],[-46.707262,-23.705809],[-46.7071,-23.705642],[-46.706921,-23.705441],[-46.706878,-23.705381],[-46.706794,-23.705313],[-46.705919,-23.705357],[-46.705715,-23.70536],[-46.7051,-23.705312],[-46.704848,-23.70528],[-46.704735,-23.70527],[-46.704434,-23.705263],[-46.704289,-23.705232],[-46.703987,-23.705206],[-46.703798,-23.705195],[-46.703525,-23.705198],[-46.703263,-23.705215],[-46.703109,-23.705233],[-46.702826,-23.705281],[-46.702477,-23.705346],[-46.7024684,-23.7053125],[-46.702392,-23.705014],[-46.702367,-23.704904],[-46.7021541,-23.7040675],[-46.701518,-23.70174],[-46.7014145,-23.7013681],[-46.7012414,-23.7006947]]],[[[-46.722265,-23.710921],[-46.721878,-23.709718],[-46.721778,-23.708177],[-46.721875,-23.706449],[-46.722566,-23.704422],[-46.7258726,-23.7000346],[-46.7282196,-23.6969203],[-46.7289011,-23.696016],[-46.729761,-23.6952224]]]]},"properties":{"name":"Socorro","admin_level":"9"}},{"type":"Feature","geometry":{"type":"MultiPolygon","coordinates":[[[[-46.782878,-23.402495],[-46.7829126,-23.4026098],[-46.7829426,-23.4027476],[-46.7828743,-23.4030119],[-46.7828093,-23.4033159],[-46.7827001,-23.4035212],[-46.7827057,-23.4036452],[-46.7831875,-23.4039882],[-46.7834119,-23.4041281],[-46.7837025,-23.4041852],[-46.7844965,-23.4039981],[-46.7849109,-23.4040129],[-46.7853226,-23.4040965],[-46.7854956,-23.4042],[-46.785627,-23.4043206],[-46.7857102,-23.4046308],[-46.7858644,-23.4048891],[-46.7860483,-23.4050278],[-46.7862667,-23.4049925],[-46.786588,-23.4048205],[-46.7869105,-23.4046479],[-46.7880611,-23.4036424],[-46.7881818,-23.4036621],[-46.7882086,-23.4037618],[-46.7881013,-23.4041064],[-46.7880678,-23.4042664],[-46.7881335,-23.4043427],[-46.7885412,-23.4041753],[-46.7889382,-23.4037815],[-46.7890897,-23.4036634],[-46.7893955,-23.4036511],[-46.7894425,-23.4035156],[-46.7892855,-23.4033212],[-46.7891099,-23.4032498],[-46.7889167,-23.4032399],[-46.7883159,-23.4033212],[-46.7882234,-23.4031981],[-46.7881114,-23.4030486],[-46.7881738,-23.4029348],[-46.788387,-23.4027833],[-46.7885989,-23.4025803],[-46.788859,-23.4025753],[-46.7891099,-23.4027772],[-46.7892279,-23.4028277],[-46.7893942,-23.4028658],[-46.7895122,-23.4027981],[-46.7895243,-23.4026344],[-46.7894371,-23.4025717],[-46.7893875,-23.4024597],[-46.789421,-23.4023538],[-46.7896557,-23.4023058],[-46.7899011,-23.4023231],[-46.7900942,-23.4023514],[-46.7902713,-23.4024264],[-46.7910518,-23.402531],[-46.7912409,-23.4025311],[-46.7916647,-23.4023809],[-46.7919959,-23.4023439],[-46.792122,-23.4023612],[-46.792185,-23.4022751],[-46.7921703,-23.4022037],[-46.7920831,-23.4021532],[-46.7920616,-23.4020375],[-46.7919463,-23.4016892],[-46.7917277,-23.4013557],[-46.791725,-23.4012866],[-46.7917827,-23.4011243],[-46.7918511,-23.4010861],[-46.7920603,-23.4010897],[-46.7921636,-23.4010406],[-46.7923433,-23.4008214],[-46.7923929,-23.4006689],[-46.7923499,-23.4003205],[-46.7923808,-23.4001482],[-46.7925082,-23.3999365],[-46.7926504,-23.3997839],[-46.7929508,-23.3998134],[-46.7932807,-23.3998331],[-46.7936536,-23.3997568],[-46.793856,-23.3996313],[-46.79397,-23.3996657],[-46.7940904,-23.3997551],[-46.7940974,-23.4000646],[-46.7942463,-23.4002664],[-46.7944783,-23.400355],[-46.794764,-23.4003254],[-46.794894,-23.4002516],[-46.7952052,-23.4003107],[-46.7954291,-23.4003057],[-46.7955565,-23.4003526],[-46.7956933,-23.4004855],[-46.7958221,-23.4006135],[-46.795865,-23.400739],[-46.7959052,-23.4009286],[-46.7959937,-23.4010049],[-46.7961815,-23.4010615],[-46.7962647,-23.400995],[-46.7964122,-23.4009384],[-46.7965651,-23.4010566],[-46.7966321,-23.4011821],[-46.7973281,-23.4016153],[-46.7974046,-23.4016966],[-46.7973644,-23.4017778],[-46.7967381,-23.4019205],[-46.79662,-23.4020584],[-46.7966267,-23.4021643],[-46.7967139,-23.4023217],[-46.7966858,-23.4024424],[-46.7965208,-23.4026615],[-46.7965208,-23.4027353],[-46.7967032,-23.4028018],[-46.7970009,-23.4028682],[-46.7972343,-23.4028781],[-46.7974019,-23.4028117],[-46.7976286,-23.4024621],[-46.7976996,-23.4024301],[-46.7977721,-23.4024523],[-46.7979223,-23.4025729],[-46.7980362,-23.4025901],[-46.7981583,-23.4025704],[-46.7981637,-23.4024671],[-46.7981315,-23.4023735],[-46.7980108,-23.4022726],[-46.7980054,-23.4022258],[-46.7981234,-23.4021298],[-46.798448,-23.4020264],[-46.7986277,-23.4020338],[-46.7988852,-23.4021372],[-46.7990327,-23.4022923],[-46.7991695,-23.402472],[-46.7992473,-23.4028043],[-46.7993706,-23.4029028],[-46.7996684,-23.4027329],[-46.7999245,-23.4022332],[-46.8002504,-23.4019501],[-46.8005709,-23.4017581],[-46.8006876,-23.4016301],[-46.80076,-23.4014726],[-46.8007359,-23.4013273],[-46.8006272,-23.4012608],[-46.8002571,-23.4008177],[-46.7998642,-23.4006553],[-46.7995061,-23.4004042],[-46.7988624,-23.4002171],[-46.7988168,-23.4000842],[-46.7988731,-23.3998232],[-46.7987872,-23.3990996],[-46.7989375,-23.398622],[-46.7995597,-23.3978835],[-46.8003778,-23.3973641],[-46.8009089,-23.3968397],[-46.8010953,-23.3962908],[-46.8015527,-23.3954883],[-46.8017728,-23.3952946],[-46.8019724,-23.3952274],[-46.8020743,-23.395316],[-46.8022849,-23.3953824],[-46.8025236,-23.3953271],[-46.8026148,-23.3952397],[-46.8026604,-23.3948483],[-46.8027315,-23.3947182],[-46.8029661,-23.3947473],[-46.8030681,-23.3948901],[-46.802875,-23.3951658],[-46.8029286,-23.3953726],[-46.8033081,-23.3952988],[-46.8035938,-23.3950476],[-46.8040122,-23.3950772],[-46.8043126,-23.3954809],[-46.8042053,-23.3956975],[-46.803508,-23.3957763],[-46.8029071,-23.3965837],[-46.8035308,-23.396633],[-46.8045272,-23.3969185],[-46.8053104,-23.3970268],[-46.8057717,-23.3968299],[-46.806791,-23.3978146],[-46.807263,-23.3979623],[-46.8076171,-23.3979032],[-46.8077955,-23.3979697],[-46.8077526,-23.3982159],[-46.8073905,-23.3983365],[-46.8070659,-23.3983143],[-46.8069828,-23.3984423],[-46.8076801,-23.398718],[-46.8078491,-23.3987747],[-46.807904,-23.3988755],[-46.807644,-23.3990749],[-46.8075286,-23.3992866],[-46.807564,-23.399352],[-46.8083359,-23.3995475],[-46.8095161,-23.3995869],[-46.8101276,-23.3996952],[-46.8104817,-23.3995574],[-46.8110396,-23.3992423],[-46.8114124,-23.3989765],[-46.8115868,-23.3988288],[-46.812091,-23.3988091],[-46.8123606,-23.3987476],[-46.8126476,-23.3990208],[-46.8130499,-23.3997864],[-46.8134858,-23.3999808],[-46.8143334,-23.4001876],[-46.815374,-23.4000694],[-46.8158998,-23.3997445],[-46.8165542,-23.3995869],[-46.8171228,-23.3991635],[-46.817316,-23.3993309],[-46.8174018,-23.3994688],[-46.8174018,-23.3996756],[-46.8174984,-23.3997937],[-46.8177129,-23.3997642],[-46.8178739,-23.3996263],[-46.8179919,-23.3994195],[-46.818177,-23.3993974],[-46.8184318,-23.3995475],[-46.8190755,-23.3999906],[-46.8191506,-23.4000793],[-46.8193115,-23.4001679],[-46.819494,-23.4001949],[-46.819856,-23.4001088],[-46.8200049,-23.4001827],[-46.8204515,-23.400547],[-46.8205118,-23.4006775],[-46.8204703,-23.4007857],[-46.8202396,-23.4009236],[-46.8200545,-23.4009999],[-46.8200304,-23.401123],[-46.8201001,-23.4013593],[-46.8203361,-23.4014479],[-46.8210657,-23.4013396],[-46.8212374,-23.4014085],[-46.821291,-23.4015562],[-46.8211851,-23.4016178],[-46.8207867,-23.4017249],[-46.8206848,-23.4017827],[-46.8207063,-23.4019501],[-46.8208243,-23.4020091],[-46.820996,-23.4020091],[-46.8213178,-23.4018221],[-46.8219186,-23.401507],[-46.821983,-23.4013987],[-46.8218972,-23.4011845],[-46.8219468,-23.4010886],[-46.8220367,-23.400995],[-46.8224551,-23.4010602],[-46.822604,-23.4010491],[-46.8228399,-23.4009876],[-46.8230029,-23.4009972]]],[[[-46.761234,-23.430923],[-46.761225,-23.43078],[-46.761259,-23.430703],[-46.761334,-23.430604],[-46.761481,-23.430504],[-46.761569,-23.430393],[-46.761813,-23.430069],[-46.761833,-23.430001],[-46.76178,-23.429932],[-46.761607,-23.42984],[-46.761571,-23.42979],[-46.761536,-23.42968],[-46.761522,-23.429523],[-46.76152,-23.429331],[-46.761564,-23.429124],[-46.761594,-23.42908],[-46.761655,-23.429029],[-46.761813,-23.428966],[-46.761888,-23.428969],[-46.762038,-23.429007],[-46.762089,-23.429006],[-46.76212,-23.428995],[-46.762141,-23.428956],[-46.762138,-23.428908],[-46.762091,-23.428767],[-46.762093,-23.428575],[-46.762101,-23.428465],[-46.762074,-23.428394],[-46.762036,-23.428347],[-46.761974,-23.428321],[-46.761886,-23.4283],[-46.761707,-23.42827],[-46.761416,-23.428238],[-46.761335,-23.428217],[-46.761287,-23.428185],[-46.761234,-23.428109],[-46.761168,-23.427918],[-46.76112,-23.427659],[-46.761065,-23.427418],[-46.761076,-23.427225],[-46.761101,-23.427103],[-46.761167,-23.426967],[-46.761217,-23.426801],[-46.761291,-23.426534],[-46.761333,-23.426468],[-46.761352,-23.42645],[-46.761394,-23.42643],[-46.76151,-23.426446],[-46.761545,-23.426433],[-46.761637,-23.42638],[-46.761767,-23.426263],[-46.761929,-23.426132],[-46.76209,-23.425989],[-46.762167,-23.425933],[-46.762197,-23.425898],[-46.762245,-23.425738],[-46.762316,-23.425603],[-46.762452,-23.425374],[-46.762533,-23.425184],[-46.762531,-23.425089],[-46.762476,-23.424994],[-46.7622,-23.424687],[-46.762087,-23.424546],[-46.762087,-23.424513],[-46.762117,-23.424478],[-46.762213,-23.424444],[-46.762253,-23.424398],[-46.762252,-23.424362],[-46.762228,-23.424307],[-46.762134,-23.424192],[-46.761988,-23.424039],[-46.761713,-23.423774],[-46.761589,-23.423663],[-46.761504,-23.423518],[-46.761506,-23.423441],[-46.761544,-23.423288],[-46.76163,-23.422997],[-46.761707,-23.422808],[-46.761867,-23.422543],[-46.762069,-23.422286],[-46.762275,-23.422002],[-46.762534,-23.421764],[-46.762642,-23.421658],[-46.762702,-23.42155],[-46.762722,-23.421483],[-46.762721,-23.421401],[-46.762744,-23.421321],[-46.762789,-23.421225],[-46.762875,-23.42108],[-46.762961,-23.421003],[-46.763039,-23.42097],[-46.763064,-23.420924],[-46.763084,-23.420837],[-46.763092,-23.420736],[-46.763114,-23.420604],[-46.763153,-23.420519],[-46.763274,-23.420376],[-46.763383,-23.420235],[-46.7634934,-23.4201207],[-46.763607,-23.420019],[-46.763694,-23.419976],[-46.7638401,-23.419944],[-46.763899,-23.419913],[-46.764071,-23.419706],[-46.764148,-23.419665],[-46.764273,-23.41964],[-46.764746,-23.41965],[-46.764923,-23.419634],[-46.765028,-23.419584],[-46.76511,-23.419529],[-46.765132,-23.4194168],[-46.765193,-23.419162],[-46.765255,-23.419034],[-46.765308,-23.418977],[-46.765411,-23.418902],[-46.765568,-23.418826],[-46.765606,-23.418826],[-46.765658,-23.418836],[-46.765735,-23.418892],[-46.765934,-23.419116],[-46.766048,-23.419222],[-46.766162,-23.419262],[-46.766262,-23.419289],[-46.766403,-23.419261],[-46.766519,-23.419245],[-46.766667,-23.419173],[-46.766857,-23.419121],[-46.767124,-23.419132],[-46.767236,-23.419171],[-46.767476,-23.419304],[-46.7676315,-23.4193606],[-46.767744,-23.419389],[-46.767836,-23.419395],[-46.768037,-23.41939],[-46.768132,-23.419404],[-46.76831,-23.419485],[-46.768455,-23.419584],[-46.768538,-23.419613],[-46.768581,-23.419602],[-46.768675,-23.419559],[-46.768815,-23.419443],[-46.768922,-23.419334],[-46.769007,-23.41929],[-46.769101,-23.419279],[-46.769434,-23.419262],[-46.769797,-23.419216],[-46.770313,-23.41913],[-46.770706,-23.41906],[-46.770857,-23.419002],[-46.771066,-23.418884],[-46.77115,-23.41883],[-46.771331,-23.41875],[-46.77137,-23.418717],[-46.771393,-23.418653],[-46.7713929,-23.4186516],[-46.771386,-23.4184749],[-46.771386,-23.418474],[-46.771425,-23.418377],[-46.771489,-23.418293],[-46.77159,-23.418179],[-46.7716549,-23.4180339],[-46.771674,-23.41791],[-46.771638,-23.417634],[-46.771631,-23.417511],[-46.771656,-23.417412],[-46.771879,-23.416987],[-46.771945,-23.41693],[-46.772025,-23.416909],[-46.772062,-23.416911],[-46.772219,-23.416948],[-46.772314,-23.416993],[-46.772406,-23.417001],[-46.772453,-23.416989],[-46.772535,-23.416888],[-46.772651,-23.416564],[-46.77275,-23.416236],[-46.7727689,-23.4160555],[-46.772755,-23.415917],[-46.77268,-23.415589],[-46.77262,-23.415389],[-46.7726041,-23.4152846],[-46.772639,-23.415122],[-46.772631,-23.415018],[-46.772573,-23.414917],[-46.77245,-23.414755],[-46.772415,-23.414655],[-46.77241,-23.414551],[-46.772431,-23.414443],[-46.772475,-23.414369],[-46.772625,-23.414309],[-46.772839,-23.414247],[-46.773088,-23.414166],[-46.773228,-23.414072],[-46.773413,-23.413822],[-46.773484,-23.413763],[-46.773577,-23.413713],[-46.773836,-23.41362],[-46.774096,-23.41361],[-46.774276,-23.413581],[-46.774328,-23.413539],[-46.774376,-23.413451],[-46.774379,-23.413375],[-46.774331,-23.413219],[-46.774184,-23.412928],[-46.773893,-23.412542],[-46.773763,-23.412405],[-46.773732,-23.412343],[-46.773731,-23.412283],[-46.773776,-23.412206],[-46.773907,-23.412142],[-46.774295,-23.411932],[-46.774546,-23.411766],[-46.774765,-23.411562],[-46.774813,-23.411478],[-46.774831,-23.411406],[-46.774828,-23.411217],[-46.77487,-23.41098],[-46.774939,-23.41074],[-46.775016,-23.410604],[-46.775175,-23.410408],[-46.775447,-23.410137],[-46.775947,-23.409829],[-46.776359,-23.409664],[-46.776745,-23.409493],[-46.776894,-23.409405],[-46.777077,-23.409277],[-46.777125,-23.409218],[-46.777158,-23.409134],[-46.777205,-23.408976],[-46.777293,-23.408802],[-46.777441,-23.408591],[-46.777626,-23.408392],[-46.777819,-23.40815],[-46.777981,-23.407846],[-46.778242,-23.407366],[-46.778411,-23.407089],[-46.778537,-23.40696],[-46.778638,-23.406881],[-46.778897,-23.406795],[-46.779049,-23.406752],[-46.77911,-23.4067165],[-46.77914,-23.406673],[-46.779143,-23.406613],[-46.779081,-23.406443],[-46.778878,-23.406185],[-46.778741,-23.406086],[-46.778729,-23.406055],[-46.778744,-23.406041],[-46.778823,-23.406019],[-46.77883,-23.406005],[-46.778822,-23.405978],[-46.778799,-23.405947],[-46.778799,-23.405901],[-46.778813,-23.40587],[-46.778911,-23.405841],[-46.778982,-23.405844],[-46.779216,-23.405872],[-46.779352,-23.405871],[-46.779397,-23.405853],[-46.779411,-23.405818],[-46.779399,-23.405773],[-46.779309,-23.405624],[-46.779286,-23.405565],[-46.779303,-23.405479],[-46.779293,-23.40545],[-46.77917,-23.405335],[-46.779133,-23.405266],[-46.779134,-23.40521],[-46.779159,-23.405146],[-46.779204,-23.405116],[-46.77927,-23.405097],[-46.779586,-23.405083],[-46.779821,-23.405049],[-46.779922,-23.405014],[-46.780233,-23.404772],[-46.780342,-23.404717],[-46.780433,-23.404658],[-46.780705,-23.404398],[-46.780811,-23.404293],[-46.781063,-23.404031],[-46.781108,-23.404008],[-46.781247,-23.403984],[-46.781279,-23.403966],[-46.781303,-23.403922],[-46.781337,-23.403819],[-46.781381,-23.403737],[-46.781673,-23.403419],[-46.781801,-23.403267],[-46.781894,-23.403048],[-46.781929,-23.403004],[-46.782002,-23.402957],[-46.782137,-23.402906],[-46.782264,-23.402849],[-46.782338,-23.402791],[-46.782396,-23.402731],[-46.782535,-23.402544],[-46.782598,-23.402498],[-46.782726,-23.402476],[-46.782878,-23.402495]]],[[[-46.761569,-23.431776],[-46.761575,-23.431731],[-46.761621,-23.431622],[-46.761641,-23.43151],[-46.761642,-23.431397],[-46.761624,-23.431283],[-46.761604,-23.431255],[-46.761499,-23.431158],[-46.761302,-23.431042],[-46.761261,-23.430993],[-46.761234,-23.430923]]],[[[-46.7672349,-23.4474544],[-46.767155,-23.447378],[-46.766945,-23.447197],[-46.766764,-23.447081],[-46.766441,-23.446985],[-46.766113,-23.44684],[-46.765974,-23.446667],[-46.765828,-23.446386],[-46.76565,-23.445782],[-46.765445,-23.445239],[-46.765316,-23.444822],[-46.765035,-23.444276],[-46.765029,-23.444154],[-46.765169,-23.443708],[-46.765158,-23.443564],[-46.765071,-23.443456],[-46.764933,-23.443353],[-46.764798,-23.44318],[-46.764644,-23.442571],[-46.764538,-23.442115],[-46.764531,-23.441897],[-46.764551,-23.441652],[-46.764665,-23.441329],[-46.764857,-23.440869],[-46.764944,-23.440632],[-46.765003,-23.440444],[-46.765027,-23.440153],[-46.764996,-23.43973],[-46.764972,-23.439567],[-46.764929,-23.439324],[-46.764847,-23.439035],[-46.764791,-23.438926],[-46.76462,-23.43863],[-46.764383,-23.438238],[-46.764272,-23.438086],[-46.764255,-23.438002],[-46.764248,-23.43788],[-46.764278,-23.437598],[-46.764321,-23.43732],[-46.764346,-23.437213],[-46.764338,-23.437184],[-46.764324,-23.437163],[-46.7643,-23.437139],[-46.764292,-23.437111],[-46.764306,-23.437069],[-46.764298,-23.43698],[-46.764402,-23.436804],[-46.764705,-23.436328],[-46.764862,-23.436067],[-46.764866,-23.436027],[-46.764847,-23.435975],[-46.764803,-23.435928],[-46.764603,-23.435804],[-46.76453,-23.435772],[-46.76443,-23.435745],[-46.76439,-23.435723],[-46.764358,-23.435684],[-46.764257,-23.435516],[-46.764183,-23.435436],[-46.764037,-23.435328],[-46.763839,-23.435198],[-46.763801,-23.435141],[-46.763788,-23.435085],[-46.763782,-23.434963],[-46.763755,-23.434907],[-46.76365,-23.434836],[-46.763619,-23.434799],[-46.763592,-23.434738],[-46.763581,-23.434627],[-46.763537,-23.434475],[-46.763389,-23.434178],[-46.763314,-23.434035],[-46.763308,-23.433961],[-46.763281,-23.433879],[-46.763238,-23.43382],[-46.76315,-23.433786],[-46.762813,-23.433694],[-46.762595,-23.433602],[-46.762475,-23.433535],[-46.762421,-23.433516],[-46.762246,-23.433511],[-46.762173,-23.433488],[-46.762032,-23.4334],[-46.761938,-23.433288],[-46.761884,-23.433254],[-46.76181,-23.433226],[-46.761701,-23.433216],[-46.761649,-23.433189],[-46.761601,-23.43313],[-46.761585,-23.433035],[-46.761558,-23.432782],[-46.76157,-23.432592],[-46.761613,-23.432439],[-46.761618,-23.432306],[-46.761618,-23.432125],[-46.761605,-23.432014],[-46.761567,-23.431788],[-46.761569,-23.431776]]],[[[-46.769617,-23.452699],[-46.769486,-23.452434],[-46.769377,-23.452048],[-46.76931,-23.451656],[-46.769286,-23.451259],[-46.769277,-23.450597],[-46.769374,-23.44972],[-46.769409,-23.449122],[-46.769391,-23.448874],[-46.769313,-23.448713],[-46.769208,-23.448597],[-46.768942,-23.448482],[-46.76868,-23.448354],[-46.767821,-23.448033],[-46.767716,-23.447964],[-46.767511,-23.447814],[-46.76738,-23.447593],[-46.7672349,-23.4474544]]],[[[-46.775129,-23.456289],[-46.773578,-23.456283],[-46.773217,-23.456081],[-46.772562,-23.455499],[-46.77225,-23.455178],[-46.771934,-23.454939],[-46.771451,-23.454596],[-46.771229,-23.454451],[-46.770093,-23.453444],[-46.769997,-23.453071],[-46.769924,-23.453022],[-46.769617,-23.452699]]],[[[-46.775114,-23.4599328],[-46.775129,-23.456289]]],[[[-46.777887,-23.464893],[-46.777765,-23.464624],[-46.777358,-23.464227],[-46.776972,-23.464005],[-46.776568,-23.463818],[-46.776163,-23.463561],[-46.775858,-23.463342],[-46.775756,-23.463178],[-46.775697,-23.463026],[-46.775705,-23.462882],[-46.775736,-23.462703],[-46.775736,-23.462406],[-46.775702,-23.462276],[-46.775619,-23.462137],[-46.775475,-23.461964],[-46.775359,-23.461713],[-46.775211,-23.461287],[-46.775097,-23.460905],[-46.775112,-23.46063],[-46.775112,-23.460431],[-46.775114,-23.4599328]]],[[[-46.7995257,-23.4713297],[-46.7991722,-23.470962],[-46.7990863,-23.4707111],[-46.7987645,-23.470406],[-46.7984104,-23.4703322],[-46.7980564,-23.4701403],[-46.7977714,-23.4701325],[-46.7973107,-23.4699779],[-46.797021,-23.4688658],[-46.7967045,-23.4681868],[-46.796656,-23.4677538],[-46.796447,-23.4671337],[-46.7964363,-23.4663071],[-46.796726,-23.4659036],[-46.7967475,-23.4649785],[-46.7962647,-23.4642108],[-46.7961907,-23.4636151],[-46.7961896,-23.4631676],[-46.7960179,-23.4628231],[-46.79546,-23.4627198],[-46.7948002,-23.4627444],[-46.7944139,-23.4626558],[-46.7940867,-23.4625426],[-46.7934215,-23.4620899],[-46.7929334,-23.4618882],[-46.7921341,-23.4613543],[-46.7918015,-23.461524],[-46.7913294,-23.4622129],[-46.7893767,-23.4631479],[-46.7887652,-23.4637384],[-46.7881832,-23.4642034],[-46.7874563,-23.4648997],[-46.7869681,-23.4656723],[-46.7865014,-23.4658298],[-46.7859757,-23.4659331],[-46.7854099,-23.4661476],[-46.7843181,-23.466066],[-46.7831647,-23.4657018],[-46.7829716,-23.4650818],[-46.7825639,-23.4648259],[-46.7823655,-23.4640878],[-46.7817432,-23.4638122],[-46.7812228,-23.4637335],[-46.7809385,-23.4638467],[-46.7806917,-23.4643388],[-46.7806699,-23.4650788],[-46.7804289,-23.4651458],[-46.7798227,-23.4650916],[-46.7794874,-23.4648776],[-46.7788853,-23.4650129],[-46.7783797,-23.4648013],[-46.777887,-23.464893]]],[[[-46.8006678,-23.4703789],[-46.8003148,-23.4705339],[-46.8000519,-23.4706865],[-46.7997783,-23.4709374],[-46.7995257,-23.4713297]]],[[[-46.8006678,-23.4703789],[-46.8004489,-23.4694169],[-46.8002665,-23.4689052],[-46.8002853,-23.4684746]]],[[[-46.8002853,-23.4684746],[-46.8005991,-23.4675963],[-46.8011733,-23.4668303],[-46.8022014,-23.4660561],[-46.8033993,-23.4645257],[-46.8040867,-23.4638748],[-46.8042308,-23.4637384],[-46.8046814,-23.4630889],[-46.805234,-23.4626755],[-46.8053788,-23.4621342],[-46.8055451,-23.4618931],[-46.8057865,-23.4608548],[-46.8057143,-23.4600581],[-46.8057972,-23.4593194],[-46.805673,-23.4589607],[-46.8057704,-23.4575921],[-46.8060469,-23.4555997],[-46.8065429,-23.4551119],[-46.8070686,-23.4542261],[-46.8072145,-23.4540451],[-46.8077157,-23.4534232],[-46.8080974,-23.4528496],[-46.8083802,-23.4521542],[-46.8088553,-23.4515448],[-46.8090856,-23.4497723],[-46.808979,-23.4489947],[-46.8094105,-23.4478873],[-46.8097001,-23.4441688],[-46.8095901,-23.4424734],[-46.81,-23.442],[-46.8116605,-23.4408643],[-46.8117249,-23.4367989],[-46.8125671,-23.4351649],[-46.8130231,-23.4346136],[-46.813243,-23.4345693],[-46.813463,-23.4346481],[-46.8137044,-23.4348745],[-46.8138591,-23.4349221],[-46.8147934,-23.4339836],[-46.8157268,-23.4325562],[-46.8158984,-23.4319951],[-46.8157697,-23.4315522],[-46.8161774,-23.4312765],[-46.8171269,-23.4298294],[-46.8203926,-23.4284217],[-46.822297,-23.425877],[-46.8225415,-23.4255734],[-46.8226737,-23.4254093],[-46.8227166,-23.4247202],[-46.8231028,-23.4238292],[-46.8233255,-23.4232583],[-46.8233255,-23.4227512],[-46.823312,-23.4226909],[-46.8232651,-23.4226577],[-46.8232483,-23.4226012]]],[[[-46.8232483,-23.4226012],[-46.8232696,-23.4224447]]],[[[-46.8232696,-23.4224447],[-46.8232753,-23.4224025]]],[[[-46.8232753,-23.4224025],[-46.8232182,-23.4223587],[-46.8231404,-23.4222258],[-46.8231377,-23.422104],[-46.8230921,-23.4220461],[-46.8229513,-23.4219834],[-46.8228092,-23.4219884],[-46.82273,-23.4219292],[-46.8226469,-23.4218308],[-46.8225986,-23.421656],[-46.8226147,-23.4215182],[-46.8225583,-23.4213804],[-46.8224258,-23.4211983],[-46.822341,-23.4209521],[-46.8224028,-23.4206765],[-46.8222258,-23.4205337],[-46.8220997,-23.4204968],[-46.8219563,-23.4205018],[-46.8213174,-23.4203069]]],[[[-46.8213174,-23.4203069],[-46.8211986,-23.4202733]]],[[[-46.8211986,-23.4202733],[-46.8203603,-23.4200328],[-46.8203191,-23.4200105],[-46.8202879,-23.4199344],[-46.8202101,-23.4196132],[-46.8201314,-23.4190494],[-46.8198919,-23.4185862],[-46.8197474,-23.4183383],[-46.8196597,-23.4180099],[-46.8198708,-23.4174497],[-46.8202489,-23.416669],[-46.820311,-23.4163865],[-46.820434,-23.416192],[-46.8204479,-23.4161556],[-46.8204476,-23.4160559],[-46.8203997,-23.4155788],[-46.8204103,-23.4152984],[-46.8204273,-23.415221],[-46.8204844,-23.4151303],[-46.8213096,-23.4142588],[-46.8220341,-23.4136791],[-46.8222999,-23.4126375],[-46.822225,-23.4122658],[-46.8224067,-23.4114702],[-46.8227315,-23.4114218],[-46.8234987,-23.4114227],[-46.8238037,-23.4113456],[-46.8245933,-23.4111564],[-46.8247269,-23.4109001],[-46.8247908,-23.4107748],[-46.8248017,-23.4106679],[-46.8248279,-23.410609],[-46.8248825,-23.4105875],[-46.8250193,-23.4105887],[-46.8250528,-23.410574],[-46.8251725,-23.4104478],[-46.825258,-23.410286],[-46.8252913,-23.4101502]]],[[[-46.8252913,-23.4101502],[-46.8253895,-23.4099349],[-46.8256514,-23.4095196]]],[[[-46.8256514,-23.4095196],[-46.8257247,-23.4094553],[-46.8259272,-23.409352],[-46.8261284,-23.40915],[-46.8262316,-23.4090173],[-46.8262692,-23.4088719],[-46.8262571,-23.4088104],[-46.8261726,-23.4087107],[-46.8259111,-23.4085839],[-46.8258347,-23.4084805],[-46.8257461,-23.4082123],[-46.8248221,-23.407459],[-46.8245043,-23.4072462],[-46.8245137,-23.4068363],[-46.8244488,-23.4065872]]],[[[-46.8244488,-23.4065872],[-46.8243433,-23.4061508]]],[[[-46.8243433,-23.4061508],[-46.8243809,-23.4060474],[-46.8244346,-23.4059378],[-46.8247859,-23.4056068],[-46.8249227,-23.4053706],[-46.824967,-23.4052314],[-46.8249777,-23.4049335],[-46.8249442,-23.404541],[-46.8248409,-23.4039883],[-46.8246335,-23.4036617],[-46.8245325,-23.4035821],[-46.8240443,-23.4034837],[-46.8238914,-23.4034197],[-46.8238431,-23.4033557],[-46.8237492,-23.4028314],[-46.8236826,-23.4026272],[-46.8236193,-23.4021885],[-46.8232919,-23.4017109],[-46.8232453,-23.4015893],[-46.8232235,-23.4012855],[-46.823076,-23.401128],[-46.8230029,-23.4009972]]]]},"properties":{"name":"Anhanguera","admin_level":"9"}},{"type":"Feature","geometry":{"type":"MultiPolygon","coordinates":[[[[-46.7279409,-23.6115063],[-46.7259331,-23.6117124],[-46.723905,-23.6119029],[-46.7231328,-23.6120015],[-46.7227336,-23.6120335],[-46.7222054,-23.6120602],[-46.7217644,-23.6120772],[-46.7213774,-23.6120328],[-46.7211646,-23.6120117],[-46.7209011,-23.6119244],[-46.7201079,-23.6114717],[-46.7199053,-23.6113894],[-46.7196503,-23.6113337],[-46.7193857,-23.6113079],[-46.7192341,-23.6112947],[-46.7189138,-23.6112911],[-46.7186693,-23.6113108],[-46.7184388,-23.6113628],[-46.7179958,-23.6115263],[-46.7177919,-23.6115997],[-46.7175292,-23.6117421],[-46.7173467,-23.6118593],[-46.716549,-23.6127033],[-46.7156446,-23.6134294],[-46.7152645,-23.6137963],[-46.7151162,-23.6138825],[-46.7149782,-23.6139392],[-46.7148967,-23.6139563],[-46.7146854,-23.6139598],[-46.7145522,-23.6139045],[-46.7144701,-23.6138633],[-46.7144022,-23.6138484],[-46.7142764,-23.6138086],[-46.7141356,-23.613825],[-46.7140204,-23.6139107],[-46.7140165,-23.6141371],[-46.7138998,-23.6144519],[-46.7136934,-23.6148557],[-46.7134609,-23.6151981],[-46.7130694,-23.6157547],[-46.7127305,-23.616228],[-46.7125746,-23.6164454],[-46.7125447,-23.6164862],[-46.7123266,-23.6166699],[-46.7121803,-23.6167252],[-46.7118453,-23.6167978],[-46.7094798,-23.6170254],[-46.7092462,-23.6170479],[-46.7082244,-23.617187],[-46.7074203,-23.6172905],[-46.7061106,-23.6174412],[-46.7053612,-23.6174411],[-46.704613,-23.6175021],[-46.7040435,-23.6175872],[-46.7034665,-23.6176373],[-46.7028546,-23.6178082],[-46.702601,-23.6179665],[-46.7024644,-23.6181121],[-46.7023641,-23.6182577],[-46.7022721,-23.6184926],[-46.7021968,-23.618748],[-46.7021049,-23.6190161],[-46.7019404,-23.6193277],[-46.7016645,-23.6196239],[-46.7012476,-23.6199242]]],[[[-46.7279409,-23.6115063],[-46.727803,-23.611341],[-46.7263305,-23.6090898],[-46.72586,-23.608388],[-46.725622,-23.608012],[-46.725512,-23.607776],[-46.725448,-23.607596],[-46.725367,-23.607304],[-46.725328,-23.607027],[-46.725132,-23.605214],[-46.725072,-23.604464],[-46.725081,-23.604242],[-46.72523,-23.603213],[-46.725246,-23.603001],[-46.725207,-23.602741],[-46.725099,-23.602459],[-46.724896,-23.602193],[-46.724654,-23.601967],[-46.720719,-23.598897],[-46.720464,-23.598664],[-46.720288,-23.598488],[-46.72012,-23.598228],[-46.720156,-23.598183],[-46.720177,-23.59813],[-46.7201849,-23.5980546],[-46.720175,-23.597996],[-46.720142,-23.597919],[-46.720024,-23.597848],[-46.720009,-23.597605],[-46.720025,-23.597395],[-46.72012,-23.596756],[-46.720341,-23.595114],[-46.720447,-23.59451],[-46.720492,-23.594358],[-46.720565,-23.594202],[-46.720658,-23.594063],[-46.720781,-23.593916],[-46.721117,-23.593544],[-46.721217,-23.593363],[-46.72127,-23.593211],[-46.721323,-23.592954],[-46.72163,-23.59168],[-46.721817,-23.590869],[-46.72196,-23.590421],[-46.72202,-23.59027],[-46.722095,-23.590132],[-46.723211,-23.58837],[-46.723962,-23.587213],[-46.724233,-23.586781],[-46.724288,-23.586684],[-46.724319,-23.586594]]],[[[-46.724319,-23.586594],[-46.724079,-23.5865],[-46.7240515,-23.5864899],[-46.7237746,-23.5863884],[-46.72316,-23.586163],[-46.722555,-23.585951],[-46.721796,-23.585662],[-46.72123,-23.585418],[-46.720896,-23.585294],[-46.720639,-23.585211],[-46.720219,-23.585085],[-46.719425,-23.584901],[-46.7186574,-23.5848088],[-46.718576,-23.584799],[-46.71831,-23.584748],[-46.718068,-23.584681],[-46.717902,-23.584623],[-46.717706,-23.584534],[-46.717381,-23.584327],[-46.71717,-23.584166],[-46.717024,-23.584082],[-46.716855,-23.583998],[-46.715423,-23.583441],[-46.714828,-23.583196],[-46.7144497,-23.5830285],[-46.714094,-23.582871],[-46.713677,-23.582699],[-46.713187,-23.58248],[-46.712693,-23.58221],[-46.712517,-23.582096],[-46.712179,-23.581828],[-46.71201,-23.581674],[-46.711843,-23.581503],[-46.7118062,-23.5814987],[-46.710945,-23.580071],[-46.71079,-23.579835],[-46.71069,-23.579702],[-46.710555,-23.579552],[-46.710361,-23.579366],[-46.710182,-23.57923],[-46.709952,-23.579079],[-46.709236,-23.578652],[-46.708639,-23.578276],[-46.708413,-23.578077],[-46.708314,-23.577974],[-46.708214,-23.577843],[-46.708004,-23.577479],[-46.706619,-23.574478],[-46.706221,-23.573728],[-46.706142,-23.573643],[-46.70601,-23.57352],[-46.705782,-23.573373],[-46.704435,-23.57272],[-46.703859,-23.572452],[-46.703486,-23.572339],[-46.702979,-23.572224],[-46.702792,-23.572226],[-46.702451,-23.572266],[-46.702044,-23.572332],[-46.701892,-23.572336],[-46.7009822,-23.5722361]]],[[[-46.6915182,-23.5867247],[-46.6915222,-23.5866023],[-46.6915509,-23.5864174],[-46.6915757,-23.586259],[-46.6916442,-23.585925],[-46.6917126,-23.5856173],[-46.6917947,-23.5852906],[-46.6919135,-23.5849796],[-46.6919633,-23.5848635],[-46.6920688,-23.5846173],[-46.6922695,-23.5842738],[-46.6925965,-23.5837029],[-46.6945412,-23.580299],[-46.6946158,-23.5801684],[-46.6963141,-23.577144],[-46.6965666,-23.5767577],[-46.696853,-23.5763411],[-46.6971366,-23.5759777],[-46.6973175,-23.5757634],[-46.6974885,-23.5755608],[-46.6981298,-23.5749084],[-46.6992937,-23.5738326],[-46.7003318,-23.5729226],[-46.7006563,-23.5726158],[-46.7008227,-23.5724269],[-46.7009822,-23.5722361]]],[[[-46.7012476,-23.6199242],[-46.7011941,-23.6198178],[-46.7009828,-23.6192567],[-46.7008959,-23.6189684],[-46.7008306,-23.6186919],[-46.7006209,-23.6178038],[-46.7005251,-23.6173487],[-46.7003817,-23.6166895],[-46.7002205,-23.6160187],[-46.6995903,-23.612809],[-46.6994302,-23.6119939],[-46.6991837,-23.6108966],[-46.6987802,-23.6091903],[-46.6983701,-23.6074419],[-46.6981147,-23.6065283],[-46.6979089,-23.6058785],[-46.697652,-23.6051655],[-46.6975696,-23.604937],[-46.6962668,-23.6011674],[-46.6956715,-23.5994409],[-46.6955204,-23.5991381],[-46.6952158,-23.5984266],[-46.6951374,-23.5982064],[-46.6945696,-23.5965586],[-46.6943595,-23.5958879],[-46.694218,-23.5952409],[-46.6941516,-23.5950652],[-46.693869,-23.5944119],[-46.6935343,-23.5934205],[-46.6931886,-23.5923984],[-46.6930224,-23.5919073],[-46.6919368,-23.5889679],[-46.6917956,-23.5885433],[-46.6916904,-23.5881939],[-46.6915569,-23.5875509],[-46.6915262,-23.5872428],[-46.6915182,-23.5867247]]]]},"properties":{"name":"Morumbi","admin_level":"9"}},{"type":"Feature","geometry":{"type":"MultiPolygon","coordinates":[[[[-46.757046,-23.586488],[-46.757266,-23.586485],[-46.75764,-23.586461],[-46.758003,-23.586424],[-46.758346,-23.586372],[-46.758527,-23.586336],[-46.759285,-23.586166],[-46.759744,-23.586059],[-46.760457,-23.585885],[-46.761112,-23.585744],[-46.761371,-23.585696],[-46.761616,-23.585666],[-46.76248,-23.585577],[-46.762797,-23.585528],[-46.763095,-23.585487],[-46.763682,-23.585415],[-46.764093,-23.585359],[-46.76468,-23.585297],[-46.765588,-23.585197],[-46.765747,-23.585172],[-46.766215,-23.585074],[-46.766744,-23.584922],[-46.767007,-23.584841],[-46.767462,-23.58466],[-46.76781,-23.584485],[-46.76834,-23.584172],[-46.769235,-23.583693],[-46.769848,-23.58337],[-46.770083,-23.58326],[-46.770272,-23.583202],[-46.770419,-23.583168],[-46.770599,-23.583141],[-46.770922,-23.583117],[-46.771957,-23.583035],[-46.772225,-23.583016],[-46.772456,-23.583008],[-46.772783,-23.583011],[-46.773069,-23.583021],[-46.773345,-23.583039],[-46.774438,-23.583136],[-46.7746028,-23.5830693],[-46.774854,-23.582918],[-46.775033,-23.582809],[-46.775797,-23.58237],[-46.775921,-23.582272],[-46.775966,-23.582219],[-46.776314,-23.581533],[-46.7764612,-23.5814307],[-46.776783,-23.581196],[-46.776955,-23.580976],[-46.777124,-23.580771],[-46.777236,-23.580685],[-46.777716,-23.58033],[-46.777852,-23.580184],[-46.778111,-23.579883],[-46.778173,-23.579784],[-46.778259,-23.579626],[-46.778315,-23.579419],[-46.77834,-23.579179],[-46.778343,-23.579098],[-46.77833,-23.578935],[-46.778324,-23.578769],[-46.778331,-23.578724],[-46.778386,-23.578623],[-46.778504,-23.578475],[-46.778616,-23.578354],[-46.778744,-23.578233],[-46.778842,-23.578164],[-46.779312,-23.577908],[-46.779378,-23.57786],[-46.779515,-23.577722],[-46.779591,-23.577631],[-46.779935,-23.577251],[-46.780008,-23.57722],[-46.780096,-23.577195],[-46.780436,-23.577111],[-46.781012,-23.5769769],[-46.781148,-23.576941],[-46.781269,-23.576902],[-46.78148,-23.576859],[-46.781321,-23.576361],[-46.781488,-23.576225],[-46.78158,-23.576087],[-46.782016,-23.575345],[-46.78228,-23.574833],[-46.782298,-23.574746],[-46.782402,-23.5743848]]],[[[-46.7553636,-23.5865018],[-46.757046,-23.586488]]],[[[-46.7553636,-23.5865018],[-46.7560779,-23.5882237],[-46.756061,-23.5884411],[-46.7558633,-23.5884618],[-46.755468,-23.5894245],[-46.7549992,-23.5897816],[-46.7543836,-23.5899938],[-46.7542368,-23.589999],[-46.754169,-23.5900301],[-46.7540165,-23.5904752],[-46.7539262,-23.5906874],[-46.7537003,-23.5908892],[-46.7537003,-23.5909927],[-46.7537793,-23.5910963],[-46.7539431,-23.5912619],[-46.7542707,-23.591412],[-46.7575124,-23.5925817],[-46.7588114,-23.5931458],[-46.7603081,-23.5940981],[-46.7604775,-23.5944656],[-46.7605394,-23.5949022],[-46.760596,-23.5949935]]],[[[-46.7608917,-23.5949266],[-46.760781,-23.5949412],[-46.7607043,-23.5949554],[-46.7606516,-23.5949687],[-46.760596,-23.5949935]]],[[[-46.7621367,-23.5968356],[-46.7620597,-23.5967812],[-46.7619884,-23.5967553],[-46.7619141,-23.5967239],[-46.7617725,-23.5966719],[-46.7616188,-23.5966321],[-46.7615797,-23.596616],[-46.7615468,-23.5965847],[-46.7614925,-23.5965189],[-46.7614536,-23.5964649],[-46.7613949,-23.596369],[-46.7613463,-23.5962695],[-46.7613027,-23.5961687],[-46.7611411,-23.5956974],[-46.7610352,-23.5953619],[-46.7609219,-23.5950291],[-46.7608917,-23.5949266]]],[[[-46.7647438,-23.5981033],[-46.7645575,-23.5980042],[-46.7643162,-23.5978564],[-46.7640418,-23.5976871],[-46.7639698,-23.597645],[-46.7639289,-23.5976201],[-46.763885,-23.5975934],[-46.7638508,-23.5975771],[-46.7638203,-23.5975685],[-46.7637947,-23.5975697],[-46.7637722,-23.597578],[-46.7637295,-23.5976078],[-46.7636926,-23.5976361],[-46.7636502,-23.5976511],[-46.7635947,-23.5976551],[-46.763529,-23.5976564],[-46.7634559,-23.5976434],[-46.7629825,-23.5974536],[-46.7626338,-23.5973169],[-46.7625251,-23.5972687],[-46.7621323,-23.5971057],[-46.7620511,-23.5970253],[-46.7620745,-23.5969389],[-46.7620917,-23.5969171],[-46.7621367,-23.5968356]]],[[[-46.7660657,-23.5991717],[-46.7659644,-23.5991121],[-46.7658656,-23.5990156],[-46.7655407,-23.598656],[-46.7653246,-23.5984577],[-46.7651965,-23.5983635],[-46.7651588,-23.5983387],[-46.7650592,-23.5982733],[-46.765017,-23.5982455],[-46.7647794,-23.5981218],[-46.7647438,-23.5981033]]],[[[-46.7664901,-23.5993843],[-46.7663904,-23.5993398],[-46.7660657,-23.5991717]]],[[[-46.7666947,-23.5994576],[-46.7664901,-23.5993843]]],[[[-46.7668844,-23.5994644],[-46.7667664,-23.5994801],[-46.7666947,-23.5994576]]],[[[-46.76705,-23.5996055],[-46.7668844,-23.5994644]]],[[[-46.7672351,-23.6000405],[-46.7671318,-23.5999262],[-46.7670742,-23.5998254],[-46.7670487,-23.5997357],[-46.76705,-23.5996055]]],[[[-46.7672351,-23.6000405],[-46.7676361,-23.6004043],[-46.7677137,-23.6004765]]],[[[-46.768158,-23.6001676],[-46.7677137,-23.6004765]]],[[[-46.768158,-23.6001676],[-46.7690102,-23.600265]]],[[[-46.7695257,-23.599984],[-46.7690102,-23.600265]]],[[[-46.769974,-23.6003413],[-46.7699175,-23.600302],[-46.7695257,-23.599984]]],[[[-46.769974,-23.6003413],[-46.7704376,-23.6000123]]],[[[-46.7709859,-23.600429],[-46.7704376,-23.6000123]]],[[[-46.7709859,-23.600429],[-46.7735811,-23.6003882],[-46.7732419,-23.6009265],[-46.7736053,-23.6011462],[-46.7736476,-23.6017548],[-46.7737321,-23.6022197],[-46.7748265,-23.6028066],[-46.774958,-23.6035836],[-46.7763537,-23.604178],[-46.7764162,-23.6037629],[-46.7763684,-23.6034939],[-46.7762086,-23.6030226],[-46.7771299,-23.602693],[-46.7775778,-23.6033861],[-46.7787527,-23.6025916],[-46.7793274,-23.6029634],[-46.7800459,-23.6036227],[-46.7805751,-23.6038903],[-46.7810146,-23.6040298],[-46.7818894,-23.6039791],[-46.7823627,-23.6039284],[-46.7826797,-23.6038354],[-46.7833897,-23.6033241],[-46.7835672,-23.6033367],[-46.7836559,-23.603341],[-46.7849661,-23.6041194],[-46.785272,-23.6042682],[-46.78607,-23.6046321],[-46.7866654,-23.6048098],[-46.7869631,-23.6048801],[-46.7874262,-23.6048884],[-46.7876329,-23.6049256],[-46.7877817,-23.6050083],[-46.788989,-23.6060089],[-46.7891172,-23.6061784],[-46.7891255,-23.6063644],[-46.7891834,-23.6065174],[-46.7893653,-23.6065629],[-46.7894273,-23.606075],[-46.7894852,-23.6060213],[-46.7901798,-23.6056988],[-46.7905106,-23.6055086],[-46.7910309,-23.6054269],[-46.7932477,-23.6050786],[-46.7932783,-23.6052422],[-46.7933832,-23.6053875],[-46.7935659,-23.6055342],[-46.793736,-23.6057528],[-46.7938617,-23.605903],[-46.7939747,-23.6059962],[-46.7941901,-23.6060441],[-46.7943972,-23.6060441],[-46.7946232,-23.6060668],[-46.7948821,-23.6060245],[-46.7951624,-23.6060121],[-46.7953281,-23.6058369],[-46.7954081,-23.6054136]]],[[[-46.7954081,-23.6054136],[-46.795578,-23.605281],[-46.7959441,-23.6050247],[-46.7959891,-23.6049918],[-46.7961492,-23.6048735],[-46.7964363,-23.6046613]]],[[[-46.7994104,-23.6062274],[-46.7992565,-23.6061274],[-46.7991818,-23.606063],[-46.7990877,-23.6059356],[-46.7990508,-23.605844],[-46.7988866,-23.6051701],[-46.7987829,-23.6049237],[-46.7986907,-23.6048591],[-46.7985915,-23.604794],[-46.7984104,-23.6047522],[-46.7980818,-23.604746],[-46.7967692,-23.6047197],[-46.7965772,-23.6047018],[-46.7964363,-23.6046613]]],[[[-46.7994104,-23.6062274],[-46.7992878,-23.6066813],[-46.7992878,-23.6071088],[-46.79938,-23.6074776],[-46.7997452,-23.607796],[-46.8001068,-23.6078967],[-46.8004962,-23.6079748],[-46.8009595,-23.6082517],[-46.8013929,-23.6088074],[-46.8019847,-23.6089975],[-46.8024377,-23.6092373],[-46.8030553,-23.6092874],[-46.8037845,-23.609113],[-46.8041927,-23.6086967]]],[[[-46.806675,-23.6092025],[-46.8065858,-23.6092339],[-46.806508,-23.6092369],[-46.8064302,-23.6092382],[-46.8062532,-23.6092179],[-46.8060219,-23.6091786],[-46.8057342,-23.609122],[-46.8050972,-23.6090016],[-46.8048591,-23.6089568],[-46.8046955,-23.6089119],[-46.8045433,-23.6088566],[-46.8041927,-23.6086967]]],[[[-46.8078907,-23.6089893],[-46.8076909,-23.6089033],[-46.8075997,-23.608888],[-46.8075024,-23.6088781],[-46.8073858,-23.6088947],[-46.8072986,-23.608923],[-46.8067856,-23.6091528],[-46.8067193,-23.6091826],[-46.806675,-23.6092025]]],[[[-46.8088063,-23.6090912],[-46.8085612,-23.6091072],[-46.8083346,-23.6091134],[-46.8082112,-23.6090986],[-46.8080293,-23.6090349],[-46.8078907,-23.6089893]]],[[[-46.8088701,-23.5979857],[-46.8090205,-23.598559],[-46.8090299,-23.5992837],[-46.8077865,-23.603426],[-46.807559,-23.604185],[-46.8075546,-23.6050033],[-46.8088063,-23.6090912]]],[[[-46.8088701,-23.5979857],[-46.8081506,-23.5963855],[-46.807711,-23.5953361],[-46.8073475,-23.5944291],[-46.8072872,-23.5943024],[-46.8071822,-23.5939956],[-46.8071142,-23.5935085],[-46.8071086,-23.5933886]]],[[[-46.8070947,-23.593138],[-46.8071086,-23.5933886]]],[[[-46.8070947,-23.593138],[-46.807093,-23.5930634]]],[[[-46.807093,-23.5930634],[-46.8070538,-23.5925893],[-46.8070324,-23.5924891],[-46.8069881,-23.5923969],[-46.8069459,-23.5923361]]],[[[-46.8062237,-23.5922279],[-46.8063731,-23.5921743],[-46.806453,-23.5921456],[-46.8065744,-23.5921382],[-46.8066891,-23.5921597],[-46.8068279,-23.5922218],[-46.8069459,-23.5923361]]],[[[-46.8062237,-23.5922279],[-46.8061049,-23.5920423],[-46.8060601,-23.5919723],[-46.8059994,-23.5918549],[-46.8059528,-23.5917646],[-46.8059072,-23.591654],[-46.8058898,-23.5915667],[-46.8059005,-23.5915003],[-46.8059582,-23.5914241],[-46.8060775,-23.5912742],[-46.8063363,-23.5909596],[-46.8067333,-23.5905331],[-46.8074441,-23.5898375],[-46.8076091,-23.5897109],[-46.807715,-23.5895941],[-46.8078062,-23.58947],[-46.8078558,-23.5893434],[-46.80788,-23.5891824],[-46.8078719,-23.5891087],[-46.8078424,-23.5890189],[-46.8077485,-23.5889108],[-46.8073878,-23.5886994],[-46.8073142,-23.5885999],[-46.8072795,-23.588471],[-46.8073269,-23.5883501],[-46.8074376,-23.5882395],[-46.8076313,-23.5880921],[-46.8076931,-23.5880029],[-46.8077243,-23.5878897],[-46.8077276,-23.5875964],[-46.8077454,-23.5873149],[-46.8077861,-23.5870464],[-46.8077746,-23.5867969],[-46.8077435,-23.5865957],[-46.8076999,-23.586381],[-46.8076436,-23.5861499],[-46.8075956,-23.5859298],[-46.8074172,-23.5852467],[-46.8073314,-23.5850697],[-46.807204,-23.5849023],[-46.807147,-23.5847959]]],[[[-46.8070183,-23.5847479],[-46.807147,-23.5847959]]],[[[-46.7972074,-23.5825663],[-46.7975441,-23.5826339],[-46.7979395,-23.5827196],[-46.79799,-23.5827304],[-46.7987948,-23.5829191],[-46.7988758,-23.5829375],[-46.799258,-23.5830112],[-46.7994766,-23.5830493],[-46.7998975,-23.5831069],[-46.8000345,-23.5831256],[-46.8003349,-23.5831661],[-46.8005803,-23.5831968],[-46.8010658,-23.5832681],[-46.801208,-23.5832841],[-46.801332,-23.5832964],[-46.8014473,-23.5832964],[-46.8015338,-23.5832878],[-46.8016654,-23.5832602],[-46.8019769,-23.5831949],[-46.8021273,-23.5831944],[-46.8022856,-23.5832337],[-46.8023403,-23.5832619],[-46.8023714,-23.583278],[-46.8024559,-23.5833443],[-46.8025672,-23.5834187],[-46.8028813,-23.5836344],[-46.8029836,-23.5836885],[-46.8030808,-23.583737],[-46.8032223,-23.5837905],[-46.8033852,-23.583836],[-46.8035442,-23.5838698],[-46.8039009,-23.583895],[-46.8041363,-23.5839212],[-46.8042105,-23.5839295],[-46.8049268,-23.5840093],[-46.8052045,-23.5840626],[-46.8053251,-23.5841062],[-46.8056041,-23.5842059],[-46.8059,-23.5843095],[-46.8065409,-23.584539],[-46.8066911,-23.5846035],[-46.8070183,-23.5847479]]],[[[-46.7943643,-23.5829769],[-46.7945065,-23.5828638],[-46.79489,-23.5826106],[-46.7951193,-23.5824901],[-46.7952588,-23.5824385],[-46.7953768,-23.5824188],[-46.7955203,-23.5824102],[-46.7964189,-23.5824692],[-46.7969091,-23.5825256],[-46.7971028,-23.5825479],[-46.7972074,-23.5825663]]],[[[-46.7943643,-23.5829769],[-46.7943227,-23.5826314]]],[[[-46.7943227,-23.5826314],[-46.7941576,-23.581846],[-46.794147,-23.5817957],[-46.7940733,-23.581411],[-46.7940479,-23.5811729],[-46.7940424,-23.5811215],[-46.794023,-23.5810508],[-46.7939975,-23.5809961],[-46.7938922,-23.5808443]]],[[[-46.7938922,-23.5808443],[-46.793514,-23.580451],[-46.7931519,-23.5799754],[-46.7928736,-23.5796574],[-46.7926618,-23.5794155],[-46.7925297,-23.579268],[-46.7923804,-23.5791212],[-46.7919771,-23.5787247]]],[[[-46.7919771,-23.5787247],[-46.7917538,-23.5784746],[-46.7915822,-23.5782791],[-46.791415,-23.5781012],[-46.7913854,-23.5780748],[-46.7913233,-23.5780324],[-46.7910741,-23.5778926],[-46.791031,-23.5778689],[-46.7909566,-23.577836],[-46.7902093,-23.5775522],[-46.7898837,-23.5774359],[-46.789484,-23.5772798],[-46.7893499,-23.5772454],[-46.7889503,-23.5772712],[-46.7885949,-23.577254],[-46.7882475,-23.5771889],[-46.7879713,-23.5771053],[-46.7877983,-23.5770119],[-46.7876856,-23.5769246],[-46.7875756,-23.5767685],[-46.7874455,-23.5764563],[-46.7873584,-23.5762682],[-46.7867889,-23.5753695],[-46.7866596,-23.5752047],[-46.7864441,-23.5749291],[-46.785917,-23.5743174],[-46.7858006,-23.5741995],[-46.785623,-23.574121],[-46.7853965,-23.5740648],[-46.785176,-23.5740704],[-46.7844444,-23.5741592],[-46.7841693,-23.5741926],[-46.7826406,-23.5743589],[-46.782402,-23.5743848]]]]},"properties":{"name":"Raposo Tavares","admin_level":"9"}},{"type":"Feature","geometry":{"type":"MultiPolygon","coordinates":[[[[-46.7798126,-23.5711346],[-46.7797315,-23.5710897],[-46.7796453,-23.5710637],[-46.7795049,-23.571054],[-46.7793828,-23.5710676],[-46.7792608,-23.5711155],[-46.7791347,-23.5712458],[-46.7791038,-23.5714203],[-46.7790368,-23.5715648],[-46.778904,-23.5716591]]],[[[-46.778904,-23.5716591],[-46.7788246,-23.5714387]]],[[[-46.7788246,-23.5714387],[-46.7786963,-23.5714696],[-46.7785788,-23.571454],[-46.7784109,-23.5714196],[-46.7781053,-23.5712775],[-46.7779417,-23.5711586],[-46.7775827,-23.5708975],[-46.7774362,-23.570861]]],[[[-46.7627567,-23.5578055],[-46.7629371,-23.5579479],[-46.7631511,-23.5580655],[-46.7643769,-23.5588043],[-46.7645406,-23.5590772],[-46.7645406,-23.559357],[-46.764469,-23.5598926],[-46.7643701,-23.5603293],[-46.764383,-23.5605205],[-46.7646246,-23.5613758],[-46.7648357,-23.5625913],[-46.7649428,-23.5630335],[-46.7651968,-23.5633766],[-46.765481,-23.5636015],[-46.7658874,-23.5638324],[-46.7660294,-23.5638688],[-46.7663982,-23.5638042],[-46.7667037,-23.563734],[-46.7670463,-23.5636226],[-46.7674569,-23.5633862],[-46.7679066,-23.5631252],[-46.7681006,-23.5630325],[-46.7682465,-23.5629947],[-46.7684079,-23.5629861],[-46.7686243,-23.5630033],[-46.7688544,-23.5630393],[-46.7690347,-23.5631063],[-46.7691051,-23.5631595],[-46.7691531,-23.5632093],[-46.7696081,-23.5638515],[-46.7697117,-23.5639616],[-46.7697955,-23.564037],[-46.7699189,-23.5640678],[-46.7706538,-23.5642121],[-46.7708238,-23.5642739],[-46.7709354,-23.5643357],[-46.7710247,-23.5644284],[-46.7711346,-23.5645778],[-46.7717669,-23.5655646],[-46.7723266,-23.5664643],[-46.7731955,-23.5678655],[-46.7732418,-23.568032],[-46.7732418,-23.5681642],[-46.7732144,-23.5682878],[-46.7730427,-23.5687886],[-46.7727319,-23.5696472],[-46.7725282,-23.5702377],[-46.7774362,-23.570861]]],[[[-46.762633,-23.5577057],[-46.7626719,-23.5577438],[-46.7627122,-23.557774],[-46.7627567,-23.5578055]]],[[[-46.762523,-23.5575133],[-46.7625567,-23.5575714],[-46.762633,-23.5577057]]],[[[-46.7624054,-23.557311],[-46.762523,-23.5575133]]],[[[-46.7601026,-23.5556923],[-46.7601637,-23.5557267],[-46.7605963,-23.5559212],[-46.760769,-23.5559971],[-46.7609412,-23.5560728],[-46.7610114,-23.556104],[-46.7616262,-23.556346],[-46.7619121,-23.5564959],[-46.7619759,-23.5565507],[-46.76206,-23.5566227],[-46.7621523,-23.5567219],[-46.7622596,-23.5568854],[-46.7623146,-23.5570194],[-46.7623658,-23.5571822],[-46.7624054,-23.557311]]],[[[-46.759935,-23.5555775],[-46.7601026,-23.5556923]]],[[[-46.759848,-23.5555148],[-46.759875,-23.5555108],[-46.7599013,-23.5555175],[-46.7599222,-23.5555336],[-46.7599339,-23.5555562],[-46.7599355,-23.5555668],[-46.759935,-23.5555775]]],[[[-46.7596941,-23.5554176],[-46.759848,-23.5555148]]],[[[-46.7588867,-23.5534211],[-46.7592749,-23.5544786],[-46.7595117,-23.5551238],[-46.7595841,-23.5552664],[-46.7596941,-23.5554176]]],[[[-46.7588454,-23.5533055],[-46.7588867,-23.5534211]]],[[[-46.7586955,-23.5528949],[-46.7588454,-23.5533055]]],[[[-46.7584304,-23.552177],[-46.7586955,-23.5528949]]],[[[-46.7582643,-23.551727],[-46.7584304,-23.552177]]],[[[-46.7581111,-23.551314],[-46.7582643,-23.551727]]],[[[-46.7579479,-23.550836],[-46.7579964,-23.5509781],[-46.7580944,-23.5512651],[-46.7581111,-23.551314]]],[[[-46.757846,-23.5507134],[-46.7579479,-23.550836]]],[[[-46.744413,-23.558476],[-46.744578,-23.558464],[-46.745345,-23.558387],[-46.745645,-23.558349],[-46.745832,-23.558314],[-46.746056,-23.558257],[-46.746233,-23.558232],[-46.74637,-23.558221],[-46.746487,-23.558225],[-46.746719,-23.558289],[-46.747059,-23.558412],[-46.747257,-23.558491],[-46.747604,-23.558646],[-46.747664,-23.55853],[-46.747905,-23.558178],[-46.748082,-23.558009],[-46.748267,-23.55786],[-46.7495626,-23.5570313],[-46.749809,-23.556884],[-46.750147,-23.556652],[-46.750325,-23.55651],[-46.750405,-23.556429],[-46.75051,-23.5563065],[-46.750602,-23.556133],[-46.750935,-23.555459],[-46.751038,-23.555257],[-46.751115,-23.555142],[-46.751198,-23.55504],[-46.751294,-23.554956],[-46.751471,-23.554865],[-46.751643,-23.554804],[-46.751807,-23.554782],[-46.751983,-23.554795],[-46.752092,-23.55482],[-46.7524012,-23.5549166],[-46.754982,-23.555768],[-46.755167,-23.555799],[-46.755318,-23.555798],[-46.755486,-23.555767],[-46.755665,-23.555682],[-46.755805,-23.555577],[-46.75592,-23.555441],[-46.755991,-23.555337],[-46.756096,-23.555116],[-46.75643,-23.554281],[-46.756742,-23.553496],[-46.7568567,-23.5532108],[-46.757097,-23.552613],[-46.757599,-23.551354],[-46.757846,-23.5507134]]],[[[-46.757046,-23.586488],[-46.756876,-23.586239],[-46.756615,-23.585994],[-46.756444,-23.58586],[-46.7562964,-23.5858137],[-46.7561298,-23.5857837],[-46.7558631,-23.5857488],[-46.7557292,-23.5857299],[-46.7555991,-23.5856992],[-46.7555407,-23.5856731],[-46.755482,-23.585648],[-46.755363,-23.585589],[-46.755286,-23.585527],[-46.755229,-23.585464],[-46.755093,-23.585124],[-46.754932,-23.584734],[-46.754837,-23.584623],[-46.754786,-23.584591],[-46.754619,-23.5845291],[-46.7544839,-23.5845032],[-46.7543469,-23.5844759],[-46.753995,-23.5844068],[-46.7538598,-23.5843845],[-46.7537168,-23.5843645],[-46.7536603,-23.58436],[-46.753607,-23.5843592],[-46.753483,-23.584349],[-46.75335,-23.584375],[-46.753279,-23.584401],[-46.752797,-23.584667],[-46.752378,-23.584891],[-46.75229,-23.584919],[-46.7521578,-23.58492],[-46.7521072,-23.5849113],[-46.752057,-23.584895],[-46.751971,-23.584848],[-46.75189,-23.58479],[-46.751812,-23.58469],[-46.751781,-23.584597],[-46.7517503,-23.5843163],[-46.7517425,-23.5842509],[-46.7517185,-23.5840482],[-46.751671,-23.583893],[-46.75147,-23.583685],[-46.751404,-23.583632],[-46.751207,-23.58352],[-46.751029,-23.583455],[-46.7509553,-23.5834318],[-46.7509161,-23.5834239],[-46.750878,-23.583425],[-46.750777,-23.583424],[-46.75068,-23.583444],[-46.750187,-23.583625],[-46.750113,-23.583639],[-46.7500427,-23.5836498],[-46.749971,-23.583622],[-46.749899,-23.583592],[-46.749782,-23.583511],[-46.74971,-23.58343],[-46.74959,-23.583221],[-46.749617,-23.583087],[-46.7496352,-23.5829051],[-46.74965,-23.582758],[-46.749646,-23.582653],[-46.7495851,-23.5824628],[-46.74955,-23.582353],[-46.749485,-23.582223],[-46.749452,-23.582136],[-46.749451,-23.582054],[-46.749472,-23.581949],[-46.749527,-23.581813],[-46.750011,-23.58105],[-46.75005,-23.580946],[-46.750051,-23.58085],[-46.750021,-23.580751],[-46.749951,-23.580651],[-46.749803,-23.580524],[-46.749594,-23.580368],[-46.74951,-23.580282],[-46.749439,-23.580186],[-46.749398,-23.580107],[-46.749379,-23.579996],[-46.749395,-23.579877],[-46.74942,-23.579794],[-46.749606,-23.579487],[-46.749633,-23.579401],[-46.749652,-23.579217],[-46.749633,-23.579107],[-46.749593,-23.579012],[-46.749441,-23.578808],[-46.749275,-23.578606],[-46.749078,-23.578353],[-46.748948,-23.578229],[-46.748842,-23.578149],[-46.748739,-23.578091],[-46.748628,-23.57805],[-46.748451,-23.578034],[-46.74828,-23.578025],[-46.748165,-23.578026],[-46.748031,-23.57804],[-46.747829,-23.578091],[-46.746775,-23.578484],[-46.746628,-23.57856],[-46.746441,-23.578671],[-46.745926,-23.579025],[-46.745863,-23.579061],[-46.745736,-23.579107],[-46.745572,-23.579129],[-46.745452,-23.579105],[-46.745241,-23.579006],[-46.745154,-23.578937],[-46.745119,-23.578855],[-46.745075,-23.578496],[-46.745052,-23.578354],[-46.74498,-23.57817],[-46.744909,-23.578116],[-46.744763,-23.578031],[-46.744517,-23.577955],[-46.744145,-23.577901],[-46.743754,-23.577878],[-46.743604,-23.577861],[-46.743471,-23.577831],[-46.743326,-23.577773],[-46.74323,-23.577685],[-46.743135,-23.577538],[-46.743096,-23.577447],[-46.74304,-23.577245],[-46.743023,-23.577123],[-46.742945,-23.576926],[-46.742897,-23.576835],[-46.74284,-23.576746],[-46.742695,-23.57664],[-46.7425883,-23.5765734],[-46.742442,-23.576482],[-46.742402,-23.576466],[-46.742242,-23.576429],[-46.742144,-23.576388],[-46.742057,-23.57633],[-46.741973,-23.576262],[-46.740801,-23.575655],[-46.740106,-23.575288],[-46.739889,-23.575161],[-46.739752,-23.575076],[-46.739604,-23.574934],[-46.739134,-23.574326],[-46.739045,-23.574217],[-46.7389428,-23.5741315],[-46.738865,-23.574076],[-46.738725,-23.574003],[-46.738545,-23.5739203],[-46.7379,-23.573762],[-46.7376336,-23.5737156],[-46.737464,-23.573641],[-46.737348,-23.573629],[-46.737245,-23.573631],[-46.737141,-23.573644],[-46.737021,-23.57367],[-46.736907,-23.573705],[-46.736533,-23.573842],[-46.736168,-23.573992],[-46.736069,-23.574028],[-46.735878,-23.574075],[-46.735775,-23.57408],[-46.735407,-23.574074],[-46.735495,-23.574049],[-46.735661,-23.57399],[-46.735889,-23.5738767],[-46.7363089,-23.5736574],[-46.738037,-23.572802],[-46.738639,-23.572493],[-46.738833,-23.572366],[-46.739008,-23.572228],[-46.739154,-23.572073],[-46.7399499,-23.5711514],[-46.741338,-23.569383],[-46.740396,-23.568722],[-46.742466,-23.566197],[-46.742112,-23.565948],[-46.741584,-23.565567],[-46.742654,-23.564244],[-46.743313,-23.563412],[-46.743025,-23.563214],[-46.742739,-23.563025],[-46.742486,-23.562851],[-46.742391,-23.562792],[-46.741552,-23.562628],[-46.741657,-23.562416],[-46.7422555,-23.5614714],[-46.7429937,-23.5603911],[-46.744413,-23.558476]]],[[[-46.757046,-23.586488],[-46.757266,-23.586485],[-46.75764,-23.586461],[-46.758003,-23.586424],[-46.758346,-23.586372],[-46.758527,-23.586336],[-46.759285,-23.586166],[-46.759744,-23.586059],[-46.760457,-23.585885],[-46.761112,-23.585744],[-46.761371,-23.585696],[-46.761616,-23.585666],[-46.76248,-23.585577],[-46.762797,-23.585528],[-46.763095,-23.585487],[-46.763682,-23.585415],[-46.764093,-23.585359],[-46.76468,-23.585297],[-46.765588,-23.585197],[-46.765747,-23.585172],[-46.766215,-23.585074],[-46.766744,-23.584922],[-46.767007,-23.584841],[-46.767462,-23.58466],[-46.76781,-23.584485],[-46.76834,-23.584172],[-46.769235,-23.583693],[-46.769848,-23.58337],[-46.770083,-23.58326],[-46.770272,-23.583202],[-46.770419,-23.583168],[-46.770599,-23.583141],[-46.770922,-23.583117],[-46.771957,-23.583035],[-46.772225,-23.583016],[-46.772456,-23.583008],[-46.772783,-23.583011],[-46.773069,-23.583021],[-46.773345,-23.583039],[-46.774438,-23.583136],[-46.7746028,-23.5830693],[-46.774854,-23.582918],[-46.775033,-23.582809],[-46.775797,-23.58237],[-46.775921,-23.582272],[-46.775966,-23.582219],[-46.776314,-23.581533],[-46.7764612,-23.5814307],[-46.776783,-23.581196],[-46.776955,-23.580976],[-46.777124,-23.580771],[-46.777236,-23.580685],[-46.777716,-23.58033],[-46.777852,-23.580184],[-46.778111,-23.579883],[-46.778173,-23.579784],[-46.778259,-23.579626],[-46.778315,-23.579419],[-46.77834,-23.579179],[-46.778343,-23.579098],[-46.77833,-23.578935],[-46.778324,-23.578769],[-46.778331,-23.578724],[-46.778386,-23.578623],[-46.778504,-23.578475],[-46.778616,-23.578354],[-46.778744,-23.578233],[-46.778842,-23.578164],[-46.779312,-23.577908],[-46.779378,-23.57786],[-46.779515,-23.577722],[-46.779591,-23.577631],[-46.779935,-23.577251],[-46.780008,-23.57722],[-46.780096,-23.577195],[-46.780436,-23.577111],[-46.781012,-23.5769769],[-46.781148,-23.576941],[-46.781269,-23.576902],[-46.78148,-23.576859],[-46.781321,-23.576361],[-46.781488,-23.576225],[-46.78158,-23.576087],[-46.782016,-23.575345],[-46.78228,-23.574833],[-46.782298,-23.574746],[-46.782402,-23.5743848]]],[[[-46.782402,-23.5743848],[-46.782157,-23.5743511],[-46.7820547,-23.5743048],[-46.7819856,-23.5742501],[-46.7818447,-23.5740873],[-46.7814723,-23.5735219]]],[[[-46.7814723,-23.5735219],[-46.7814374,-23.5734915],[-46.7814019,-23.5734706],[-46.781365,-23.5734651],[-46.781316,-23.5734491],[-46.781247,-23.5734123]]],[[[-46.781247,-23.5734123],[-46.7812718,-23.5733348],[-46.7812939,-23.5732721],[-46.7813071,-23.5732025],[-46.7812946,-23.5731203],[-46.7812724,-23.5730404],[-46.7812219,-23.5729458],[-46.7811504,-23.5728438],[-46.7810619,-23.5727602],[-46.7808475,-23.5726196],[-46.7806197,-23.5724669],[-46.7801704,-23.5720745],[-46.7801,-23.5719702],[-46.7800665,-23.5718504],[-46.7800858,-23.5717182],[-46.7802156,-23.5714847],[-46.7803165,-23.5712952],[-46.7803467,-23.5711687],[-46.7803454,-23.570903],[-46.7803427,-23.5708047]]],[[[-46.7803427,-23.5708047],[-46.7799887,-23.5707076],[-46.7797745,-23.5706537]]],[[[-46.7798126,-23.5711346],[-46.7798196,-23.5710496],[-46.7797745,-23.5706537]]]]},"properties":{"name":"Rio Pequeno","admin_level":"9"}},{"type":"Feature","geometry":{"type":"MultiPolygon","coordinates":[[[[-46.7279409,-23.6115063],[-46.727803,-23.611341],[-46.7263305,-23.6090898],[-46.72586,-23.608388],[-46.725622,-23.608012],[-46.725512,-23.607776],[-46.725448,-23.607596],[-46.725367,-23.607304],[-46.725328,-23.607027],[-46.725132,-23.605214],[-46.725072,-23.604464],[-46.725081,-23.604242],[-46.72523,-23.603213],[-46.725246,-23.603001],[-46.725207,-23.602741],[-46.725099,-23.602459],[-46.724896,-23.602193],[-46.724654,-23.601967],[-46.720719,-23.598897],[-46.720464,-23.598664],[-46.720288,-23.598488],[-46.72012,-23.598228],[-46.720156,-23.598183],[-46.720177,-23.59813],[-46.7201849,-23.5980546],[-46.720175,-23.597996],[-46.720142,-23.597919],[-46.720024,-23.597848],[-46.720009,-23.597605],[-46.720025,-23.597395],[-46.72012,-23.596756],[-46.720341,-23.595114],[-46.720447,-23.59451],[-46.720492,-23.594358],[-46.720565,-23.594202],[-46.720658,-23.594063],[-46.720781,-23.593916],[-46.721117,-23.593544],[-46.721217,-23.593363],[-46.72127,-23.593211],[-46.721323,-23.592954],[-46.72163,-23.59168],[-46.721817,-23.590869],[-46.72196,-23.590421],[-46.72202,-23.59027],[-46.722095,-23.590132],[-46.723211,-23.58837],[-46.723962,-23.587213],[-46.724233,-23.586781],[-46.724288,-23.586684],[-46.724319,-23.586594]]],[[[-46.7553636,-23.5865018],[-46.7499499,-23.5864865],[-46.7496322,-23.5864679],[-46.7493779,-23.5864378],[-46.7490839,-23.5863887],[-46.7488733,-23.5863435],[-46.7485631,-23.5862629],[-46.7482552,-23.5861614],[-46.7465607,-23.585389],[-46.7462147,-23.5852226],[-46.7458696,-23.5851046],[-46.7455422,-23.5850231],[-46.7449615,-23.5849152],[-46.7446185,-23.5849048],[-46.7422436,-23.5850209],[-46.739999,-23.5851208],[-46.739679,-23.5851212],[-46.7393069,-23.5850878],[-46.7389344,-23.5850166],[-46.7385496,-23.5849205],[-46.7379697,-23.5847298],[-46.7369926,-23.5867726],[-46.7369745,-23.5868159],[-46.7367089,-23.5873675],[-46.735516,-23.589921],[-46.733667,-23.589175],[-46.733252,-23.588999],[-46.733008,-23.588875],[-46.732737,-23.588656],[-46.732585,-23.58851],[-46.732418,-23.588322],[-46.732232,-23.588],[-46.732163,-23.58785],[-46.732093,-23.587637],[-46.73203,-23.587339],[-46.73199,-23.587202],[-46.731911,-23.587047],[-46.731759,-23.586828],[-46.73158,-23.586633],[-46.73133,-23.586397],[-46.731139,-23.586254],[-46.730933,-23.586124],[-46.730715,-23.586023],[-46.729621,-23.58562],[-46.729434,-23.585534],[-46.729,-23.585291],[-46.72857,-23.585035],[-46.728216,-23.584776],[-46.726132,-23.583071],[-46.725348,-23.582444],[-46.724826,-23.582989],[-46.724196,-23.583696],[-46.724126,-23.583779],[-46.72408,-23.583867],[-46.724054,-23.583951],[-46.724052,-23.584116],[-46.724186,-23.584718],[-46.724292,-23.58507],[-46.724322,-23.58523],[-46.724366,-23.585598],[-46.7243657,-23.5859868],[-46.724319,-23.586594]]],[[[-46.7553636,-23.5865018],[-46.7560779,-23.5882237],[-46.756061,-23.5884411],[-46.7558633,-23.5884618],[-46.755468,-23.5894245],[-46.7549992,-23.5897816],[-46.7543836,-23.5899938],[-46.7542368,-23.589999],[-46.754169,-23.5900301],[-46.7540165,-23.5904752],[-46.7539262,-23.5906874],[-46.7537003,-23.5908892],[-46.7537003,-23.5909927],[-46.7537793,-23.5910963],[-46.7539431,-23.5912619],[-46.7542707,-23.591412],[-46.7575124,-23.5925817],[-46.7588114,-23.5931458],[-46.7603081,-23.5940981],[-46.7604775,-23.5944656],[-46.7605394,-23.5949022],[-46.760596,-23.5949935]]],[[[-46.760596,-23.5949935],[-46.7605624,-23.5950158],[-46.7605341,-23.5950443],[-46.7605054,-23.5950909],[-46.7604659,-23.5951787],[-46.7604404,-23.5952476],[-46.7604142,-23.5953354],[-46.760374,-23.595462],[-46.760318,-23.5955852],[-46.7602674,-23.5956673],[-46.760203,-23.5957508],[-46.7600833,-23.5958963],[-46.759855,-23.5961736],[-46.7595801,-23.596479],[-46.7594582,-23.5966174],[-46.7593052,-23.5967912]]],[[[-46.7593052,-23.5967912],[-46.7592173,-23.5969479],[-46.7591187,-23.5971304],[-46.7590638,-23.5972926],[-46.7590604,-23.5974026],[-46.7590892,-23.5975371],[-46.759159,-23.5976711],[-46.7592622,-23.5978554],[-46.7593105,-23.597955],[-46.7593085,-23.5980699],[-46.7592783,-23.5981584],[-46.75923,-23.5982376],[-46.7592161,-23.5982549],[-46.7591751,-23.5983059],[-46.7590738,-23.5983986],[-46.758996,-23.5984724],[-46.758825,-23.5986315],[-46.7587271,-23.5987599],[-46.7586916,-23.5988116],[-46.7586004,-23.5989486],[-46.7585246,-23.599066],[-46.7584267,-23.5992091],[-46.7583436,-23.5993007],[-46.7583094,-23.5993369],[-46.7582162,-23.599423],[-46.7580982,-23.5994967],[-46.7580016,-23.5995502],[-46.7577837,-23.5996411],[-46.7576308,-23.5996976],[-46.7575322,-23.5997376],[-46.7574605,-23.5997505],[-46.7574201,-23.5997558],[-46.757386,-23.5997603],[-46.7573233,-23.5997604],[-46.7572392,-23.599756],[-46.757206,-23.5997514]]],[[[-46.757206,-23.5997514],[-46.757094,-23.5997315]]],[[[-46.757094,-23.5997315],[-46.7570862,-23.5997301],[-46.7570212,-23.5997204],[-46.7569021,-23.5997055],[-46.7568019,-23.5997018],[-46.7567199,-23.5997089],[-46.7566585,-23.5997265],[-46.7565928,-23.599756],[-46.7565405,-23.5997824],[-46.7561354,-23.6000411],[-46.7559504,-23.6001782],[-46.755764,-23.6003003],[-46.7556268,-23.6003902],[-46.7555152,-23.6004633],[-46.7553944,-23.6005471],[-46.7553046,-23.6006095],[-46.7551276,-23.6007103]]],[[[-46.7551276,-23.6007103],[-46.7548728,-23.6008064],[-46.754735,-23.6008412],[-46.7544966,-23.6009081],[-46.7543645,-23.6009456],[-46.7542457,-23.600984],[-46.7540145,-23.6011066],[-46.7538871,-23.6011926],[-46.7537778,-23.6012694],[-46.7536001,-23.601388],[-46.7534747,-23.6014667],[-46.7532682,-23.6015675],[-46.7530744,-23.6016676]]],[[[-46.7530744,-23.6016676],[-46.7528494,-23.6017543],[-46.752656,-23.6018243],[-46.7525547,-23.6018581],[-46.7524206,-23.6018993],[-46.7523187,-23.6019159],[-46.7522375,-23.6019226],[-46.752145,-23.6019214],[-46.7520199,-23.6019165],[-46.7518593,-23.6018888],[-46.7517668,-23.6018814],[-46.751685,-23.6018784],[-46.75162,-23.6018851],[-46.7515583,-23.6019042],[-46.7514925,-23.6019288],[-46.7514322,-23.6019687],[-46.7513608,-23.6020609],[-46.7512988,-23.6021355],[-46.7512669,-23.6021785],[-46.7511492,-23.6023352],[-46.7511088,-23.6023823],[-46.7510406,-23.6024805],[-46.7509983,-23.6025703],[-46.7509487,-23.6026673],[-46.7509165,-23.6027319],[-46.7508582,-23.6028535],[-46.7508039,-23.6029948],[-46.7507596,-23.6031362],[-46.7507114,-23.6032886],[-46.7505665,-23.6037346],[-46.7504928,-23.6039546],[-46.7504337,-23.6041277],[-46.7504257,-23.6041512],[-46.7503868,-23.6042121],[-46.7503493,-23.6042471],[-46.7502936,-23.6042791],[-46.7501752,-23.6043125],[-46.7500244,-23.6043383],[-46.7496636,-23.6043638]]],[[[-46.7496636,-23.6043638],[-46.7494037,-23.6043752],[-46.7492444,-23.604362]]],[[[-46.7499219,-23.6058369],[-46.7497799,-23.6052623],[-46.7496439,-23.6049859],[-46.7492444,-23.604362]]],[[[-46.7517728,-23.6087189],[-46.7517674,-23.6083032],[-46.7516626,-23.607892],[-46.7516462,-23.6073391],[-46.7516886,-23.6071809],[-46.7517044,-23.6071219],[-46.751742,-23.6069147],[-46.7517029,-23.6067804],[-46.7515491,-23.6066048],[-46.7513663,-23.6064629],[-46.7511083,-23.6063937],[-46.750563,-23.6063217],[-46.7503558,-23.6062511],[-46.7501568,-23.6061685],[-46.750053,-23.6060492],[-46.7499219,-23.6058369]]],[[[-46.7517728,-23.6087189],[-46.751039,-23.61255],[-46.750952,-23.613045],[-46.750763,-23.613853],[-46.750226,-23.616142],[-46.7497468,-23.6170725]]],[[[-46.7497468,-23.6170725],[-46.7487135,-23.6169109],[-46.7469699,-23.6158188],[-46.7466868,-23.6156439],[-46.7465855,-23.6155631],[-46.7465071,-23.6154735],[-46.7464268,-23.6152845],[-46.7464352,-23.6151136],[-46.7464068,-23.6150132],[-46.7463183,-23.6149314],[-46.7462308,-23.614893],[-46.7461349,-23.6148847],[-46.7455349,-23.6149466],[-46.7425105,-23.615125],[-46.7422508,-23.6153633],[-46.7418786,-23.6151523],[-46.7416627,-23.6150365],[-46.7413124,-23.615021],[-46.740996,-23.615045],[-46.740882,-23.6151358],[-46.7408569,-23.6150579],[-46.7405408,-23.6153095],[-46.7400843,-23.6155735],[-46.7396079,-23.6158282],[-46.7386296,-23.6162814],[-46.7374435,-23.6168094],[-46.7370033,-23.6170103],[-46.7367142,-23.617095],[-46.7365485,-23.6171051],[-46.7361545,-23.6170583],[-46.7358375,-23.6169925],[-46.7356683,-23.6168936],[-46.7353432,-23.6166067],[-46.7350375,-23.616312],[-46.7346061,-23.6158076],[-46.7341272,-23.6152897],[-46.7339873,-23.615154],[-46.7337766,-23.614943],[-46.7335363,-23.6148339],[-46.7332456,-23.6147907],[-46.732973,-23.6147697],[-46.7324045,-23.6147487],[-46.7320702,-23.6147937],[-46.7314597,-23.6149584],[-46.7312665,-23.6144831],[-46.7310651,-23.6141588],[-46.7309358,-23.6139145],[-46.7307514,-23.6137104],[-46.7304729,-23.6134728],[-46.7302333,-23.6132822],[-46.7296403,-23.6128833],[-46.7289891,-23.6124451],[-46.728537,-23.6121202],[-46.7284043,-23.6120169],[-46.7280878,-23.6116907],[-46.7279409,-23.6115063]]]]},"properties":{"name":"Vila Sônia","admin_level":"9"}},{"type":"Feature","geometry":{"type":"MultiPolygon","coordinates":[[[[-46.692853,-23.54498],[-46.693196,-23.544755],[-46.69361,-23.544414],[-46.693998,-23.544028],[-46.69478,-23.543212],[-46.694985,-23.543068],[-46.69612,-23.542371],[-46.696263,-23.542221],[-46.697169,-23.54075],[-46.697202,-23.540646]]],[[[-46.719294,-23.536479],[-46.719145,-23.536371],[-46.71894,-23.536131],[-46.718785,-23.536014],[-46.718728,-23.535981],[-46.7185897,-23.5359405],[-46.7172968,-23.5357448],[-46.716036,-23.535554],[-46.7149563,-23.5353893],[-46.714476,-23.535314],[-46.714221,-23.535285],[-46.7134598,-23.5352843],[-46.713136,-23.535284],[-46.712356,-23.53535],[-46.711342,-23.535525],[-46.710929,-23.535614],[-46.710447,-23.535731],[-46.7098341,-23.5359593],[-46.709749,-23.535991],[-46.709476,-23.536168],[-46.70939,-23.536263],[-46.709348,-23.536327],[-46.709313,-23.53642],[-46.709286,-23.536626],[-46.709288,-23.536685],[-46.709331,-23.536959],[-46.709331,-23.53702],[-46.709305,-23.537129],[-46.709257,-23.537211],[-46.7091655,-23.5373212],[-46.709135,-23.537358],[-46.708758,-23.53778],[-46.708355,-23.538253],[-46.70815,-23.538449],[-46.707995,-23.538561],[-46.707825,-23.538638],[-46.707681,-23.5386828],[-46.707555,-23.538722],[-46.706772,-23.538808],[-46.70644,-23.538855],[-46.706251,-23.538933],[-46.706049,-23.539091],[-46.705753,-23.539457],[-46.705632,-23.539593],[-46.705513,-23.539684],[-46.705232,-23.539851],[-46.704856,-23.540021],[-46.704584,-23.540108],[-46.704285,-23.5401544],[-46.703888,-23.540216],[-46.703545,-23.540281],[-46.70257,-23.540539],[-46.702389,-23.540574],[-46.701684,-23.540733],[-46.699956,-23.540936],[-46.699029,-23.541028],[-46.69872,-23.541025],[-46.6981815,-23.5408733],[-46.6974314,-23.5407063],[-46.697394,-23.540698],[-46.697202,-23.540646]]],[[[-46.719294,-23.536479],[-46.7193165,-23.5365136],[-46.719565,-23.536895],[-46.719938,-23.537135],[-46.720089,-23.537206],[-46.720333,-23.537278],[-46.720531,-23.537313],[-46.720718,-23.537335],[-46.720881,-23.537339],[-46.721313,-23.537304],[-46.723582,-23.536979],[-46.723914,-23.536962],[-46.724157,-23.536969],[-46.724572,-23.537019],[-46.724811,-23.537081],[-46.725085,-23.537167],[-46.725577,-23.537366],[-46.72573,-23.53745],[-46.725995,-23.537621],[-46.726133,-23.537727],[-46.727592,-23.539194],[-46.7277969,-23.539406],[-46.7278866,-23.5395388],[-46.7279413,-23.5396484],[-46.727988,-23.539767],[-46.728042,-23.540175],[-46.728046,-23.540325],[-46.728035,-23.540553],[-46.728004,-23.540819],[-46.727933,-23.540973],[-46.727914,-23.541052],[-46.727925,-23.54111],[-46.727956,-23.541163],[-46.728019,-23.541209],[-46.7280874,-23.5412263],[-46.728146,-23.541222],[-46.728188,-23.541207],[-46.728406,-23.541065],[-46.728499,-23.541165],[-46.7287832,-23.5411913],[-46.7289151,-23.5412224],[-46.7290352,-23.5412346],[-46.729272,-23.541251],[-46.729394,-23.541214],[-46.7294976,-23.541144],[-46.729711,-23.541197],[-46.729841,-23.541282],[-46.730037,-23.541459],[-46.732008,-23.543336],[-46.7345708,-23.5457406]]],[[[-46.7316627,-23.5482989],[-46.7321553,-23.5478731],[-46.7343158,-23.54597],[-46.7345708,-23.5457406]]],[[[-46.7048185,-23.5635726],[-46.704921,-23.563359],[-46.7050031,-23.5631908],[-46.7051508,-23.5629599],[-46.7053629,-23.5626538],[-46.7056039,-23.562315],[-46.7058326,-23.5620363],[-46.7060713,-23.5617483],[-46.7064105,-23.5613807],[-46.7066915,-23.5611038],[-46.7069842,-23.5608272],[-46.707261,-23.5606189],[-46.7076369,-23.5603844],[-46.7081504,-23.5600928],[-46.708723,-23.5597973],[-46.7093473,-23.5594973],[-46.7102319,-23.5590789],[-46.7108349,-23.5587759],[-46.7112662,-23.5585552],[-46.7119175,-23.5582495],[-46.712147,-23.5581418],[-46.7125502,-23.5579461],[-46.7139387,-23.5572173],[-46.7183917,-23.5550946],[-46.7199049,-23.5543447],[-46.7206113,-23.5539946],[-46.7224514,-23.5531122],[-46.7292371,-23.5497743],[-46.729723,-23.549533],[-46.7300821,-23.5493547],[-46.7305575,-23.5490752],[-46.7309522,-23.5488402],[-46.7313342,-23.5485742],[-46.7316627,-23.5482989]]],[[[-46.7048185,-23.5635726],[-46.703759,-23.562678],[-46.699444,-23.55906],[-46.698989,-23.558592],[-46.6989588,-23.5585357],[-46.698602,-23.557872],[-46.698466,-23.55765],[-46.698227,-23.557322],[-46.697661,-23.556731],[-46.697266,-23.556363],[-46.697293,-23.556319],[-46.697304,-23.556217],[-46.697293,-23.555764],[-46.697288,-23.555725],[-46.697262,-23.555656],[-46.697105,-23.555394],[-46.6968379,-23.5549324],[-46.696515,-23.554454],[-46.696356,-23.554157],[-46.695809,-23.553274],[-46.695723,-23.553111],[-46.695412,-23.551695],[-46.695353,-23.551394],[-46.695173,-23.550872],[-46.6948061,-23.5497102],[-46.6946916,-23.5493888],[-46.694483,-23.549178],[-46.693708,-23.548145],[-46.693701,-23.548092],[-46.693482,-23.547802],[-46.6933244,-23.54759],[-46.693258,-23.547507],[-46.6928558,-23.5470316],[-46.6928183,-23.5469886],[-46.692337,-23.5464],[-46.692612,-23.545999],[-46.6928201,-23.5456159],[-46.692867,-23.5454634],[-46.6928697,-23.5453356],[-46.692853,-23.54498]]]]},"properties":{"name":"Alto de Pinheiros","admin_level":"9"}},{"type":"Feature","geometry":{"type":"MultiPolygon","coordinates":[[[[-46.6777915,-23.5294313],[-46.6778359,-23.5294138],[-46.677994,-23.5293514],[-46.6781965,-23.5292543],[-46.6784969,-23.5291018],[-46.6786431,-23.5290208],[-46.6787784,-23.5289487],[-46.678858,-23.5289049]]],[[[-46.6767686,-23.530019],[-46.6777915,-23.5294313]]],[[[-46.6729662,-23.5322827],[-46.6735659,-23.5319026],[-46.6736131,-23.5318727],[-46.6736876,-23.5318288],[-46.6737673,-23.5317817],[-46.6740566,-23.5316157],[-46.6741303,-23.5315733],[-46.6743717,-23.5314319],[-46.6746834,-23.531252],[-46.6747586,-23.5312087],[-46.674825,-23.5311703],[-46.6750704,-23.5310286],[-46.6756055,-23.5307286],[-46.6761111,-23.5304396],[-46.6762848,-23.5303282],[-46.6764638,-23.5302134],[-46.6767686,-23.530019]]],[[[-46.663427,-23.537046],[-46.663484,-23.536996],[-46.663581,-23.536822],[-46.663799,-23.536212],[-46.663903,-23.535942],[-46.663427,-23.534989],[-46.665123,-23.533927],[-46.665316,-23.533833],[-46.666568,-23.533565],[-46.66919,-23.533003],[-46.6729662,-23.5322827]]],[[[-46.663427,-23.537046],[-46.663152,-23.536506],[-46.66125,-23.532717],[-46.6609979,-23.532221],[-46.6609703,-23.5321647],[-46.660944,-23.532099],[-46.660934,-23.53175],[-46.66094,-23.530501],[-46.6609342,-23.5299991],[-46.660911,-23.527991],[-46.660893,-23.527778],[-46.660867,-23.527633],[-46.660822,-23.527434],[-46.66072,-23.527095],[-46.660103,-23.524707],[-46.659798,-23.523571],[-46.659706,-23.523302],[-46.659486,-23.522783],[-46.659312,-23.522454],[-46.6591571,-23.5222265],[-46.659043,-23.522048],[-46.658853,-23.521813],[-46.658592,-23.521519],[-46.657558,-23.520486],[-46.655884,-23.518785],[-46.655695,-23.51862],[-46.65536,-23.518365],[-46.655045,-23.518209],[-46.654427,-23.517959],[-46.6541646,-23.5178156]]],[[[-46.654003,-23.5167554],[-46.6541646,-23.5178156]]],[[[-46.670999,-23.514696],[-46.6668129,-23.5152039],[-46.666705,-23.515217],[-46.654003,-23.5167554]]],[[[-46.689613,-23.509038],[-46.687935,-23.509346],[-46.684807,-23.509945],[-46.684259,-23.510077],[-46.68376,-23.510218],[-46.683265,-23.510407],[-46.682723,-23.510675],[-46.682111,-23.511033],[-46.680043,-23.512642],[-46.67959,-23.512962],[-46.679233,-23.513162],[-46.678629,-23.513447],[-46.678051,-23.51367],[-46.677521,-23.513831],[-46.676968,-23.513943],[-46.675635,-23.514101],[-46.670999,-23.514696]]],[[[-46.693467,-23.508283],[-46.689613,-23.509038]]],[[[-46.685283,-23.523649],[-46.685608,-23.523377],[-46.685992,-23.523044],[-46.686502,-23.522635],[-46.68668,-23.522518],[-46.686889,-23.52225],[-46.687285,-23.521879],[-46.687555,-23.521642],[-46.687696,-23.521563],[-46.687775,-23.521555],[-46.687926,-23.521312],[-46.688021,-23.521085],[-46.68829,-23.520565],[-46.689049,-23.519036],[-46.689365,-23.518448],[-46.689663,-23.517852],[-46.690113,-23.517008],[-46.690617,-23.5162],[-46.690739,-23.515987],[-46.690986,-23.515618],[-46.691112,-23.515447],[-46.691165,-23.515312],[-46.691176,-23.515217],[-46.691369,-23.51493],[-46.692403,-23.513281],[-46.69254,-23.512974],[-46.692588,-23.512779],[-46.692637,-23.512069],[-46.692731,-23.511891],[-46.692854,-23.511712],[-46.693658,-23.510417],[-46.693687,-23.510299],[-46.69369,-23.510145],[-46.693605,-23.509744],[-46.693623,-23.509427],[-46.693652,-23.509268],[-46.693645,-23.50916],[-46.693467,-23.508283]]],[[[-46.6822279,-23.5264415],[-46.682305,-23.526314],[-46.682456,-23.525255],[-46.682533,-23.525002],[-46.682652,-23.5249],[-46.682965,-23.52468],[-46.683609,-23.524312],[-46.683917,-23.52419],[-46.685091,-23.52381],[-46.685283,-23.523649]]],[[[-46.6815354,-23.5270272],[-46.6816099,-23.5269644],[-46.6816932,-23.5268942],[-46.682132,-23.5265244],[-46.6821609,-23.5264994],[-46.6821742,-23.5264879],[-46.6822279,-23.5264415]]],[[[-46.678858,-23.5289049],[-46.6791767,-23.5287076],[-46.6793311,-23.528612],[-46.6795222,-23.5284913],[-46.6795877,-23.5284531],[-46.6796569,-23.5284011],[-46.6796939,-23.5283719],[-46.6799406,-23.5281839],[-46.6801215,-23.5280486],[-46.6804502,-23.527814],[-46.6804911,-23.5277849],[-46.6806274,-23.527688],[-46.6806847,-23.5276473],[-46.6807475,-23.5276054],[-46.681015,-23.5274267],[-46.6811262,-23.5273465],[-46.6811262,-23.5273464],[-46.6812011,-23.5272891],[-46.6813274,-23.5271926],[-46.6813682,-23.5271615],[-46.6814913,-23.5270626],[-46.6815354,-23.5270272]]]]},"properties":{"name":"Barra Funda","admin_level":"9"}},{"type":"Feature","geometry":{"type":"MultiPolygon","coordinates":[[[[-46.6777821,-23.4151547],[-46.6774589,-23.4156235]]],[[[-46.6777821,-23.4151547],[-46.6781777,-23.4154512],[-46.6785318,-23.4160222],[-46.6792023,-23.416672],[-46.6798498,-23.4170985],[-46.6808224,-23.417494],[-46.6817719,-23.417366],[-46.6822761,-23.4174645],[-46.6827107,-23.4177303],[-46.6833329,-23.4184785],[-46.6839338,-23.4188723],[-46.685,-23.419],[-46.6852749,-23.4198175],[-46.6857147,-23.42029],[-46.6850281,-23.4209792],[-46.6848564,-23.4213927],[-46.6847921,-23.4218455],[-46.6849905,-23.4224756],[-46.6854358,-23.4229481],[-46.6853607,-23.4237849],[-46.6854733,-23.42505],[-46.6856933,-23.426],[-46.6858971,-23.4264036],[-46.6863746,-23.4267826],[-46.6869656,-23.4269212],[-46.6873247,-23.4268549],[-46.6877961,-23.4267678],[-46.6892606,-23.4256062],[-46.6904086,-23.4242476],[-46.6912776,-23.4234059],[-46.6916263,-23.4230466],[-46.6918624,-23.4228989],[-46.6929245,-23.4229973],[-46.693579,-23.423401],[-46.6939437,-23.4238046],[-46.6949845,-23.4243067],[-46.6953095,-23.4242997],[-46.6965866,-23.4242721],[-46.6968084,-23.4242673],[-46.6980636,-23.4241295],[-46.6991794,-23.4236274],[-46.6999841,-23.4230663],[-46.7002952,-23.4226971],[-46.7004769,-23.422299]]],[[[-46.712061,-23.454521],[-46.711802,-23.45448],[-46.711661,-23.454406],[-46.711405,-23.454164],[-46.711141,-23.45381],[-46.710877,-23.453344],[-46.710714,-23.453137],[-46.710619,-23.453079],[-46.710569,-23.453031],[-46.710515,-23.452927],[-46.71047,-23.452884],[-46.710156,-23.452705],[-46.709997,-23.452693],[-46.709695,-23.452714],[-46.709347,-23.452689],[-46.709276,-23.452675],[-46.709202,-23.452613],[-46.70901,-23.452514],[-46.708642,-23.452408],[-46.708537,-23.452355],[-46.708338,-23.452126],[-46.708265,-23.452103],[-46.708109,-23.452089],[-46.708061,-23.45207],[-46.707987,-23.452021],[-46.707908,-23.451937],[-46.707829,-23.451809],[-46.707716,-23.451706],[-46.707331,-23.45152],[-46.707011,-23.451386],[-46.707109,-23.45132],[-46.7072,-23.451238],[-46.707255,-23.451116],[-46.707277,-23.450958],[-46.707276,-23.450908],[-46.707223,-23.450667],[-46.707235,-23.450447],[-46.70722,-23.450377],[-46.70716,-23.450308],[-46.707007,-23.450199],[-46.706918,-23.450069],[-46.706876,-23.449914],[-46.706827,-23.44981],[-46.706753,-23.449698],[-46.706741,-23.449513],[-46.706777,-23.449207],[-46.70673,-23.44883],[-46.706659,-23.448674],[-46.706585,-23.448581],[-46.706418,-23.448326],[-46.706361,-23.448253],[-46.706323,-23.448083],[-46.706227,-23.447944],[-46.70619,-23.447825],[-46.706177,-23.447751],[-46.706197,-23.447675],[-46.706379,-23.447282],[-46.706395,-23.447212],[-46.70634,-23.447008],[-46.706346,-23.446943],[-46.706455,-23.446765],[-46.706456,-23.446649],[-46.706384,-23.446535],[-46.706253,-23.446288],[-46.706244,-23.446161],[-46.706313,-23.446008],[-46.706429,-23.445815],[-46.706794,-23.445364],[-46.706978,-23.445151],[-46.707125,-23.445014],[-46.707334,-23.444907],[-46.707512,-23.444833],[-46.707748,-23.444798],[-46.707854,-23.444775],[-46.70791,-23.444731],[-46.707974,-23.444551],[-46.708027,-23.444479],[-46.708124,-23.444417],[-46.708615,-23.444385],[-46.708718,-23.44436],[-46.708866,-23.444293],[-46.7093297,-23.4437791],[-46.7103749,-23.4431251],[-46.7114147,-23.4421138],[-46.711618,-23.441732],[-46.7116426,-23.4414919],[-46.7116906,-23.4411408],[-46.7117027,-23.4407571],[-46.7116027,-23.4404299],[-46.7115232,-23.440326],[-46.7114836,-23.4402907],[-46.7110507,-23.4399037],[-46.709852,-23.439429],[-46.709761,-23.4393887],[-46.7095835,-23.4393129],[-46.7092748,-23.439208],[-46.7088091,-23.4390375],[-46.708486,-23.438842],[-46.708333,-23.438616],[-46.707892,-23.438128],[-46.707228,-23.437586],[-46.706948,-23.437428],[-46.706534,-23.437254],[-46.706397,-23.437216],[-46.706175,-23.43724],[-46.70541,-23.437376],[-46.704841,-23.437159],[-46.703813,-23.437085],[-46.703394,-23.43691],[-46.703234,-23.436725],[-46.703208,-23.436152],[-46.703189,-23.435368],[-46.703081,-23.434288],[-46.702691,-23.431101],[-46.702648,-23.430674],[-46.70268,-23.430247],[-46.702718,-23.42954],[-46.702998,-23.428499],[-46.703339,-23.427048],[-46.703488,-23.426122],[-46.703498,-23.425451],[-46.703434,-23.424859],[-46.703474,-23.424318],[-46.703559,-23.423567],[-46.703477,-23.423062],[-46.703347,-23.422804],[-46.703169,-23.422601],[-46.702898,-23.422408],[-46.702546,-23.422281],[-46.702088,-23.422242],[-46.70094,-23.422251],[-46.7004769,-23.422299]]],[[[-46.712061,-23.454521],[-46.712114,-23.454584],[-46.712449,-23.455099],[-46.712508,-23.455176],[-46.712722,-23.4554],[-46.712836,-23.455511],[-46.712946,-23.455599],[-46.713132,-23.455735],[-46.713408,-23.455919],[-46.713545,-23.456036],[-46.713693,-23.45622],[-46.714041,-23.456886],[-46.714192,-23.457149],[-46.71434,-23.457375],[-46.714599,-23.457706],[-46.714687,-23.457801],[-46.714814,-23.457966],[-46.714863,-23.458051],[-46.714937,-23.45821],[-46.714978,-23.458337],[-46.714993,-23.458412],[-46.715012,-23.458617],[-46.715023,-23.459007],[-46.715049,-23.459072],[-46.715304,-23.459452],[-46.715367,-23.4595665],[-46.715401,-23.459668],[-46.715416,-23.459768],[-46.7154,-23.460054],[-46.715358,-23.46047],[-46.715344,-23.460561],[-46.715211,-23.460922],[-46.714962,-23.461376],[-46.714816,-23.461572],[-46.714523,-23.4619],[-46.714371,-23.462107],[-46.7142988,-23.4622612]]],[[[-46.7142988,-23.4622612],[-46.713649,-23.461941],[-46.713494,-23.461911],[-46.713413,-23.461918],[-46.713098,-23.461845],[-46.712769,-23.461704],[-46.712686,-23.461657],[-46.712248,-23.461364],[-46.71206,-23.461253],[-46.711851,-23.461135],[-46.711709,-23.461075],[-46.711633,-23.461052],[-46.711494,-23.461041],[-46.711375,-23.461068],[-46.71119,-23.461137],[-46.711061,-23.461238],[-46.710933,-23.461452],[-46.710873,-23.461535],[-46.710807,-23.461589],[-46.710752,-23.461608],[-46.710697,-23.461612],[-46.710141,-23.461548],[-46.709971,-23.46154],[-46.709793,-23.461542],[-46.708989,-23.461607],[-46.708732,-23.461621],[-46.708136,-23.461683],[-46.708019,-23.461687],[-46.707924,-23.461677],[-46.707451,-23.461564],[-46.707284,-23.461534],[-46.70535,-23.461317],[-46.705122,-23.461301],[-46.704963,-23.461307],[-46.704821,-23.461328],[-46.704681,-23.46137],[-46.704432,-23.461492],[-46.70435,-23.461545],[-46.70426,-23.46162],[-46.704135,-23.461767],[-46.703903,-23.46157],[-46.703849,-23.461535],[-46.703817,-23.461535],[-46.703705,-23.461572],[-46.70336,-23.461764],[-46.703191,-23.461866],[-46.702657,-23.462159],[-46.702503,-23.462224],[-46.702224,-23.462357],[-46.702185,-23.462392],[-46.701776,-23.462632],[-46.701675,-23.462671],[-46.701299,-23.462886],[-46.701193,-23.463581],[-46.700554,-23.464412],[-46.699335,-23.465785],[-46.699139,-23.466028],[-46.698938,-23.466243],[-46.698735,-23.466479],[-46.698464,-23.466852],[-46.698231,-23.467139],[-46.698054,-23.467328],[-46.697968,-23.467463],[-46.697846,-23.467686],[-46.697792,-23.467763],[-46.697725,-23.467832],[-46.697582,-23.467959],[-46.697425,-23.468174],[-46.697326,-23.468345],[-46.697322,-23.468396],[-46.697413,-23.4687],[-46.697508,-23.468908],[-46.697673,-23.469218],[-46.697523,-23.469357],[-46.69695,-23.469937],[-46.696825,-23.470071]]],[[[-46.696825,-23.470071],[-46.696794,-23.470117],[-46.696778,-23.470189],[-46.696768,-23.470346],[-46.696646,-23.471289],[-46.696713,-23.471316],[-46.696685,-23.471586],[-46.69659,-23.472944],[-46.696481,-23.472928],[-46.696253,-23.47291],[-46.696239,-23.473037],[-46.696117,-23.473457],[-46.695964,-23.473931],[-46.695959,-23.474045],[-46.695989,-23.474177],[-46.696144,-23.474582],[-46.696184,-23.47472],[-46.696214,-23.474871],[-46.696229,-23.47499],[-46.696238,-23.475227],[-46.696234,-23.475404],[-46.6962132,-23.4755095],[-46.696156,-23.475575],[-46.696035,-23.475647],[-46.69597,-23.475744],[-46.695731,-23.47627],[-46.695614,-23.476572],[-46.695484,-23.476942],[-46.695375,-23.477294],[-46.695317,-23.477586],[-46.695292,-23.477805],[-46.695292,-23.477966]]],[[[-46.682743,-23.480912],[-46.683563,-23.481211],[-46.684645,-23.481282],[-46.686083,-23.480906],[-46.686461,-23.480799],[-46.686386,-23.480548],[-46.686199,-23.479994],[-46.686088,-23.479693],[-46.685956,-23.479479],[-46.6860291,-23.4794528],[-46.6863041,-23.4793545],[-46.6865533,-23.4792591],[-46.6864709,-23.4789195],[-46.686632,-23.478776],[-46.686733,-23.47871],[-46.686824,-23.478674],[-46.687899,-23.478548],[-46.688559,-23.478482],[-46.688429,-23.47795],[-46.690946,-23.477685],[-46.690929,-23.477864],[-46.692194,-23.477942],[-46.693107,-23.477988],[-46.693468,-23.478017],[-46.693477,-23.477873],[-46.693504,-23.477822],[-46.693525,-23.477799],[-46.693978,-23.477635],[-46.69403,-23.477624],[-46.694068,-23.477624],[-46.694345,-23.477707],[-46.694406,-23.477737],[-46.695025,-23.477926],[-46.695292,-23.477966]]],[[[-46.6701718,-23.4740262],[-46.67031,-23.474214],[-46.670753,-23.474387],[-46.670848,-23.474414],[-46.671131,-23.474448],[-46.67142,-23.474437],[-46.671724,-23.474406],[-46.672225,-23.474221],[-46.672335,-23.474198],[-46.672392,-23.474199],[-46.672588,-23.474244],[-46.672776,-23.474312],[-46.672955,-23.474437],[-46.673376,-23.474772],[-46.673536,-23.474913],[-46.673795,-23.475185],[-46.674295,-23.475738],[-46.674524,-23.476003],[-46.674619,-23.4761],[-46.674839,-23.476373],[-46.674996,-23.476488],[-46.675031,-23.476526],[-46.675252,-23.476683],[-46.675434,-23.476784],[-46.67595,-23.477121],[-46.6759692,-23.4771292],[-46.67618,-23.477219],[-46.676338,-23.47727],[-46.676616,-23.477304],[-46.676887,-23.477318],[-46.677052,-23.477334],[-46.677274,-23.477331],[-46.677808,-23.477304],[-46.67808,-23.477271],[-46.678554,-23.477148],[-46.679176,-23.477013],[-46.679455,-23.476985],[-46.679695,-23.476984],[-46.680192,-23.477025],[-46.6801927,-23.4770251],[-46.680662,-23.47708],[-46.68092,-23.477163],[-46.681212,-23.477273],[-46.681406,-23.477371],[-46.681589,-23.477494],[-46.681683,-23.477567],[-46.682003,-23.477855],[-46.682579,-23.478396],[-46.682635,-23.478585],[-46.68265,-23.47871],[-46.682653,-23.478842],[-46.682629,-23.47896],[-46.682436,-23.479281],[-46.682122,-23.479998],[-46.682052,-23.480182],[-46.682006,-23.480362],[-46.682008,-23.480516],[-46.682054,-23.480683],[-46.682105,-23.480775],[-46.682293,-23.481067],[-46.682353,-23.481144],[-46.682417,-23.481209],[-46.682665,-23.481402],[-46.682634,-23.48127],[-46.682638,-23.481185],[-46.68266,-23.481047],[-46.682743,-23.480912]]],[[[-46.6755592,-23.4502624],[-46.675306,-23.450592],[-46.674446,-23.451885],[-46.674084,-23.452393],[-46.674006,-23.452522],[-46.67397,-23.452615],[-46.673959,-23.452701],[-46.673958,-23.452795],[-46.673986,-23.452916],[-46.674158,-23.453368],[-46.674385,-23.453998],[-46.674991,-23.45558],[-46.675081,-23.455888],[-46.675096,-23.456108],[-46.675087,-23.45623],[-46.675061,-23.456376],[-46.674964,-23.456706],[-46.67495,-23.456788],[-46.674942,-23.456953],[-46.674946,-23.457068],[-46.67496,-23.457167],[-46.675032,-23.45745],[-46.675047,-23.457569],[-46.675046,-23.457717],[-46.67503,-23.457841],[-46.674999,-23.457962],[-46.674953,-23.458087],[-46.67487,-23.45823],[-46.674781,-23.45835],[-46.673967,-23.4593],[-46.673863,-23.45941],[-46.673419,-23.459801],[-46.673356,-23.459836],[-46.673222,-23.45989],[-46.673149,-23.459945],[-46.673103,-23.460007],[-46.673066,-23.460086],[-46.672981,-23.460311],[-46.672908,-23.460574],[-46.672862,-23.460772],[-46.672818,-23.461036],[-46.672614,-23.462752],[-46.672573,-23.462956],[-46.672514,-23.46318],[-46.672406,-23.463492],[-46.672317,-23.463698],[-46.672234,-23.46385],[-46.672139,-23.464008],[-46.671935,-23.4643],[-46.670829,-23.465739],[-46.670694,-23.465928],[-46.670421,-23.466428],[-46.670301,-23.466776],[-46.670214,-23.467056],[-46.670151,-23.467325],[-46.670113,-23.46768],[-46.670098,-23.467925],[-46.670098,-23.46818],[-46.670146,-23.468543],[-46.670418,-23.469903],[-46.67044,-23.470127],[-46.67045,-23.470356],[-46.670438,-23.470569],[-46.6703684,-23.4711702],[-46.6700674,-23.4737686],[-46.670047,-23.473847],[-46.6701718,-23.4740262]]],[[[-46.670755,-23.436353],[-46.6711087,-23.4363879],[-46.671318,-23.4366808],[-46.6713712,-23.437311],[-46.671191,-23.437846],[-46.671196,-23.43819],[-46.6711947,-23.4383536],[-46.671158,-23.438476],[-46.671058,-23.43896],[-46.670997,-23.439176],[-46.670864,-23.439414],[-46.670809,-23.439539],[-46.670738,-23.439877],[-46.670555,-23.4403],[-46.670383,-23.440632],[-46.670211,-23.44111],[-46.670191,-23.441284],[-46.670215,-23.44143],[-46.67027,-23.44162],[-46.670351,-23.441734],[-46.670465,-23.441851],[-46.670846,-23.442181],[-46.670963,-23.442249],[-46.671243,-23.442319],[-46.671901,-23.442405],[-46.671947,-23.442426],[-46.671974,-23.442463],[-46.67199,-23.442581],[-46.671993,-23.44281],[-46.671958,-23.442981],[-46.671983,-23.443224],[-46.671999,-23.443269],[-46.672283,-23.443673],[-46.672353,-23.443853],[-46.672354,-23.443971],[-46.672333,-23.444096],[-46.672336,-23.4441861],[-46.672339,-23.444274],[-46.672378,-23.444357],[-46.672402,-23.444454],[-46.672395,-23.444509],[-46.672332,-23.444714],[-46.672315,-23.444734],[-46.672212,-23.444805],[-46.672166,-23.444828],[-46.672142,-23.444865],[-46.672129,-23.444915],[-46.672134,-23.444954],[-46.672193,-23.445034],[-46.672199,-23.445081],[-46.672237,-23.445156],[-46.672258,-23.445229],[-46.672375,-23.445431],[-46.672397,-23.445493],[-46.672398,-23.445648],[-46.672371,-23.445736],[-46.672372,-23.445758],[-46.672449,-23.44586],[-46.672454,-23.445883],[-46.672449,-23.445907],[-46.672414,-23.445968],[-46.672393,-23.44606],[-46.672394,-23.446086],[-46.672443,-23.446191],[-46.672452,-23.446237],[-46.67245,-23.446306],[-46.672434,-23.446342],[-46.672434,-23.446363],[-46.672616,-23.446547],[-46.672687,-23.446589],[-46.672772,-23.446621],[-46.672895,-23.446719],[-46.673005,-23.446771],[-46.673107,-23.446763],[-46.67318,-23.446836],[-46.673203,-23.446913],[-46.673319,-23.447112],[-46.67358,-23.447502],[-46.673933,-23.448009],[-46.673983,-23.448071],[-46.674093,-23.448171],[-46.674176,-23.44829],[-46.674333,-23.448552],[-46.67439,-23.448711],[-46.674454,-23.448999],[-46.674517,-23.449214],[-46.67454,-23.449261],[-46.674642,-23.4494],[-46.674841,-23.4496229],[-46.6749499,-23.4497279],[-46.6751932,-23.4499752],[-46.6753157,-23.450072],[-46.6755592,-23.4502624]]],[[[-46.670755,-23.436353],[-46.6699898,-23.4363838],[-46.668694,-23.4349149]]],[[[-46.668694,-23.4349149],[-46.6683941,-23.4344421],[-46.6681847,-23.4341206],[-46.6679233,-23.4337125],[-46.667602,-23.43377],[-46.667149,-23.433726],[-46.6665574,-23.4335301],[-46.6658611,-23.4334705],[-46.6655171,-23.4334334],[-46.665167,-23.4335749],[-46.664728,-23.433516],[-46.6637922,-23.4339362]]],[[[-46.6774589,-23.4156235],[-46.6772372,-23.4161174],[-46.6772208,-23.4163348],[-46.67727,-23.416476],[-46.6775453,-23.4170114],[-46.6774939,-23.4173691],[-46.6774589,-23.4175711],[-46.6773139,-23.4180241],[-46.6769973,-23.4185828],[-46.6766535,-23.4191716],[-46.676202,-23.4196023],[-46.6758195,-23.420095],[-46.6758195,-23.4205273],[-46.6757313,-23.4208305],[-46.675634,-23.421165],[-46.675097,-23.421637],[-46.674889,-23.421875],[-46.674735,-23.422162],[-46.6743708,-23.4228447],[-46.6743745,-23.423134],[-46.6744294,-23.423667],[-46.6742685,-23.4237114],[-46.6741904,-23.4237938],[-46.6739911,-23.4238252],[-46.6737721,-23.423831],[-46.673551,-23.423919],[-46.673411,-23.424122],[-46.673242,-23.424472],[-46.672925,-23.425087],[-46.67249,-23.425801],[-46.671703,-23.426761],[-46.6715244,-23.4270292],[-46.6714939,-23.4273625],[-46.671229,-23.4274429],[-46.6710069,-23.4275161],[-46.6707373,-23.4273585],[-46.6704173,-23.4272858],[-46.6700579,-23.4272448],[-46.6700045,-23.4275158],[-46.6698826,-23.4276633],[-46.669874,-23.42806],[-46.669784,-23.428714],[-46.669683,-23.42907],[-46.669566,-23.429391],[-46.669426,-23.429649],[-46.669285,-23.429832],[-46.669144,-23.429944],[-46.669039,-23.430001],[-46.668783,-23.430025],[-46.668624,-23.429978],[-46.668072,-23.429775],[-46.667154,-23.42925],[-46.666314,-23.428918],[-46.665974,-23.428873],[-46.665778,-23.428861],[-46.665575,-23.428898],[-46.6654097,-23.4289031],[-46.6648175,-23.4290515],[-46.664371,-23.4297277],[-46.6641907,-23.4298597],[-46.6640771,-23.4300844],[-46.663753,-23.430238],[-46.6635482,-23.4305827],[-46.6632696,-23.4308744],[-46.6630627,-23.4313153],[-46.6633116,-23.4316814],[-46.6633603,-23.4319979],[-46.663699,-23.432547],[-46.6636295,-23.4331907],[-46.6637922,-23.4339362]]]]},"properties":{"name":"Brasilândia","admin_level":"9"}},{"type":"Feature","geometry":{"type":"MultiPolygon","coordinates":[[[[-46.744413,-23.558476],[-46.744278,-23.558485],[-46.74414,-23.558483],[-46.744015,-23.558464],[-46.743797,-23.558418],[-46.743549,-23.55833],[-46.743337,-23.558229],[-46.743097,-23.558067],[-46.74221,-23.557235],[-46.742073,-23.557141],[-46.741914,-23.557053],[-46.741807,-23.55701],[-46.741623,-23.556958],[-46.741453,-23.556934],[-46.741211,-23.556912],[-46.740919,-23.556915],[-46.740259,-23.556939],[-46.739965,-23.556937],[-46.739798,-23.556915],[-46.739633,-23.556876],[-46.739462,-23.556822],[-46.739291,-23.556745],[-46.739035,-23.556606],[-46.737282,-23.555609],[-46.735382,-23.554567],[-46.73441,-23.554003],[-46.73353,-23.553508],[-46.733415,-23.553426],[-46.733312,-23.553332],[-46.733193,-23.553193],[-46.733029,-23.552938],[-46.732845,-23.552598],[-46.732655,-23.552191],[-46.732583,-23.551999],[-46.732541,-23.55172],[-46.73253,-23.551503],[-46.732533,-23.551205],[-46.732595,-23.550552],[-46.732599,-23.550192],[-46.732591,-23.550023],[-46.73257,-23.549895],[-46.732545,-23.549822],[-46.732302,-23.549421],[-46.732178,-23.549174],[-46.731932,-23.548815],[-46.7316627,-23.5482989]]],[[[-46.7048185,-23.5635726],[-46.704921,-23.563359],[-46.7050031,-23.5631908],[-46.7051508,-23.5629599],[-46.7053629,-23.5626538],[-46.7056039,-23.562315],[-46.7058326,-23.5620363],[-46.7060713,-23.5617483],[-46.7064105,-23.5613807],[-46.7066915,-23.5611038],[-46.7069842,-23.5608272],[-46.707261,-23.5606189],[-46.7076369,-23.5603844],[-46.7081504,-23.5600928],[-46.708723,-23.5597973],[-46.7093473,-23.5594973],[-46.7102319,-23.5590789],[-46.7108349,-23.5587759],[-46.7112662,-23.5585552],[-46.7119175,-23.5582495],[-46.712147,-23.5581418],[-46.7125502,-23.5579461],[-46.7139387,-23.5572173],[-46.7183917,-23.5550946],[-46.7199049,-23.5543447],[-46.7206113,-23.5539946],[-46.7224514,-23.5531122],[-46.7292371,-23.5497743],[-46.729723,-23.549533],[-46.7300821,-23.5493547],[-46.7305575,-23.5490752],[-46.7309522,-23.5488402],[-46.7313342,-23.5485742],[-46.7316627,-23.5482989]]],[[[-46.7009822,-23.5722361],[-46.7011355,-23.5720701],[-46.7013055,-23.5718713],[-46.7014994,-23.5716156],[-46.7020027,-23.5708609],[-46.7022709,-23.5703847],[-46.7025899,-23.5697687],[-46.7028062,-23.5692945],[-46.7029847,-23.5688165],[-46.7030229,-23.568702],[-46.7042295,-23.5650833],[-46.7044429,-23.5645028],[-46.7045879,-23.5641228],[-46.7046869,-23.563869],[-46.7048185,-23.5635726]]],[[[-46.724319,-23.586594],[-46.724079,-23.5865],[-46.7240515,-23.5864899],[-46.7237746,-23.5863884],[-46.72316,-23.586163],[-46.722555,-23.585951],[-46.721796,-23.585662],[-46.72123,-23.585418],[-46.720896,-23.585294],[-46.720639,-23.585211],[-46.720219,-23.585085],[-46.719425,-23.584901],[-46.7186574,-23.5848088],[-46.718576,-23.584799],[-46.71831,-23.584748],[-46.718068,-23.584681],[-46.717902,-23.584623],[-46.717706,-23.584534],[-46.717381,-23.584327],[-46.71717,-23.584166],[-46.717024,-23.584082],[-46.716855,-23.583998],[-46.715423,-23.583441],[-46.714828,-23.583196],[-46.7144497,-23.5830285],[-46.714094,-23.582871],[-46.713677,-23.582699],[-46.713187,-23.58248],[-46.712693,-23.58221],[-46.712517,-23.582096],[-46.712179,-23.581828],[-46.71201,-23.581674],[-46.711843,-23.581503],[-46.7118062,-23.5814987],[-46.710945,-23.580071],[-46.71079,-23.579835],[-46.71069,-23.579702],[-46.710555,-23.579552],[-46.710361,-23.579366],[-46.710182,-23.57923],[-46.709952,-23.579079],[-46.709236,-23.578652],[-46.708639,-23.578276],[-46.708413,-23.578077],[-46.708314,-23.577974],[-46.708214,-23.577843],[-46.708004,-23.577479],[-46.706619,-23.574478],[-46.706221,-23.573728],[-46.706142,-23.573643],[-46.70601,-23.57352],[-46.705782,-23.573373],[-46.704435,-23.57272],[-46.703859,-23.572452],[-46.703486,-23.572339],[-46.702979,-23.572224],[-46.702792,-23.572226],[-46.702451,-23.572266],[-46.702044,-23.572332],[-46.701892,-23.572336],[-46.7009822,-23.5722361]]],[[[-46.7553636,-23.5865018],[-46.7499499,-23.5864865],[-46.7496322,-23.5864679],[-46.7493779,-23.5864378],[-46.7490839,-23.5863887],[-46.7488733,-23.5863435],[-46.7485631,-23.5862629],[-46.7482552,-23.5861614],[-46.7465607,-23.585389],[-46.7462147,-23.5852226],[-46.7458696,-23.5851046],[-46.7455422,-23.5850231],[-46.7449615,-23.5849152],[-46.7446185,-23.5849048],[-46.7422436,-23.5850209],[-46.739999,-23.5851208],[-46.739679,-23.5851212],[-46.7393069,-23.5850878],[-46.7389344,-23.5850166],[-46.7385496,-23.5849205],[-46.7379697,-23.5847298],[-46.7369926,-23.5867726],[-46.7369745,-23.5868159],[-46.7367089,-23.5873675],[-46.735516,-23.589921],[-46.733667,-23.589175],[-46.733252,-23.588999],[-46.733008,-23.588875],[-46.732737,-23.588656],[-46.732585,-23.58851],[-46.732418,-23.588322],[-46.732232,-23.588],[-46.732163,-23.58785],[-46.732093,-23.587637],[-46.73203,-23.587339],[-46.73199,-23.587202],[-46.731911,-23.587047],[-46.731759,-23.586828],[-46.73158,-23.586633],[-46.73133,-23.586397],[-46.731139,-23.586254],[-46.730933,-23.586124],[-46.730715,-23.586023],[-46.729621,-23.58562],[-46.729434,-23.585534],[-46.729,-23.585291],[-46.72857,-23.585035],[-46.728216,-23.584776],[-46.726132,-23.583071],[-46.725348,-23.582444],[-46.724826,-23.582989],[-46.724196,-23.583696],[-46.724126,-23.583779],[-46.72408,-23.583867],[-46.724054,-23.583951],[-46.724052,-23.584116],[-46.724186,-23.584718],[-46.724292,-23.58507],[-46.724322,-23.58523],[-46.724366,-23.585598],[-46.7243657,-23.5859868],[-46.724319,-23.586594]]],[[[-46.7553636,-23.5865018],[-46.757046,-23.586488]]],[[[-46.757046,-23.586488],[-46.756876,-23.586239],[-46.756615,-23.585994],[-46.756444,-23.58586],[-46.7562964,-23.5858137],[-46.7561298,-23.5857837],[-46.7558631,-23.5857488],[-46.7557292,-23.5857299],[-46.7555991,-23.5856992],[-46.7555407,-23.5856731],[-46.755482,-23.585648],[-46.755363,-23.585589],[-46.755286,-23.585527],[-46.755229,-23.585464],[-46.755093,-23.585124],[-46.754932,-23.584734],[-46.754837,-23.584623],[-46.754786,-23.584591],[-46.754619,-23.5845291],[-46.7544839,-23.5845032],[-46.7543469,-23.5844759],[-46.753995,-23.5844068],[-46.7538598,-23.5843845],[-46.7537168,-23.5843645],[-46.7536603,-23.58436],[-46.753607,-23.5843592],[-46.753483,-23.584349],[-46.75335,-23.584375],[-46.753279,-23.584401],[-46.752797,-23.584667],[-46.752378,-23.584891],[-46.75229,-23.584919],[-46.7521578,-23.58492],[-46.7521072,-23.5849113],[-46.752057,-23.584895],[-46.751971,-23.584848],[-46.75189,-23.58479],[-46.751812,-23.58469],[-46.751781,-23.584597],[-46.7517503,-23.5843163],[-46.7517425,-23.5842509],[-46.7517185,-23.5840482],[-46.751671,-23.583893],[-46.75147,-23.583685],[-46.751404,-23.583632],[-46.751207,-23.58352],[-46.751029,-23.583455],[-46.7509553,-23.5834318],[-46.7509161,-23.5834239],[-46.750878,-23.583425],[-46.750777,-23.583424],[-46.75068,-23.583444],[-46.750187,-23.583625],[-46.750113,-23.583639],[-46.7500427,-23.5836498],[-46.749971,-23.583622],[-46.749899,-23.583592],[-46.749782,-23.583511],[-46.74971,-23.58343],[-46.74959,-23.583221],[-46.749617,-23.583087],[-46.7496352,-23.5829051],[-46.74965,-23.582758],[-46.749646,-23.582653],[-46.7495851,-23.5824628],[-46.74955,-23.582353],[-46.749485,-23.582223],[-46.749452,-23.582136],[-46.749451,-23.582054],[-46.749472,-23.581949],[-46.749527,-23.581813],[-46.750011,-23.58105],[-46.75005,-23.580946],[-46.750051,-23.58085],[-46.750021,-23.580751],[-46.749951,-23.580651],[-46.749803,-23.580524],[-46.749594,-23.580368],[-46.74951,-23.580282],[-46.749439,-23.580186],[-46.749398,-23.580107],[-46.749379,-23.579996],[-46.749395,-23.579877],[-46.74942,-23.579794],[-46.749606,-23.579487],[-46.749633,-23.579401],[-46.749652,-23.579217],[-46.749633,-23.579107],[-46.749593,-23.579012],[-46.749441,-23.578808],[-46.749275,-23.578606],[-46.749078,-23.578353],[-46.748948,-23.578229],[-46.748842,-23.578149],[-46.748739,-23.578091],[-46.748628,-23.57805],[-46.748451,-23.578034],[-46.74828,-23.578025],[-46.748165,-23.578026],[-46.748031,-23.57804],[-46.747829,-23.578091],[-46.746775,-23.578484],[-46.746628,-23.57856],[-46.746441,-23.578671],[-46.745926,-23.579025],[-46.745863,-23.579061],[-46.745736,-23.579107],[-46.745572,-23.579129],[-46.745452,-23.579105],[-46.745241,-23.579006],[-46.745154,-23.578937],[-46.745119,-23.578855],[-46.745075,-23.578496],[-46.745052,-23.578354],[-46.74498,-23.57817],[-46.744909,-23.578116],[-46.744763,-23.578031],[-46.744517,-23.577955],[-46.744145,-23.577901],[-46.743754,-23.577878],[-46.743604,-23.577861],[-46.743471,-23.577831],[-46.743326,-23.577773],[-46.74323,-23.577685],[-46.743135,-23.577538],[-46.743096,-23.577447],[-46.74304,-23.577245],[-46.743023,-23.577123],[-46.742945,-23.576926],[-46.742897,-23.576835],[-46.74284,-23.576746],[-46.742695,-23.57664],[-46.7425883,-23.5765734],[-46.742442,-23.576482],[-46.742402,-23.576466],[-46.742242,-23.576429],[-46.742144,-23.576388],[-46.742057,-23.57633],[-46.741973,-23.576262],[-46.740801,-23.575655],[-46.740106,-23.575288],[-46.739889,-23.575161],[-46.739752,-23.575076],[-46.739604,-23.574934],[-46.739134,-23.574326],[-46.739045,-23.574217],[-46.7389428,-23.5741315],[-46.738865,-23.574076],[-46.738725,-23.574003],[-46.738545,-23.5739203],[-46.7379,-23.573762],[-46.7376336,-23.5737156],[-46.737464,-23.573641],[-46.737348,-23.573629],[-46.737245,-23.573631],[-46.737141,-23.573644],[-46.737021,-23.57367],[-46.736907,-23.573705],[-46.736533,-23.573842],[-46.736168,-23.573992],[-46.736069,-23.574028],[-46.735878,-23.574075],[-46.735775,-23.57408],[-46.735407,-23.574074],[-46.735495,-23.574049],[-46.735661,-23.57399],[-46.735889,-23.5738767],[-46.7363089,-23.5736574],[-46.738037,-23.572802],[-46.738639,-23.572493],[-46.738833,-23.572366],[-46.739008,-23.572228],[-46.739154,-23.572073],[-46.7399499,-23.5711514],[-46.741338,-23.569383],[-46.740396,-23.568722],[-46.742466,-23.566197],[-46.742112,-23.565948],[-46.741584,-23.565567],[-46.742654,-23.564244],[-46.743313,-23.563412],[-46.743025,-23.563214],[-46.742739,-23.563025],[-46.742486,-23.562851],[-46.742391,-23.562792],[-46.741552,-23.562628],[-46.741657,-23.562416],[-46.7422555,-23.5614714],[-46.7429937,-23.5603911],[-46.744413,-23.558476]]]]},"properties":{"name":"Butantã","admin_level":"9"}},{"type":"Feature","geometry":{"type":"MultiPolygon","coordinates":[[[[-46.670755,-23.436353],[-46.6711087,-23.4363879],[-46.671318,-23.4366808],[-46.6713712,-23.437311],[-46.671191,-23.437846],[-46.671196,-23.43819],[-46.6711947,-23.4383536],[-46.671158,-23.438476],[-46.671058,-23.43896],[-46.670997,-23.439176],[-46.670864,-23.439414],[-46.670809,-23.439539],[-46.670738,-23.439877],[-46.670555,-23.4403],[-46.670383,-23.440632],[-46.670211,-23.44111],[-46.670191,-23.441284],[-46.670215,-23.44143],[-46.67027,-23.44162],[-46.670351,-23.441734],[-46.670465,-23.441851],[-46.670846,-23.442181],[-46.670963,-23.442249],[-46.671243,-23.442319],[-46.671901,-23.442405],[-46.671947,-23.442426],[-46.671974,-23.442463],[-46.67199,-23.442581],[-46.671993,-23.44281],[-46.671958,-23.442981],[-46.671983,-23.443224],[-46.671999,-23.443269],[-46.672283,-23.443673],[-46.672353,-23.443853],[-46.672354,-23.443971],[-46.672333,-23.444096],[-46.672336,-23.4441861],[-46.672339,-23.444274],[-46.672378,-23.444357],[-46.672402,-23.444454],[-46.672395,-23.444509],[-46.672332,-23.444714],[-46.672315,-23.444734],[-46.672212,-23.444805],[-46.672166,-23.444828],[-46.672142,-23.444865],[-46.672129,-23.444915],[-46.672134,-23.444954],[-46.672193,-23.445034],[-46.672199,-23.445081],[-46.672237,-23.445156],[-46.672258,-23.445229],[-46.672375,-23.445431],[-46.672397,-23.445493],[-46.672398,-23.445648],[-46.672371,-23.445736],[-46.672372,-23.445758],[-46.672449,-23.44586],[-46.672454,-23.445883],[-46.672449,-23.445907],[-46.672414,-23.445968],[-46.672393,-23.44606],[-46.672394,-23.446086],[-46.672443,-23.446191],[-46.672452,-23.446237],[-46.67245,-23.446306],[-46.672434,-23.446342],[-46.672434,-23.446363],[-46.672616,-23.446547],[-46.672687,-23.446589],[-46.672772,-23.446621],[-46.672895,-23.446719],[-46.673005,-23.446771],[-46.673107,-23.446763],[-46.67318,-23.446836],[-46.673203,-23.446913],[-46.673319,-23.447112],[-46.67358,-23.447502],[-46.673933,-23.448009],[-46.673983,-23.448071],[-46.674093,-23.448171],[-46.674176,-23.44829],[-46.674333,-23.448552],[-46.67439,-23.448711],[-46.674454,-23.448999],[-46.674517,-23.449214],[-46.67454,-23.449261],[-46.674642,-23.4494],[-46.674841,-23.4496229],[-46.6749499,-23.4497279],[-46.6751932,-23.4499752],[-46.6753157,-23.450072],[-46.6755592,-23.4502624]]],[[[-46.670755,-23.436353],[-46.6699898,-23.4363838],[-46.668694,-23.4349149]]],[[[-46.668694,-23.4349149],[-46.6683941,-23.4344421],[-46.6681847,-23.4341206],[-46.6679233,-23.4337125],[-46.667602,-23.43377],[-46.667149,-23.433726],[-46.6665574,-23.4335301],[-46.6658611,-23.4334705],[-46.6655171,-23.4334334],[-46.665167,-23.4335749],[-46.664728,-23.433516],[-46.6637922,-23.4339362]]],[[[-46.6774589,-23.4156235],[-46.6772372,-23.4161174],[-46.6772208,-23.4163348],[-46.67727,-23.416476],[-46.6775453,-23.4170114],[-46.6774939,-23.4173691],[-46.6774589,-23.4175711],[-46.6773139,-23.4180241],[-46.6769973,-23.4185828],[-46.6766535,-23.4191716],[-46.676202,-23.4196023],[-46.6758195,-23.420095],[-46.6758195,-23.4205273],[-46.6757313,-23.4208305],[-46.675634,-23.421165],[-46.675097,-23.421637],[-46.674889,-23.421875],[-46.674735,-23.422162],[-46.6743708,-23.4228447],[-46.6743745,-23.423134],[-46.6744294,-23.423667],[-46.6742685,-23.4237114],[-46.6741904,-23.4237938],[-46.6739911,-23.4238252],[-46.6737721,-23.423831],[-46.673551,-23.423919],[-46.673411,-23.424122],[-46.673242,-23.424472],[-46.672925,-23.425087],[-46.67249,-23.425801],[-46.671703,-23.426761],[-46.6715244,-23.4270292],[-46.6714939,-23.4273625],[-46.671229,-23.4274429],[-46.6710069,-23.4275161],[-46.6707373,-23.4273585],[-46.6704173,-23.4272858],[-46.6700579,-23.4272448],[-46.6700045,-23.4275158],[-46.6698826,-23.4276633],[-46.669874,-23.42806],[-46.669784,-23.428714],[-46.669683,-23.42907],[-46.669566,-23.429391],[-46.669426,-23.429649],[-46.669285,-23.429832],[-46.669144,-23.429944],[-46.669039,-23.430001],[-46.668783,-23.430025],[-46.668624,-23.429978],[-46.668072,-23.429775],[-46.667154,-23.42925],[-46.666314,-23.428918],[-46.665974,-23.428873],[-46.665778,-23.428861],[-46.665575,-23.428898],[-46.6654097,-23.4289031],[-46.6648175,-23.4290515],[-46.664371,-23.4297277],[-46.6641907,-23.4298597],[-46.6640771,-23.4300844],[-46.663753,-23.430238],[-46.6635482,-23.4305827],[-46.6632696,-23.4308744],[-46.6630627,-23.4313153],[-46.6633116,-23.4316814],[-46.6633603,-23.4319979],[-46.663699,-23.432547],[-46.6636295,-23.4331907],[-46.6637922,-23.4339362]]],[[[-46.6777821,-23.4151547],[-46.6774589,-23.4156235]]],[[[-46.6701802,-23.4184923],[-46.6704542,-23.4186403],[-46.671019,-23.4190748],[-46.6713843,-23.4192194],[-46.6717906,-23.4192222],[-46.6720645,-23.4191277],[-46.6722339,-23.4190742],[-46.672548,-23.4189603],[-46.6728774,-23.4187989],[-46.6733781,-23.418485],[-46.6736584,-23.4183284],[-46.6738015,-23.4181856],[-46.6747606,-23.4172282],[-46.675288,-23.4165309],[-46.6761501,-23.4157919],[-46.6765494,-23.4154116],[-46.6768044,-23.4152198],[-46.6771336,-23.415111],[-46.677475,-23.415082],[-46.6777821,-23.4151547]]],[[[-46.6546079,-23.4306043],[-46.6546976,-23.4306342],[-46.655632,-23.430946],[-46.6560953,-23.4308611],[-46.6567646,-23.4305099],[-46.6575535,-23.4299001],[-46.6583304,-23.4289489],[-46.6587641,-23.428161],[-46.6587636,-23.4277295],[-46.6583618,-23.4269729],[-46.6584663,-23.4267101],[-46.6588156,-23.4265227],[-46.6594559,-23.426566],[-46.6599068,-23.4263971],[-46.6609219,-23.4255196],[-46.6619084,-23.4250632],[-46.6628272,-23.4248213],[-46.66356,-23.4245256],[-46.6644431,-23.4238512],[-46.6648064,-23.4233842],[-46.6654116,-23.4225466],[-46.6659261,-23.4218852],[-46.6663609,-23.4214704],[-46.6665262,-23.4211269],[-46.6665798,-23.4207872],[-46.6667255,-23.4205387],[-46.6671894,-23.4202588],[-46.6677642,-23.419908],[-46.6681317,-23.4195355],[-46.6682984,-23.4193665],[-46.6685192,-23.419159],[-46.6687819,-23.4189493],[-46.6692833,-23.4186656],[-46.6697839,-23.4184899],[-46.6699709,-23.4184738],[-46.6701802,-23.4184923]]],[[[-46.655395,-23.481721],[-46.654399,-23.48099],[-46.654064,-23.480781],[-46.654087,-23.480747],[-46.654124,-23.480629],[-46.654142,-23.480526],[-46.654114,-23.480375],[-46.654082,-23.480298],[-46.653573,-23.480104],[-46.652132,-23.479544],[-46.651984,-23.479457],[-46.651763,-23.47938],[-46.651277,-23.479203],[-46.651058,-23.4791],[-46.650851,-23.478983],[-46.650779,-23.4788],[-46.650715,-23.478311],[-46.650633,-23.478009],[-46.650519,-23.477733],[-46.650309,-23.477268],[-46.650316,-23.477134],[-46.650458,-23.476251],[-46.650439,-23.476044],[-46.650378,-23.475776],[-46.650334,-23.475662],[-46.650271,-23.475556],[-46.649892,-23.474933],[-46.649837,-23.474824],[-46.649781,-23.474637],[-46.649743,-23.474217],[-46.64973,-23.474046],[-46.649734,-23.4739157],[-46.649747,-23.473766],[-46.649813,-23.473546],[-46.650039,-23.47297],[-46.650137,-23.47275],[-46.650283,-23.47252],[-46.6503459,-23.4724339],[-46.650398,-23.472378],[-46.650556,-23.472254],[-46.650905,-23.472027],[-46.651053,-23.471905],[-46.651152,-23.471814],[-46.651241,-23.471708],[-46.651319,-23.471575],[-46.651505,-23.471212],[-46.651441,-23.471152],[-46.650978,-23.471068],[-46.650866,-23.471045],[-46.650688,-23.470995],[-46.650459,-23.470921],[-46.650025,-23.470724],[-46.649587,-23.470498],[-46.649195,-23.470291],[-46.649084,-23.470214],[-46.648904,-23.470081],[-46.648649,-23.4699],[-46.648572,-23.469866],[-46.648424,-23.469816],[-46.647628,-23.469653],[-46.6474231,-23.4696169],[-46.6471017,-23.4695309],[-46.64699,-23.469501],[-46.646651,-23.4694294],[-46.646423,-23.469401],[-46.6459748,-23.4693561],[-46.6460327,-23.4692408],[-46.6463728,-23.4685632],[-46.646587,-23.468138],[-46.6467867,-23.4677428],[-46.6470535,-23.4672149],[-46.6471736,-23.4669772],[-46.6476012,-23.4661308],[-46.6481004,-23.4651428],[-46.648405,-23.46454],[-46.648825,-23.464577],[-46.6487942,-23.4644734],[-46.6486977,-23.4641485],[-46.648648,-23.463981],[-46.64862,-23.463923],[-46.648486,-23.46376],[-46.648308,-23.463579],[-46.648246,-23.463493],[-46.6478838,-23.4626662],[-46.6478504,-23.4625901],[-46.647715,-23.462281],[-46.6476425,-23.4620967],[-46.647382,-23.461435],[-46.6483294,-23.4586629],[-46.648438,-23.458439],[-46.648496,-23.458364],[-46.648565,-23.458227],[-46.648624,-23.45807],[-46.648669,-23.457903],[-46.648712,-23.457685],[-46.648738,-23.457422],[-46.648716,-23.457261],[-46.648643,-23.456872],[-46.648778,-23.456791],[-46.648789,-23.456792],[-46.648993,-23.456633],[-46.64912,-23.456579],[-46.649182,-23.456519],[-46.649276,-23.456374],[-46.64941,-23.456149],[-46.649545,-23.455908],[-46.649616,-23.455772],[-46.649655,-23.455732],[-46.649873,-23.455545],[-46.650726,-23.454935],[-46.651051,-23.454709],[-46.651441,-23.454501],[-46.6514755,-23.4544827],[-46.651528,-23.4544606],[-46.651653,-23.454411],[-46.651907,-23.454291],[-46.652005,-23.454222],[-46.65215,-23.454097],[-46.65215,-23.453989],[-46.652121,-23.453604],[-46.652087,-23.453521],[-46.652039,-23.453248],[-46.65191,-23.45255],[-46.651844,-23.452157],[-46.651717,-23.451425],[-46.651676,-23.451158],[-46.651668,-23.451026],[-46.651715,-23.450862],[-46.651753,-23.450789],[-46.651924,-23.450598],[-46.652109,-23.450369],[-46.652216,-23.450173],[-46.652298,-23.450032],[-46.652399,-23.449842],[-46.652711,-23.449275],[-46.652814,-23.449065],[-46.652822,-23.449029],[-46.652812,-23.448931],[-46.652799,-23.44889],[-46.65277,-23.448849],[-46.652713,-23.448799],[-46.652394,-23.448594],[-46.652305,-23.448522],[-46.652193,-23.448396],[-46.652161,-23.448338],[-46.652093,-23.448149],[-46.652074,-23.448057],[-46.652069,-23.447968],[-46.652083,-23.447887],[-46.65211,-23.447805],[-46.652154,-23.447724],[-46.65228,-23.447533],[-46.652311,-23.447463],[-46.652325,-23.447384],[-46.652325,-23.4473],[-46.652301,-23.447194],[-46.652267,-23.447081],[-46.652239,-23.446948],[-46.65222,-23.446815],[-46.6522171,-23.4467143],[-46.652233,-23.44663],[-46.652275,-23.446528],[-46.652318,-23.446448],[-46.652384,-23.44636],[-46.652519,-23.44625],[-46.652586,-23.446215],[-46.652719,-23.446185],[-46.652887,-23.446178],[-46.653126,-23.446177],[-46.653307,-23.44617],[-46.653501,-23.446151],[-46.653603,-23.446121],[-46.653709,-23.446064],[-46.653777,-23.446003],[-46.653833,-23.445931],[-46.653935,-23.445633],[-46.653991,-23.445479],[-46.654117,-23.445089],[-46.654159,-23.444933],[-46.654178,-23.444826],[-46.654181,-23.444725],[-46.654171,-23.444612],[-46.654122,-23.444406],[-46.65408,-23.444318],[-46.654029,-23.444238],[-46.65395,-23.444141],[-46.653702,-23.443866],[-46.653611,-23.443756],[-46.653529,-23.443647],[-46.65344,-23.443547],[-46.653357,-23.44341],[-46.65333,-23.443252],[-46.653337,-23.443174],[-46.653361,-23.443097],[-46.65345,-23.442941],[-46.653661,-23.442671],[-46.6538,-23.442471],[-46.653996,-23.442209],[-46.65406,-23.442103],[-46.654109,-23.441988],[-46.654139,-23.441866],[-46.654157,-23.441725],[-46.654185,-23.44142],[-46.654208,-23.441211],[-46.654241,-23.441041],[-46.654309,-23.440881],[-46.654389,-23.440741],[-46.654517,-23.440539],[-46.654605,-23.440407],[-46.654768,-23.440135],[-46.65486,-23.439933],[-46.654889,-23.439785],[-46.654893,-23.439636],[-46.65481,-23.439417],[-46.6547,-23.439152],[-46.654532,-23.43878],[-46.654413,-23.43853],[-46.65433,-23.438395],[-46.654219,-23.438246],[-46.654119,-23.438141],[-46.654021,-23.438065],[-46.65386,-23.437979],[-46.653654,-23.437877],[-46.653477,-23.437828],[-46.65332,-23.437778],[-46.652912,-23.43766],[-46.652638,-23.437556],[-46.652499,-23.437464],[-46.652192,-23.43711],[-46.652078,-23.436938],[-46.651968,-23.436727],[-46.651899,-23.436521],[-46.651802,-23.436007],[-46.651751,-23.435884],[-46.651694,-23.435769],[-46.651607,-23.43564],[-46.651516,-23.435541],[-46.65121,-23.435313],[-46.651123,-23.435207],[-46.651062,-23.435083],[-46.651022,-23.434972],[-46.651005,-23.434839],[-46.650997,-23.434491],[-46.651005,-23.434296],[-46.651015,-23.433908],[-46.651022,-23.433738],[-46.651024,-23.433554],[-46.651017,-23.433403],[-46.651009,-23.433094],[-46.651013,-23.432834],[-46.651033,-23.432722],[-46.651121,-23.43243],[-46.65117,-23.432312],[-46.651275,-23.432101],[-46.651339,-23.431991],[-46.651506,-23.431764],[-46.651788,-23.431508],[-46.651868,-23.431427],[-46.651974,-23.43135],[-46.652178,-23.431193],[-46.652316,-23.4311],[-46.652523,-23.430954],[-46.652609,-23.430889],[-46.65267,-23.430824],[-46.652762,-23.430697],[-46.652805,-23.430651],[-46.652869,-23.430609],[-46.652971,-23.430572],[-46.653054,-23.430567],[-46.653119,-23.430574],[-46.653314,-23.43062],[-46.653705,-23.430763],[-46.653888,-23.430814],[-46.653981,-23.430823],[-46.654261,-23.430789],[-46.6543483,-23.4307734],[-46.6544346,-23.4307408],[-46.6545617,-23.4306542],[-46.6546079,-23.4306043]]],[[[-46.662745,-23.483303],[-46.662341,-23.482797],[-46.661991,-23.482342],[-46.66179,-23.482087],[-46.661517,-23.48213],[-46.660987,-23.48227],[-46.660854,-23.482327],[-46.660715,-23.482407],[-46.66052,-23.48255],[-46.660382,-23.482663],[-46.660275,-23.482764],[-46.660081,-23.482984],[-46.659876,-23.483248],[-46.659727,-23.483412],[-46.659581,-23.48355],[-46.659383,-23.483685],[-46.659285,-23.483719],[-46.6592,-23.483738],[-46.658555,-23.483364],[-46.658255,-23.483174],[-46.657608,-23.482791],[-46.656886,-23.482367],[-46.656649,-23.482218],[-46.656152,-23.481928],[-46.656011,-23.481842],[-46.65584,-23.481763],[-46.655656,-23.481713],[-46.655537,-23.481705],[-46.655395,-23.481721]]],[[[-46.6733446,-23.4797268],[-46.67328,-23.479756],[-46.6731597,-23.4798238],[-46.67303,-23.479886],[-46.673065,-23.479955],[-46.673112,-23.480096],[-46.6731183,-23.480273],[-46.673121,-23.480347],[-46.673111,-23.4806921],[-46.673056,-23.481576],[-46.67306,-23.481817],[-46.673045,-23.482041],[-46.673058,-23.482177],[-46.6731514,-23.4822645],[-46.673097,-23.482266],[-46.6729447,-23.4822469],[-46.6728076,-23.4822322],[-46.6715116,-23.4820978],[-46.6713798,-23.4820786],[-46.6710813,-23.4820412],[-46.670791,-23.482015],[-46.670537,-23.481991],[-46.670266,-23.481951],[-46.6700868,-23.4819095],[-46.6698363,-23.4818766],[-46.6692377,-23.4818024],[-46.668817,-23.4817541],[-46.6685905,-23.4817215],[-46.6681967,-23.4816728],[-46.6681153,-23.481666],[-46.6680542,-23.4816581],[-46.6678206,-23.481628],[-46.6676447,-23.4816053],[-46.667351,-23.481588],[-46.667268,-23.4816],[-46.667138,-23.481641],[-46.667066,-23.481678],[-46.666633,-23.481945],[-46.666427,-23.481987],[-46.665922,-23.482058],[-46.665819,-23.482079],[-46.66565,-23.482133],[-46.665505,-23.482192],[-46.665322,-23.482315],[-46.664288,-23.483048],[-46.66418,-23.483094],[-46.664039,-23.483131],[-46.663709,-23.483191],[-46.6629118,-23.4832558],[-46.662818,-23.483274],[-46.662745,-23.483303]]],[[[-46.6701718,-23.4740262],[-46.670069,-23.474416],[-46.670114,-23.474637],[-46.670154,-23.474745],[-46.670204,-23.474845],[-46.6702674,-23.474955],[-46.670335,-23.475043],[-46.670424,-23.475145],[-46.670565,-23.475266],[-46.670659,-23.475332],[-46.670777,-23.475402],[-46.6712348,-23.4756319],[-46.671282,-23.475657],[-46.671847,-23.475957],[-46.671994,-23.476058],[-46.672184,-23.476231],[-46.672268,-23.476335],[-46.672405,-23.476541],[-46.672456,-23.476652],[-46.672652,-23.477241],[-46.6732099,-23.479036],[-46.6732773,-23.4792889],[-46.6733446,-23.4797268]]],[[[-46.6755592,-23.4502624],[-46.675306,-23.450592],[-46.674446,-23.451885],[-46.674084,-23.452393],[-46.674006,-23.452522],[-46.67397,-23.452615],[-46.673959,-23.452701],[-46.673958,-23.452795],[-46.673986,-23.452916],[-46.674158,-23.453368],[-46.674385,-23.453998],[-46.674991,-23.45558],[-46.675081,-23.455888],[-46.675096,-23.456108],[-46.675087,-23.45623],[-46.675061,-23.456376],[-46.674964,-23.456706],[-46.67495,-23.456788],[-46.674942,-23.456953],[-46.674946,-23.457068],[-46.67496,-23.457167],[-46.675032,-23.45745],[-46.675047,-23.457569],[-46.675046,-23.457717],[-46.67503,-23.457841],[-46.674999,-23.457962],[-46.674953,-23.458087],[-46.67487,-23.45823],[-46.674781,-23.45835],[-46.673967,-23.4593],[-46.673863,-23.45941],[-46.673419,-23.459801],[-46.673356,-23.459836],[-46.673222,-23.45989],[-46.673149,-23.459945],[-46.673103,-23.460007],[-46.673066,-23.460086],[-46.672981,-23.460311],[-46.672908,-23.460574],[-46.672862,-23.460772],[-46.672818,-23.461036],[-46.672614,-23.462752],[-46.672573,-23.462956],[-46.672514,-23.46318],[-46.672406,-23.463492],[-46.672317,-23.463698],[-46.672234,-23.46385],[-46.672139,-23.464008],[-46.671935,-23.4643],[-46.670829,-23.465739],[-46.670694,-23.465928],[-46.670421,-23.466428],[-46.670301,-23.466776],[-46.670214,-23.467056],[-46.670151,-23.467325],[-46.670113,-23.46768],[-46.670098,-23.467925],[-46.670098,-23.46818],[-46.670146,-23.468543],[-46.670418,-23.469903],[-46.67044,-23.470127],[-46.67045,-23.470356],[-46.670438,-23.470569],[-46.6703684,-23.4711702],[-46.6700674,-23.4737686],[-46.670047,-23.473847],[-46.6701718,-23.4740262]]]]},"properties":{"name":"Cachoeirinha","admin_level":"9"}},{"type":"Feature","geometry":{"type":"MultiPolygon","coordinates":[[[[-46.662745,-23.483303],[-46.662341,-23.482797],[-46.661991,-23.482342],[-46.66179,-23.482087],[-46.661517,-23.48213],[-46.660987,-23.48227],[-46.660854,-23.482327],[-46.660715,-23.482407],[-46.66052,-23.48255],[-46.660382,-23.482663],[-46.660275,-23.482764],[-46.660081,-23.482984],[-46.659876,-23.483248],[-46.659727,-23.483412],[-46.659581,-23.48355],[-46.659383,-23.483685],[-46.659285,-23.483719],[-46.6592,-23.483738],[-46.658555,-23.483364],[-46.658255,-23.483174],[-46.657608,-23.482791],[-46.656886,-23.482367],[-46.656649,-23.482218],[-46.656152,-23.481928],[-46.656011,-23.481842],[-46.65584,-23.481763],[-46.655656,-23.481713],[-46.655537,-23.481705],[-46.655395,-23.481721]]],[[[-46.655395,-23.481721],[-46.655287,-23.481757],[-46.655138,-23.481846],[-46.655049,-23.4819355],[-46.654732,-23.482298],[-46.654569,-23.482452],[-46.653932,-23.483388],[-46.65345,-23.48408],[-46.653229,-23.484422],[-46.653181,-23.484599],[-46.653144,-23.484854],[-46.653142,-23.484954],[-46.653076,-23.485106],[-46.652917,-23.485445],[-46.652833,-23.485749],[-46.6528477,-23.4859943],[-46.652851,-23.48633],[-46.6528385,-23.4864315],[-46.652784,-23.48667],[-46.652785,-23.486673],[-46.652709,-23.486936],[-46.652621,-23.487224],[-46.652564,-23.487384],[-46.652484,-23.487514],[-46.652279,-23.487787],[-46.652126,-23.487966],[-46.651832,-23.488252],[-46.6516905,-23.4883625],[-46.6516457,-23.4883798],[-46.6516087,-23.4883925],[-46.6513366,-23.4886759]]],[[[-46.654003,-23.5167554],[-46.653857,-23.516104],[-46.653152,-23.516195],[-46.6523364,-23.5162543],[-46.652062,-23.516229],[-46.651858,-23.516205],[-46.651682,-23.516167],[-46.651441,-23.516088],[-46.65129,-23.516065],[-46.651099,-23.516014],[-46.650501,-23.515846],[-46.650351,-23.515772],[-46.650196,-23.515728],[-46.6501038,-23.5157178],[-46.650061,-23.515713],[-46.649753,-23.515686],[-46.650504,-23.509814],[-46.649423,-23.509722],[-46.650108,-23.508864],[-46.648859,-23.508308],[-46.649039,-23.5075854],[-46.649073,-23.507449],[-46.643388,-23.506325],[-46.643257,-23.50628],[-46.643134,-23.506224],[-46.642902,-23.506089],[-46.6423,-23.505662],[-46.642136,-23.5055],[-46.641876,-23.5052],[-46.641752,-23.505085],[-46.641611,-23.504986],[-46.6414246,-23.5048863],[-46.641215,-23.504779],[-46.6413117,-23.5046279],[-46.64147,-23.504385],[-46.641624,-23.504142],[-46.641906,-23.503717],[-46.6423425,-23.5030444],[-46.642487,-23.5028095],[-46.642743,-23.502419],[-46.642896,-23.502194],[-46.643375,-23.501456],[-46.643442,-23.501344],[-46.643498,-23.501229],[-46.643562,-23.501069],[-46.643707,-23.500632],[-46.643747,-23.500479],[-46.644001,-23.499665],[-46.644026,-23.499566],[-46.644939,-23.496768],[-46.645065,-23.496398],[-46.645133,-23.496181],[-46.645166,-23.496124],[-46.645197,-23.49609],[-46.645336,-23.496002],[-46.645737,-23.495767],[-46.64601,-23.49559],[-46.646497,-23.495293],[-46.647343,-23.494782],[-46.647822,-23.4945],[-46.648396,-23.494189],[-46.648777,-23.493996],[-46.648734,-23.493922],[-46.648252,-23.492992],[-46.648254,-23.49299],[-46.648379,-23.492937],[-46.648689,-23.492642],[-46.64889,-23.492426],[-46.650144,-23.490852],[-46.650445,-23.490458],[-46.65064,-23.49024],[-46.650715,-23.490062],[-46.650798,-23.489881],[-46.6511983,-23.4888934],[-46.6513366,-23.4886759]]],[[[-46.670999,-23.514696],[-46.6668129,-23.5152039],[-46.666705,-23.515217],[-46.654003,-23.5167554]]],[[[-46.670999,-23.514696],[-46.6708803,-23.5138887],[-46.6708627,-23.5137152],[-46.670851,-23.5136],[-46.670814,-23.513018],[-46.670758,-23.512201],[-46.6706414,-23.509983],[-46.6706308,-23.5098005],[-46.6705699,-23.508751],[-46.670471,-23.507615],[-46.6704488,-23.5073876],[-46.6704439,-23.507346]]],[[[-46.6704439,-23.507346],[-46.670432,-23.507306],[-46.670397,-23.50718],[-46.670327,-23.507038],[-46.670211,-23.506867],[-46.6701122,-23.5067109],[-46.669933,-23.50658],[-46.669745,-23.506445],[-46.669134,-23.505979],[-46.6688029,-23.5056836],[-46.6686468,-23.5055151],[-46.6685549,-23.5053579],[-46.668298,-23.504943],[-46.66778,-23.503967],[-46.6677272,-23.503852],[-46.667645,-23.5037607],[-46.667597,-23.503726],[-46.6672206,-23.5033121],[-46.667099,-23.503173],[-46.666173,-23.502074],[-46.665834,-23.501718],[-46.665489,-23.501296],[-46.665124,-23.50084],[-46.6647169,-23.5003198],[-46.664326,-23.499806],[-46.66425,-23.499688],[-46.663851,-23.498682],[-46.663762,-23.498493],[-46.663737,-23.498455],[-46.663836,-23.498364],[-46.664247,-23.498002],[-46.664414,-23.497852],[-46.664627,-23.497678],[-46.664799,-23.497552],[-46.664843,-23.497525],[-46.665272,-23.497224],[-46.665698,-23.496983],[-46.665754,-23.496952],[-46.665801,-23.496927],[-46.6659429,-23.4968489],[-46.666303,-23.496659],[-46.666418,-23.496551],[-46.666524,-23.496366],[-46.666542,-23.496139],[-46.666491,-23.495842],[-46.666497,-23.49574],[-46.666525,-23.495586],[-46.66658,-23.495315],[-46.66673,-23.494553],[-46.666841,-23.494046],[-46.66707,-23.492918],[-46.667274,-23.491962],[-46.667336,-23.491661],[-46.6667966,-23.491583],[-46.666677,-23.491546],[-46.666651,-23.491543],[-46.666353,-23.491128],[-46.665511,-23.490026],[-46.66557,-23.489829],[-46.665672,-23.489377],[-46.665723,-23.48917],[-46.665724,-23.489121],[-46.665708,-23.489071],[-46.665594,-23.488857],[-46.665524,-23.488751],[-46.665438,-23.488636],[-46.665108,-23.488224],[-46.664929,-23.48787],[-46.6647571,-23.4875353],[-46.664715,-23.487501],[-46.664704,-23.487428],[-46.664743,-23.487149],[-46.664743,-23.487118],[-46.664777,-23.486903],[-46.664795,-23.486722],[-46.66487,-23.486142],[-46.664869,-23.486009],[-46.664849,-23.485944],[-46.66467,-23.485617],[-46.664293,-23.484854],[-46.664087,-23.484459],[-46.663932,-23.484148],[-46.663301,-23.483755],[-46.662951,-23.483502],[-46.662745,-23.483303]]]]},"properties":{"name":"Casa Verde","admin_level":"9"}},{"type":"Feature","geometry":{"type":"MultiPolygon","coordinates":[[[[-46.5806476,-23.6119509],[-46.5806075,-23.6116893],[-46.5804508,-23.6107002],[-46.5800141,-23.6083436],[-46.5798667,-23.6071854],[-46.5798017,-23.6069313],[-46.5797406,-23.6067712],[-46.5796602,-23.6066176],[-46.579632,-23.6065119],[-46.5796709,-23.6063165],[-46.5796562,-23.606115],[-46.5795104,-23.6055862],[-46.5794013,-23.6051086],[-46.5793341,-23.604637]]],[[[-46.5793341,-23.604637],[-46.5845454,-23.598461],[-46.590353,-23.591598],[-46.5935246,-23.5877919],[-46.594368,-23.586749],[-46.594769,-23.586103],[-46.595112,-23.585515],[-46.595452,-23.584847],[-46.5970016,-23.5817004]]],[[[-46.5970016,-23.5817004],[-46.5988152,-23.5777981],[-46.603893,-23.567145]]],[[[-46.618113,-23.579026],[-46.618028,-23.578951],[-46.617998,-23.578786],[-46.618005,-23.578709],[-46.61815,-23.57843],[-46.618556,-23.57772],[-46.6182752,-23.5771711],[-46.6181834,-23.5770764],[-46.6180929,-23.5770071],[-46.6179,-23.576924],[-46.617757,-23.576862],[-46.617639,-23.576778],[-46.617178,-23.576237],[-46.616998,-23.576104],[-46.616483,-23.575854],[-46.616249,-23.575651],[-46.615741,-23.575057],[-46.6157878,-23.5749243],[-46.6158056,-23.5748109],[-46.6158023,-23.5747046],[-46.6157836,-23.5745933],[-46.6157628,-23.5745484],[-46.6157315,-23.5744779],[-46.6156981,-23.5744216],[-46.6156457,-23.5743578],[-46.6155686,-23.574283],[-46.6154532,-23.5742016],[-46.6153192,-23.5741383],[-46.6151901,-23.5740873],[-46.6150698,-23.5740347],[-46.6149755,-23.5739851],[-46.614872,-23.573914],[-46.614776,-23.5738215],[-46.614652,-23.573671],[-46.614542,-23.573496],[-46.614475,-23.573347],[-46.614447,-23.57315],[-46.614448,-23.572986],[-46.614509,-23.57268],[-46.614569,-23.572551],[-46.614599,-23.572525],[-46.614031,-23.571934],[-46.613919,-23.571842],[-46.6136765,-23.5717372],[-46.6136068,-23.5717071],[-46.613169,-23.571518],[-46.612982,-23.571414],[-46.612263,-23.568777],[-46.612228,-23.568682],[-46.612175,-23.568582],[-46.612109,-23.568508],[-46.612022,-23.568427],[-46.611927,-23.568361],[-46.611479,-23.56815],[-46.611121,-23.567969],[-46.6104207,-23.5676982],[-46.60934,-23.567282],[-46.609115,-23.567686],[-46.608999,-23.567875],[-46.608871,-23.568037],[-46.608725,-23.568184],[-46.60855,-23.568321],[-46.608284,-23.568485],[-46.607757,-23.568296],[-46.604907,-23.567106],[-46.604872,-23.567175],[-46.6047995,-23.5672481],[-46.604762,-23.567286],[-46.604655,-23.567339],[-46.604539,-23.567355],[-46.604419,-23.567341],[-46.604207,-23.56727],[-46.603893,-23.567145]]],[[[-46.618113,-23.579026],[-46.617177,-23.579709],[-46.614573,-23.581631],[-46.614213,-23.58187],[-46.614767,-23.582736],[-46.614922,-23.582929],[-46.615034,-23.583032],[-46.61519,-23.583135],[-46.615377,-23.583217],[-46.615547,-23.583265],[-46.616712,-23.583511],[-46.61693,-23.58359],[-46.617061,-23.583652],[-46.617209,-23.583748],[-46.617363,-23.583871],[-46.61751,-23.584012],[-46.617612,-23.584126],[-46.617785,-23.584385],[-46.617932,-23.584626],[-46.619433,-23.58724],[-46.619515,-23.587402],[-46.619665,-23.587783],[-46.61976,-23.588059],[-46.619944,-23.588778],[-46.6201227,-23.5897671],[-46.620398,-23.59115],[-46.620563,-23.591899],[-46.6207469,-23.5926811]]],[[[-46.6207469,-23.5926811],[-46.6205728,-23.5926489],[-46.6204299,-23.5926438],[-46.6204048,-23.5926429],[-46.6201116,-23.5926308],[-46.6200982,-23.5926307],[-46.6199982,-23.5926483],[-46.619957,-23.5926777],[-46.6199474,-23.5926925],[-46.6199042,-23.5927404],[-46.6198703,-23.5928034],[-46.619853,-23.5928721],[-46.6198447,-23.5929952],[-46.619901,-23.5932696],[-46.6199492,-23.5935341],[-46.6199806,-23.5937981],[-46.6199738,-23.5939068],[-46.6199454,-23.5940052],[-46.6198874,-23.5941173],[-46.6197503,-23.5942694],[-46.6194741,-23.5945383]]],[[[-46.6194741,-23.5945383],[-46.6192874,-23.5947043],[-46.619021,-23.5949174],[-46.6189382,-23.5949862],[-46.6187086,-23.5951672],[-46.6183344,-23.5954018],[-46.6181767,-23.5954593],[-46.6179765,-23.5955092],[-46.6178057,-23.5955255],[-46.6174985,-23.5954582],[-46.617326,-23.5954659],[-46.6171552,-23.5955408],[-46.6170584,-23.595684],[-46.6170295,-23.5958498],[-46.6169745,-23.5961162],[-46.616875,-23.5962548],[-46.6166948,-23.5963699],[-46.6165516,-23.5964414],[-46.6163871,-23.5965237],[-46.616268,-23.5965933],[-46.6161894,-23.596712],[-46.6160975,-23.5968583],[-46.6159848,-23.5971277],[-46.6159032,-23.5973852],[-46.615835,-23.5976467],[-46.6158035,-23.597839],[-46.6157824,-23.59802],[-46.6158058,-23.5982435],[-46.6158939,-23.5985109],[-46.6159412,-23.5985685],[-46.6161093,-23.5987673],[-46.6161936,-23.5989231],[-46.6162002,-23.5990538],[-46.6161644,-23.5992307],[-46.6160328,-23.5994834],[-46.6159875,-23.599577],[-46.6158538,-23.5998443],[-46.6156179,-23.6004143],[-46.6155355,-23.600596],[-46.6153022,-23.6011],[-46.6152887,-23.6011319],[-46.6151871,-23.6013357],[-46.6150996,-23.6015348],[-46.6150377,-23.6018151],[-46.615021,-23.6018909],[-46.6149194,-23.6023519],[-46.6148519,-23.6026186],[-46.6147244,-23.6032933],[-46.6146392,-23.6037664],[-46.6145825,-23.6042096],[-46.6144751,-23.6048232],[-46.6143817,-23.605483],[-46.6143137,-23.6058464],[-46.6142768,-23.6061078],[-46.614268,-23.6062491],[-46.6142484,-23.6063951],[-46.6141937,-23.6067315],[-46.6141438,-23.6070692],[-46.614057,-23.60766],[-46.6140501,-23.607698],[-46.6140329,-23.6077757],[-46.6140109,-23.6078653],[-46.6139416,-23.6080292],[-46.6137938,-23.6082819],[-46.6135998,-23.6084223],[-46.6134112,-23.6085541],[-46.6132812,-23.6086521],[-46.6131145,-23.6087622],[-46.613001,-23.6088383],[-46.6127279,-23.609037],[-46.6124903,-23.6091547],[-46.6122822,-23.6092032],[-46.6120932,-23.6092225],[-46.6118883,-23.6091942],[-46.6115994,-23.6091352],[-46.6113419,-23.6090962],[-46.6108619,-23.6091293],[-46.6103454,-23.6091331],[-46.6101994,-23.6091491],[-46.6089424,-23.6095533],[-46.6087635,-23.6096242],[-46.6086397,-23.6097087],[-46.6085824,-23.6097896],[-46.608544,-23.6100594],[-46.6085514,-23.6102557],[-46.6085803,-23.6106874],[-46.6085859,-23.611026],[-46.6085468,-23.6111845],[-46.608453,-23.6113681],[-46.6083123,-23.6115321],[-46.6080219,-23.6117895],[-46.6079541,-23.6118399],[-46.6077675,-23.6119556],[-46.6077297,-23.6119781],[-46.607654,-23.6120226],[-46.607578,-23.6120738]]],[[[-46.607578,-23.6120738],[-46.6074892,-23.6118363],[-46.6074052,-23.6116118],[-46.607302,-23.6113394],[-46.6072258,-23.6111375],[-46.6071426,-23.6109216],[-46.6070548,-23.6106992],[-46.60692,-23.6103267],[-46.6067672,-23.6098843],[-46.6064748,-23.6091396],[-46.6061958,-23.6084269],[-46.6058284,-23.6074364],[-46.6054958,-23.6066352],[-46.6053644,-23.6063796],[-46.6052034,-23.6061608],[-46.6048547,-23.6057774],[-46.6044926,-23.6054211],[-46.6041547,-23.6050917],[-46.6038972,-23.6048336],[-46.6036075,-23.6045657],[-46.6033688,-23.6043421],[-46.6031462,-23.6041553],[-46.6028431,-23.6039808],[-46.6026526,-23.6038702],[-46.6024488,-23.6039513],[-46.6022718,-23.6039832],[-46.6020572,-23.6040078],[-46.6018373,-23.6039931],[-46.6015744,-23.6039611],[-46.6012391,-23.6038898],[-46.6009602,-23.6037891],[-46.6007241,-23.6036981],[-46.6004425,-23.6035261],[-46.6001501,-23.6033491],[-46.5999275,-23.6031795],[-46.5996083,-23.6028551],[-46.5992221,-23.6023832],[-46.5988707,-23.6019654],[-46.5986025,-23.6015967],[-46.5985145,-23.6014719],[-46.5983692,-23.6016311],[-46.5982324,-23.6018769],[-46.597991,-23.6022677],[-46.5977871,-23.6025725],[-46.5975618,-23.6028699],[-46.5973714,-23.6031574],[-46.5971827,-23.603447],[-46.5971568,-23.6034868],[-46.5970495,-23.6036195],[-46.59691,-23.6037719],[-46.59621,-23.6043495],[-46.5957996,-23.6046591],[-46.5953785,-23.6049836],[-46.5950459,-23.6052613],[-46.5937611,-23.606296],[-46.5933883,-23.6066598],[-46.5930798,-23.6069252],[-46.5929838,-23.6070038],[-46.5928036,-23.6071513],[-46.592353,-23.6075028],[-46.5919882,-23.6077928],[-46.5916207,-23.6080902],[-46.5911996,-23.6084121],[-46.590808,-23.6087193],[-46.590411,-23.6090315],[-46.5901053,-23.6092944],[-46.5898397,-23.6094984],[-46.5896654,-23.6096262],[-46.5894723,-23.6097393],[-46.5892818,-23.6098278],[-46.5889787,-23.6099384],[-46.588563,-23.6100318],[-46.5879783,-23.6101399],[-46.5872031,-23.6102824],[-46.5866533,-23.6103783],[-46.5861329,-23.6104741],[-46.585626,-23.6105626],[-46.5849983,-23.6106806],[-46.584419,-23.6107863],[-46.5840006,-23.6108649],[-46.5834909,-23.6109485],[-46.5831691,-23.6110296],[-46.5827346,-23.6111574],[-46.5822652,-23.6113343],[-46.5818146,-23.6115039],[-46.5814149,-23.6116464],[-46.5809678,-23.6118248],[-46.5806476,-23.6119509]]]]},"properties":{"name":"Ipiranga","admin_level":"9"}},{"type":"Feature","geometry":{"type":"MultiPolygon","coordinates":[[[[-46.747045,-23.520377],[-46.746819,-23.520031],[-46.74646,-23.519608],[-46.745905,-23.51907],[-46.745401,-23.518678],[-46.744891,-23.518354],[-46.744311,-23.518064],[-46.743774,-23.517865],[-46.743348,-23.517733],[-46.743068,-23.517657],[-46.742721,-23.517606],[-46.7422,-23.51756],[-46.741751,-23.517535],[-46.741104,-23.517549],[-46.734255,-23.517828],[-46.733569,-23.517829],[-46.733042,-23.517799],[-46.732702,-23.51775],[-46.731964,-23.517586],[-46.73141,-23.517409],[-46.731055,-23.51727],[-46.730656,-23.517056],[-46.7262422,-23.5146778]]],[[[-46.7532572,-23.5198315],[-46.7524824,-23.5202134],[-46.7519496,-23.5205615],[-46.7515209,-23.5207356],[-46.7510493,-23.5208086],[-46.7503757,-23.5208423],[-46.7498245,-23.5208255],[-46.7490957,-23.5206738],[-46.7485016,-23.5206233],[-46.747045,-23.520377]]],[[[-46.7542835,-23.5166947],[-46.7534933,-23.5170033],[-46.7531474,-23.5171698],[-46.7530438,-23.5172279],[-46.7529906,-23.5174303],[-46.7530603,-23.5180184],[-46.7530717,-23.5181163],[-46.7532527,-23.5194168],[-46.7532572,-23.5198315]]],[[[-46.758695,-23.494156],[-46.7585665,-23.4944138],[-46.7575704,-23.494392],[-46.7566379,-23.4947132],[-46.7560741,-23.494964],[-46.7554518,-23.4962569],[-46.7555439,-23.496527],[-46.7558,-23.4966257],[-46.7561594,-23.4966703],[-46.7564708,-23.4970149],[-46.757121,-23.497653],[-46.7574119,-23.4982047],[-46.7573817,-23.4984796],[-46.7574124,-23.4987737],[-46.7572871,-23.4992352],[-46.7572223,-23.4995887],[-46.7573809,-23.4997626],[-46.7576961,-23.4999066],[-46.7582399,-23.4999088],[-46.7586309,-23.4997914],[-46.7590697,-23.4997978],[-46.7594589,-23.4998455],[-46.7597812,-23.4999824],[-46.7599639,-23.5001575],[-46.7601148,-23.5005862],[-46.7602849,-23.501003],[-46.7604522,-23.5011755],[-46.760815,-23.5013313],[-46.7614811,-23.5016193],[-46.761655,-23.5020557],[-46.7620569,-23.5030689],[-46.7625832,-23.5039137],[-46.7630418,-23.5045488],[-46.7635099,-23.5051451],[-46.763891,-23.5056439],[-46.764,-23.506],[-46.7640255,-23.5061201],[-46.7640296,-23.5063839],[-46.7638669,-23.5065868],[-46.7636187,-23.5069869],[-46.7633242,-23.5073675],[-46.7632247,-23.5075319],[-46.7630999,-23.5077416],[-46.7630127,-23.50794],[-46.7628958,-23.5081336],[-46.7625802,-23.5084676],[-46.7618427,-23.5092511],[-46.7611111,-23.5094761],[-46.7609982,-23.5095705],[-46.761027,-23.509658],[-46.7611316,-23.5097157],[-46.7617975,-23.5096937],[-46.7620143,-23.5097892],[-46.7620982,-23.5099441],[-46.7620904,-23.5101812],[-46.7618081,-23.5104264],[-46.7614153,-23.5105034],[-46.7611218,-23.5105581],[-46.7608374,-23.5106811],[-46.760484,-23.5108631],[-46.7602696,-23.5111873],[-46.7600239,-23.5115362],[-46.7598486,-23.5120082],[-46.7598336,-23.5121103],[-46.7597853,-23.51244],[-46.759719,-23.5125694],[-46.7591308,-23.512802],[-46.7588551,-23.5128557],[-46.7586311,-23.5128591],[-46.7584251,-23.5128643],[-46.7582484,-23.512942],[-46.7581725,-23.5130501],[-46.758072,-23.5132311],[-46.7580671,-23.5133895],[-46.7581322,-23.5136727],[-46.7580131,-23.5138963],[-46.7578156,-23.5139187],[-46.7575946,-23.5139006],[-46.7575305,-23.5140817],[-46.7576229,-23.5141847],[-46.7579127,-23.5145302],[-46.7579268,-23.5148796],[-46.7579534,-23.5153037],[-46.7579554,-23.5157022],[-46.7576441,-23.5160126],[-46.7572656,-23.5162149],[-46.7571473,-23.5162716],[-46.7566067,-23.5163786],[-46.7561611,-23.5164367],[-46.7557203,-23.516484],[-46.7546957,-23.5165909],[-46.7542835,-23.5166947]]],[[[-46.7262422,-23.5146778],[-46.726452,-23.5140196],[-46.7266284,-23.5134275],[-46.7267235,-23.5131239],[-46.7268094,-23.5128702],[-46.7269534,-23.5124727],[-46.7270769,-23.512164],[-46.7271984,-23.5119038],[-46.727364,-23.5116263],[-46.7274752,-23.5114617],[-46.7276365,-23.511258],[-46.7277717,-23.5111142],[-46.7279123,-23.5109811],[-46.728062,-23.5108579],[-46.7283167,-23.510666],[-46.728572,-23.510469],[-46.7288814,-23.5102482],[-46.7291597,-23.5100586],[-46.7294518,-23.509873],[-46.7297348,-23.5097074],[-46.7300411,-23.5095373],[-46.730484,-23.509319],[-46.7308995,-23.5091364],[-46.731229,-23.5090135],[-46.7316663,-23.5088668],[-46.7320143,-23.5087659],[-46.7323237,-23.5086911],[-46.732574,-23.5086385],[-46.7328873,-23.5085859],[-46.7331989,-23.5085384],[-46.7335232,-23.5085044],[-46.7338426,-23.5084813],[-46.7343063,-23.5084607],[-46.7359225,-23.5083841],[-46.7371568,-23.5082959],[-46.738606,-23.508162],[-46.741599,-23.507917],[-46.74428,-23.507698],[-46.746697,-23.5075],[-46.74801,-23.507392],[-46.74861,-23.507345],[-46.748881,-23.507317],[-46.749126,-23.507277],[-46.749369,-23.507225],[-46.749679,-23.507142],[-46.750015,-23.507031],[-46.750284,-23.506917],[-46.750507,-23.506811],[-46.750734,-23.506683],[-46.750853,-23.50661],[-46.751109,-23.506433],[-46.75131,-23.506276],[-46.751464,-23.50614],[-46.751771,-23.505816],[-46.751999,-23.505548],[-46.752399,-23.50505],[-46.753618,-23.503525],[-46.753699,-23.503407],[-46.753842,-23.503187],[-46.754085,-23.502754],[-46.754184,-23.502531],[-46.754346,-23.502109],[-46.754406,-23.501894],[-46.754449,-23.50172],[-46.754522,-23.501364],[-46.754545,-23.501154],[-46.75457,-23.500871],[-46.754601,-23.499776],[-46.754663,-23.497499],[-46.75467,-23.49726],[-46.754692,-23.496972],[-46.754713,-23.496823],[-46.754742,-23.496672],[-46.754837,-23.496338],[-46.754905,-23.496143],[-46.754986,-23.495979],[-46.755076,-23.495808],[-46.755182,-23.495634],[-46.755287,-23.495483],[-46.755433,-23.495299],[-46.755603,-23.495127],[-46.755853,-23.494911],[-46.756045,-23.494769],[-46.756237,-23.494645],[-46.756517,-23.494489],[-46.756744,-23.494377],[-46.756909,-23.49431],[-46.757071,-23.494252],[-46.757302,-23.494195],[-46.757517,-23.494162],[-46.757724,-23.494138],[-46.757925,-23.494122],[-46.758473,-23.494138],[-46.758695,-23.494156]]]]},"properties":{"name":"Jaguara","admin_level":"9"}},{"type":"Feature","geometry":{"type":"MultiPolygon","coordinates":[[[[-46.7345708,-23.5457406],[-46.7348463,-23.5455038],[-46.734933,-23.5454233],[-46.7360774,-23.5443604],[-46.742499,-23.538683],[-46.7441189,-23.5372336],[-46.7450591,-23.5363923],[-46.7460119,-23.5355398],[-46.747375,-23.53432],[-46.7475598,-23.5341409],[-46.747768,-23.533939],[-46.747997,-23.533676],[-46.748146,-23.533484],[-46.74824,-23.5333375],[-46.748323,-23.533208],[-46.748451,-23.53296],[-46.7485307,-23.532743],[-46.748631,-23.53247],[-46.7487634,-23.5319044],[-46.7487949,-23.5316235],[-46.748838,-23.531287],[-46.748931,-23.52957],[-46.748995,-23.528705],[-46.7490159,-23.528552],[-46.749046,-23.528332],[-46.7492157,-23.5279565],[-46.7494065,-23.5275735],[-46.7496403,-23.5270937],[-46.7498138,-23.5267811],[-46.74993,-23.526598]]],[[[-46.74993,-23.526598],[-46.750031,-23.526519],[-46.750177,-23.526457],[-46.7513197,-23.5261986],[-46.751495,-23.525917],[-46.7516337,-23.5257725],[-46.7518723,-23.5256344]]],[[[-46.7518723,-23.5256344],[-46.7561712,-23.5247011],[-46.7565277,-23.5255117],[-46.7569112,-23.5264389],[-46.7589388,-23.5283114],[-46.7599062,-23.5292574],[-46.760045,-23.5295896],[-46.7600103,-23.530125],[-46.7596289,-23.531887],[-46.7592443,-23.5335961],[-46.759083,-23.5345146],[-46.7591461,-23.5352227],[-46.7593985,-23.5368073],[-46.7601714,-23.5412569],[-46.7604115,-23.5428141],[-46.7604252,-23.5442821],[-46.7603498,-23.5453247],[-46.7599725,-23.5465389],[-46.75941,-23.5476502],[-46.759148,-23.548311]]],[[[-46.757846,-23.5507134],[-46.758408,-23.549256],[-46.758517,-23.549009],[-46.758605,-23.548831],[-46.758839,-23.548562],[-46.758999,-23.54842],[-46.759148,-23.548311]]],[[[-46.744413,-23.558476],[-46.744578,-23.558464],[-46.745345,-23.558387],[-46.745645,-23.558349],[-46.745832,-23.558314],[-46.746056,-23.558257],[-46.746233,-23.558232],[-46.74637,-23.558221],[-46.746487,-23.558225],[-46.746719,-23.558289],[-46.747059,-23.558412],[-46.747257,-23.558491],[-46.747604,-23.558646],[-46.747664,-23.55853],[-46.747905,-23.558178],[-46.748082,-23.558009],[-46.748267,-23.55786],[-46.7495626,-23.5570313],[-46.749809,-23.556884],[-46.750147,-23.556652],[-46.750325,-23.55651],[-46.750405,-23.556429],[-46.75051,-23.5563065],[-46.750602,-23.556133],[-46.750935,-23.555459],[-46.751038,-23.555257],[-46.751115,-23.555142],[-46.751198,-23.55504],[-46.751294,-23.554956],[-46.751471,-23.554865],[-46.751643,-23.554804],[-46.751807,-23.554782],[-46.751983,-23.554795],[-46.752092,-23.55482],[-46.7524012,-23.5549166],[-46.754982,-23.555768],[-46.755167,-23.555799],[-46.755318,-23.555798],[-46.755486,-23.555767],[-46.755665,-23.555682],[-46.755805,-23.555577],[-46.75592,-23.555441],[-46.755991,-23.555337],[-46.756096,-23.555116],[-46.75643,-23.554281],[-46.756742,-23.553496],[-46.7568567,-23.5532108],[-46.757097,-23.552613],[-46.757599,-23.551354],[-46.757846,-23.5507134]]],[[[-46.744413,-23.558476],[-46.744278,-23.558485],[-46.74414,-23.558483],[-46.744015,-23.558464],[-46.743797,-23.558418],[-46.743549,-23.55833],[-46.743337,-23.558229],[-46.743097,-23.558067],[-46.74221,-23.557235],[-46.742073,-23.557141],[-46.741914,-23.557053],[-46.741807,-23.55701],[-46.741623,-23.556958],[-46.741453,-23.556934],[-46.741211,-23.556912],[-46.740919,-23.556915],[-46.740259,-23.556939],[-46.739965,-23.556937],[-46.739798,-23.556915],[-46.739633,-23.556876],[-46.739462,-23.556822],[-46.739291,-23.556745],[-46.739035,-23.556606],[-46.737282,-23.555609],[-46.735382,-23.554567],[-46.73441,-23.554003],[-46.73353,-23.553508],[-46.733415,-23.553426],[-46.733312,-23.553332],[-46.733193,-23.553193],[-46.733029,-23.552938],[-46.732845,-23.552598],[-46.732655,-23.552191],[-46.732583,-23.551999],[-46.732541,-23.55172],[-46.73253,-23.551503],[-46.732533,-23.551205],[-46.732595,-23.550552],[-46.732599,-23.550192],[-46.732591,-23.550023],[-46.73257,-23.549895],[-46.732545,-23.549822],[-46.732302,-23.549421],[-46.732178,-23.549174],[-46.731932,-23.548815],[-46.7316627,-23.5482989]]],[[[-46.7316627,-23.5482989],[-46.7321553,-23.5478731],[-46.7343158,-23.54597],[-46.7345708,-23.5457406]]]]},"properties":{"name":"Jaguaré","admin_level":"9"}},{"type":"Feature","geometry":{"type":"MultiPolygon","coordinates":[[[[-46.6536214,-23.5720593],[-46.6522978,-23.5708751],[-46.6515305,-23.5701717],[-46.6514477,-23.5700953],[-46.6507928,-23.5694947],[-46.649949,-23.568767],[-46.649382,-23.568143],[-46.648977,-23.567713],[-46.648937,-23.567639]]],[[[-46.6536214,-23.5720593],[-46.65482,-23.5731702],[-46.6567085,-23.5748924],[-46.6582073,-23.5762305],[-46.6596495,-23.5775532],[-46.6600315,-23.5778962],[-46.6605403,-23.5783645],[-46.6608145,-23.5785968],[-46.6611593,-23.5788516],[-46.6612512,-23.5789205],[-46.6613469,-23.5789821],[-46.6614853,-23.5790628],[-46.6617065,-23.5791929]]],[[[-46.6617065,-23.5791929],[-46.6618068,-23.5792584]]],[[[-46.6618068,-23.5792584],[-46.662284,-23.579544],[-46.6624888,-23.5796613],[-46.6632966,-23.5801158],[-46.663618,-23.5802914],[-46.6638337,-23.5804266],[-46.6640833,-23.5805564],[-46.6649088,-23.5810395],[-46.6656992,-23.5814985],[-46.6661864,-23.58178],[-46.66636,-23.58188],[-46.6677411,-23.5826754],[-46.6686432,-23.5832089],[-46.669326,-23.5836001],[-46.6695845,-23.5837403],[-46.6699478,-23.5839166],[-46.6701013,-23.5839985],[-46.6702592,-23.5841189]]],[[[-46.671011,-23.5767499],[-46.6712044,-23.5770157],[-46.6712331,-23.577261],[-46.6709381,-23.578828],[-46.6707957,-23.5797221],[-46.6705556,-23.5810273],[-46.6702013,-23.5830367],[-46.6701706,-23.5835996],[-46.6702592,-23.5841189]]],[[[-46.671011,-23.5767499],[-46.6707961,-23.5765898],[-46.671331,-23.576075],[-46.671994,-23.575287],[-46.672257,-23.574951],[-46.673127,-23.573925],[-46.675429,-23.571171],[-46.676237,-23.570187],[-46.676832,-23.569491],[-46.677588,-23.568575],[-46.677766,-23.568398],[-46.678372,-23.567876],[-46.678472,-23.567773],[-46.678078,-23.567292],[-46.676562,-23.565377],[-46.677597,-23.564597],[-46.677687,-23.56451],[-46.677794,-23.564386],[-46.678008,-23.564074],[-46.680996,-23.559868],[-46.681353,-23.559348],[-46.681485,-23.559145],[-46.681658,-23.558828],[-46.681954,-23.558135],[-46.682081,-23.557909],[-46.682578,-23.557172],[-46.682664,-23.557026],[-46.682719,-23.556879],[-46.682754,-23.556738],[-46.68276,-23.556591],[-46.68273,-23.556392],[-46.682689,-23.556281],[-46.682614,-23.556153],[-46.682527,-23.556054],[-46.682346,-23.55592],[-46.6823199,-23.5559041],[-46.681392,-23.5553401],[-46.681321,-23.555286],[-46.681063,-23.555114],[-46.680592,-23.554748],[-46.6803573,-23.5545354],[-46.680306,-23.554489],[-46.680025,-23.554215],[-46.67952,-23.553695],[-46.678882,-23.552975],[-46.6784895,-23.5524955],[-46.678398,-23.552378],[-46.677886,-23.551702],[-46.677713,-23.551462],[-46.677609,-23.5512808],[-46.67746,-23.551021]]],[[[-46.67581,-23.552015],[-46.676178,-23.551826],[-46.676614,-23.551588],[-46.677121,-23.551261],[-46.67746,-23.551021]]],[[[-46.658908,-23.559223],[-46.660167,-23.558115],[-46.66291,-23.555697],[-46.663321,-23.556004],[-46.663641,-23.556184],[-46.663927,-23.556301],[-46.664321,-23.55641],[-46.664641,-23.55647],[-46.664973,-23.556503],[-46.66518,-23.556492],[-46.665314,-23.556469],[-46.665552,-23.556399],[-46.665822,-23.556299],[-46.666299,-23.556073],[-46.6666651,-23.5559373],[-46.667736,-23.5554348],[-46.670034,-23.554385],[-46.67581,-23.552015]]],[[[-46.648937,-23.567639],[-46.649014,-23.567579],[-46.65049,-23.566361],[-46.656468,-23.561386],[-46.658908,-23.559223]]]]},"properties":{"name":"Jardim Paulista","admin_level":"9"}},{"type":"Feature","geometry":{"type":"MultiPolygon","coordinates":[[[[-46.561108,-23.487316],[-46.561371,-23.487159],[-46.562848,-23.486195],[-46.5644248,-23.4851797],[-46.5645118,-23.4851306],[-46.564585,-23.48502],[-46.564859,-23.484483],[-46.565343,-23.483612],[-46.5654763,-23.4833734],[-46.565928,-23.482565],[-46.56631,-23.481876],[-46.567556,-23.479623],[-46.568114,-23.478607],[-46.568699,-23.477589],[-46.569747,-23.475654],[-46.569938,-23.475325],[-46.5701534,-23.4749507],[-46.570521,-23.474312],[-46.570993,-23.473464],[-46.571006,-23.473421],[-46.571033,-23.473392],[-46.571122,-23.473236],[-46.571207,-23.473076],[-46.571436,-23.472662],[-46.5716741,-23.472219],[-46.571764,-23.472311],[-46.57182,-23.472389],[-46.571922,-23.472611],[-46.571965,-23.472653],[-46.572081,-23.472707],[-46.572125,-23.472715],[-46.572179,-23.472708],[-46.572313,-23.472657],[-46.572367,-23.47265],[-46.572463,-23.47266],[-46.573024,-23.472741],[-46.573301,-23.472792],[-46.573357,-23.472813],[-46.573392,-23.472835],[-46.573435,-23.472893],[-46.573496,-23.473001],[-46.573602,-23.473142],[-46.57365,-23.47319],[-46.573719,-23.47322],[-46.573944,-23.473283],[-46.574013,-23.473297],[-46.574463,-23.473333],[-46.574933,-23.47335],[-46.575052,-23.47334],[-46.575301,-23.473291],[-46.575501,-23.473219],[-46.575572,-23.473213],[-46.575686,-23.473225],[-46.575796,-23.473255],[-46.576005,-23.473301],[-46.576084,-23.473328],[-46.576334,-23.473448],[-46.576409,-23.473498],[-46.576534,-23.473552],[-46.576585,-23.473554],[-46.576687,-23.473533],[-46.576867,-23.473551],[-46.577057,-23.473618],[-46.577237,-23.473712],[-46.577426,-23.473829],[-46.57753,-23.473876],[-46.577589,-23.473893],[-46.577633,-23.473897],[-46.57785,-23.473884],[-46.578113,-23.473879],[-46.57825,-23.473888],[-46.57847,-23.47391],[-46.578714,-23.473922],[-46.578916,-23.47392],[-46.57905,-23.473929],[-46.579149,-23.47396],[-46.579221,-23.473995],[-46.579383,-23.474119],[-46.579735,-23.474434],[-46.579832,-23.474491],[-46.580101,-23.47463],[-46.580142,-23.474661],[-46.580403,-23.475008],[-46.580463,-23.475074],[-46.580571,-23.475172],[-46.580762,-23.475307],[-46.581018,-23.475442],[-46.5813,-23.475585],[-46.581441,-23.475676],[-46.581503,-23.475739],[-46.581676,-23.47599],[-46.581918,-23.476422],[-46.582083,-23.476624],[-46.582264,-23.476825],[-46.582637,-23.47713],[-46.582743,-23.477245],[-46.582793,-23.477322],[-46.582839,-23.477433],[-46.5829665,-23.4776894],[-46.5830455,-23.4777944],[-46.583182,-23.477928],[-46.583396,-23.478049],[-46.583491,-23.478098]]],[[[-46.595502,-23.466716],[-46.594945,-23.467028],[-46.594149,-23.467647],[-46.594066,-23.467725],[-46.593876,-23.467885],[-46.593744,-23.467967],[-46.593495,-23.468053],[-46.593243,-23.468167],[-46.592957,-23.468317],[-46.592679,-23.46843],[-46.592377,-23.468525],[-46.592034,-23.468612],[-46.591829,-23.468632],[-46.591634,-23.46863],[-46.591421,-23.468584],[-46.591185,-23.468502],[-46.590992,-23.468411],[-46.590388,-23.468132],[-46.590247,-23.468072],[-46.590167,-23.468341],[-46.590104,-23.468577],[-46.589967,-23.469042],[-46.589902,-23.469229],[-46.589811,-23.469434],[-46.589764,-23.469563],[-46.589726,-23.469701],[-46.589631,-23.47001],[-46.589269,-23.469904],[-46.589223,-23.469869],[-46.588607,-23.470468],[-46.588161,-23.470896],[-46.587891,-23.47116],[-46.587487,-23.47155],[-46.587263,-23.471775],[-46.587207,-23.471824],[-46.586656,-23.472358],[-46.585858,-23.47314],[-46.585444,-23.473536],[-46.585208,-23.473785],[-46.585067,-23.473974],[-46.584816,-23.474438],[-46.58474,-23.474587],[-46.58471,-23.474665],[-46.584646,-23.474894],[-46.584593,-23.475137],[-46.58457,-23.475295],[-46.584545,-23.475534],[-46.584538,-23.475825],[-46.584561,-23.475947],[-46.584771,-23.476787],[-46.58481,-23.477004],[-46.584253,-23.477457],[-46.583491,-23.478098]]],[[[-46.595502,-23.466716],[-46.594882,-23.465734],[-46.594674,-23.465787],[-46.594455,-23.465831],[-46.594037,-23.465941],[-46.593834,-23.465946],[-46.593727,-23.465934],[-46.59362,-23.465878],[-46.593519,-23.465775],[-46.593289,-23.465502],[-46.593152,-23.465361],[-46.592976,-23.465204],[-46.592768,-23.465034],[-46.592577,-23.464872],[-46.592163,-23.464415],[-46.592052,-23.464275],[-46.591962,-23.464187],[-46.591722,-23.464022],[-46.591161,-23.463644],[-46.590807,-23.463458],[-46.590673,-23.463403],[-46.590554,-23.463393],[-46.590407,-23.463389],[-46.590286,-23.463412],[-46.590211,-23.463453],[-46.590125,-23.463535],[-46.589889,-23.463787],[-46.589845,-23.463817],[-46.589748,-23.463858],[-46.589456,-23.463934],[-46.589261,-23.463967],[-46.589097,-23.463982],[-46.588884,-23.463981],[-46.588647,-23.463947],[-46.588482,-23.463898],[-46.588363,-23.463838],[-46.588225,-23.463746],[-46.588158,-23.46368],[-46.588089,-23.463578],[-46.587848,-23.463195],[-46.587376,-23.462529],[-46.586961,-23.462004],[-46.586853,-23.461853],[-46.586773,-23.461702],[-46.586643,-23.461415],[-46.586339,-23.460862],[-46.586064,-23.460435],[-46.585677,-23.459861],[-46.585404,-23.459442],[-46.585277,-23.459267],[-46.585014,-23.458841],[-46.58492,-23.45871],[-46.58483,-23.458613],[-46.584701,-23.458493],[-46.584568,-23.458389],[-46.58439,-23.458299],[-46.58428,-23.458267],[-46.583957,-23.458189],[-46.583776,-23.458125],[-46.583481,-23.458015],[-46.583392,-23.457972],[-46.583108,-23.457808],[-46.582577,-23.457519],[-46.582459,-23.45744],[-46.582281,-23.457262],[-46.582101,-23.457069],[-46.58232,-23.457007],[-46.582661,-23.456936],[-46.583132,-23.456855],[-46.583627,-23.456767],[-46.584293,-23.456641],[-46.584507,-23.456579],[-46.584794,-23.456456],[-46.58493,-23.456422],[-46.585144,-23.456382],[-46.5854,-23.456378],[-46.585731,-23.456352],[-46.585753,-23.456255],[-46.585741,-23.456192],[-46.585621,-23.455914],[-46.58554,-23.455755],[-46.585481,-23.455679],[-46.585426,-23.455631],[-46.585239,-23.455551],[-46.585195,-23.45552],[-46.585128,-23.455411],[-46.58494,-23.455011],[-46.584886,-23.454883],[-46.584802,-23.454776],[-46.584627,-23.454631],[-46.584467,-23.454438],[-46.584059,-23.454019],[-46.583905,-23.453812],[-46.583825,-23.453712],[-46.583706,-23.453511],[-46.583629,-23.45339],[-46.583523,-23.453298],[-46.583195,-23.452995],[-46.582927,-23.452806],[-46.582775,-23.452672],[-46.582712,-23.452634],[-46.582582,-23.452585],[-46.582487,-23.452529],[-46.582335,-23.452414],[-46.58231,-23.452379],[-46.5822,-23.452123],[-46.582147,-23.451967],[-46.581962,-23.451615],[-46.581823,-23.451359],[-46.581743,-23.451245],[-46.581655,-23.451166],[-46.5815,-23.451091],[-46.581317,-23.45094],[-46.581089,-23.450758],[-46.580831,-23.450559],[-46.580572,-23.450349],[-46.580287,-23.450109],[-46.580128,-23.449903],[-46.580035,-23.449716],[-46.57997,-23.449653],[-46.579787,-23.44942],[-46.57971,-23.449268],[-46.579535,-23.449017],[-46.579543,-23.448992],[-46.579453,-23.448746],[-46.579401,-23.448493],[-46.579407,-23.448295],[-46.57938,-23.448253],[-46.579285,-23.448223],[-46.579018,-23.448215],[-46.578674,-23.448173],[-46.578157,-23.448085],[-46.577756,-23.447943],[-46.577234,-23.447715],[-46.576843,-23.447535],[-46.576757,-23.447518],[-46.576497,-23.447511],[-46.576286,-23.447561],[-46.576177,-23.447601],[-46.576058,-23.447699],[-46.57562,-23.448232],[-46.575528,-23.448346],[-46.575423,-23.448439],[-46.575336,-23.448496],[-46.5752913,-23.4485126]]],[[[-46.5752913,-23.4485126],[-46.575212,-23.448542]]],[[[-46.575212,-23.448542],[-46.575097,-23.448556],[-46.574976,-23.448555],[-46.574951,-23.448427],[-46.574915,-23.448086],[-46.574874,-23.447908],[-46.574865,-23.447842],[-46.574871,-23.447722],[-46.574819,-23.447562],[-46.574796,-23.447448],[-46.574805,-23.447352],[-46.574734,-23.447268],[-46.574689,-23.447155],[-46.574649,-23.447093],[-46.57462,-23.447],[-46.57464,-23.446951],[-46.574685,-23.446921],[-46.574726,-23.446875],[-46.574736,-23.446835],[-46.574734,-23.446788],[-46.574697,-23.446703],[-46.574632,-23.446645],[-46.574586,-23.446543],[-46.574564,-23.446437],[-46.574555,-23.446323],[-46.574531,-23.446199],[-46.574508,-23.446128],[-46.574414,-23.446009],[-46.574389,-23.445952],[-46.574392,-23.44589],[-46.574416,-23.445829],[-46.574405,-23.445712],[-46.574387,-23.445655],[-46.574328,-23.445581],[-46.574255,-23.445505],[-46.574205,-23.445417],[-46.574101,-23.445197],[-46.574072,-23.445118],[-46.574066,-23.445064],[-46.574083,-23.44496],[-46.574061,-23.444824],[-46.57403,-23.444771],[-46.573954,-23.444671],[-46.573909,-23.444544],[-46.57389,-23.444407],[-46.573871,-23.444223],[-46.57386,-23.444053],[-46.573866,-23.44394],[-46.573863,-23.443822],[-46.573838,-23.443685],[-46.573769,-23.443536],[-46.573725,-23.44347],[-46.573578,-23.443307],[-46.573358,-23.443081],[-46.573271,-23.442901],[-46.573177,-23.442739],[-46.572995,-23.442492],[-46.572887,-23.442396],[-46.572817,-23.442343],[-46.572691,-23.442222],[-46.572645,-23.442169],[-46.572628,-23.442127],[-46.572633,-23.442084],[-46.5726765,-23.442026]]],[[[-46.5726765,-23.442026],[-46.572696,-23.442],[-46.5727347,-23.4419704],[-46.572853,-23.44188],[-46.572871,-23.441847],[-46.572871,-23.441805],[-46.5727986,-23.4416297]]],[[[-46.5727986,-23.4416297],[-46.5725585,-23.4413143],[-46.5724073,-23.441109],[-46.5723099,-23.4408915],[-46.5722252,-23.4407285],[-46.5721163,-23.4406092],[-46.572021,-23.440509],[-46.571866,-23.440361],[-46.571642,-23.440208],[-46.571468,-23.44008],[-46.571346,-23.4399655]]],[[[-46.571346,-23.4399655],[-46.5712634,-23.439888]]],[[[-46.5712634,-23.439888],[-46.5711102,-23.4397443],[-46.5709393,-23.4395848],[-46.570668,-23.439367],[-46.5706649,-23.4392797],[-46.5706437,-23.4391779],[-46.5706724,-23.4390197],[-46.5706588,-23.4388444],[-46.5706126,-23.4386817],[-46.5705386,-23.438627],[-46.570461,-23.438586],[-46.570262,-23.438503],[-46.570135,-23.438442],[-46.570037,-23.438402],[-46.569948,-23.438387],[-46.56977,-23.438393],[-46.569458,-23.43838],[-46.569338,-23.438359],[-46.569215,-23.438323],[-46.569137,-23.438282],[-46.569036,-23.438163],[-46.568839,-23.437973],[-46.568782,-23.437901]]],[[[-46.568782,-23.437901],[-46.568712,-23.437761],[-46.568668,-23.437707],[-46.568605,-23.43766],[-46.56847,-23.437621],[-46.568298,-23.437595],[-46.568022,-23.4375675]]],[[[-46.568022,-23.4375675],[-46.5680363,-23.4373625],[-46.5680886,-23.436854],[-46.5681586,-23.4363868],[-46.5682176,-23.4360004],[-46.5683509,-23.4352818],[-46.5684616,-23.4348212],[-46.568605,-23.4342728],[-46.5688066,-23.4335958],[-46.5690447,-23.4329085],[-46.5694273,-23.4319189],[-46.5696636,-23.4314308],[-46.569813,-23.430852],[-46.570059,-23.430364],[-46.570315,-23.429883],[-46.570554,-23.429449],[-46.57077,-23.429069],[-46.5704503,-23.4289392],[-46.570248,-23.428857]]],[[[-46.570248,-23.428857],[-46.570026,-23.428764],[-46.569926,-23.428735],[-46.569738,-23.42871],[-46.56934,-23.428672],[-46.569188,-23.428667],[-46.569053,-23.428678],[-46.568957,-23.428721],[-46.568815,-23.428821],[-46.568655,-23.428926],[-46.568555,-23.428969],[-46.568385,-23.429008],[-46.568266,-23.429062],[-46.568094,-23.429174],[-46.567862,-23.429343],[-46.567499,-23.429583],[-46.5671006,-23.4298611],[-46.5670451,-23.429886]]],[[[-46.5650827,-23.435594],[-46.565368,-23.4355718],[-46.5656758,-23.435427],[-46.5658785,-23.4352677],[-46.566082,-23.435198],[-46.566208,-23.435183],[-46.56625,-23.435177],[-46.566307,-23.435137],[-46.56636,-23.435091],[-46.566406,-23.435045],[-46.566437,-23.434992],[-46.566467,-23.434916],[-46.566505,-23.434818],[-46.566528,-23.434765],[-46.56657,-23.434706],[-46.566601,-23.434679],[-46.566635,-23.434649],[-46.566669,-23.434622],[-46.56673,-23.434559],[-46.56675,-23.434534],[-46.566792,-23.434486],[-46.566814,-23.434448],[-46.566833,-23.43441],[-46.566853,-23.43434],[-46.566872,-23.434244],[-46.566883,-23.434191],[-46.566898,-23.434147],[-46.566921,-23.434099],[-46.56694,-23.434074],[-46.567055,-23.433985],[-46.567108,-23.43396],[-46.567249,-23.433895],[-46.56739,-23.433807],[-46.567432,-23.433756],[-46.567478,-23.433701],[-46.567486,-23.433638],[-46.56749,-23.433453],[-46.567482,-23.433262],[-46.567505,-23.433208],[-46.567528,-23.433153],[-46.567581,-23.433064],[-46.567661,-23.43297],[-46.567726,-23.432955],[-46.567791,-23.432955],[-46.567856,-23.432959],[-46.567917,-23.432959],[-46.568005,-23.432974],[-46.568142,-23.433001],[-46.56823,-23.433004],[-46.568367,-23.432987],[-46.568474,-23.43292],[-46.568539,-23.432846],[-46.568546,-23.43281],[-46.568558,-23.432755],[-46.568523,-23.432627],[-46.568378,-23.432379],[-46.568218,-23.432171],[-46.568085,-23.432013],[-46.568024,-23.431925],[-46.567886,-23.431749],[-46.56773,-23.431479],[-46.567627,-23.431284],[-46.567623,-23.431273],[-46.567467,-23.431057],[-46.567299,-23.430887],[-46.567188,-23.430775],[-46.567154,-23.43067],[-46.567116,-23.430527],[-46.567101,-23.43038],[-46.567097,-23.430315],[-46.567093,-23.430244],[-46.5670451,-23.429886]]],[[[-46.5650827,-23.435594],[-46.5647452,-23.4359719]]],[[[-46.566113,-23.442129],[-46.566055,-23.442116],[-46.565987,-23.442064],[-46.565948,-23.44203],[-46.565895,-23.441986],[-46.565826,-23.441933],[-46.565777,-23.441898],[-46.565723,-23.441866],[-46.565674,-23.441832],[-46.565613,-23.441792],[-46.565548,-23.441753],[-46.565502,-23.441723],[-46.565441,-23.441683],[-46.565395,-23.441633],[-46.565361,-23.441565],[-46.565323,-23.44145],[-46.565315,-23.441425],[-46.565308,-23.441366],[-46.565296,-23.441303],[-46.565292,-23.441254],[-46.565285,-23.44121],[-46.565269,-23.44112],[-46.565258,-23.441053],[-46.565239,-23.440971],[-46.56522,-23.440889],[-46.56522,-23.440863],[-46.56522,-23.440784],[-46.565235,-23.44072],[-46.565269,-23.440634],[-46.565311,-23.440544],[-46.565334,-23.440458],[-46.565342,-23.440378],[-46.565338,-23.44031],[-46.565334,-23.440256],[-46.565323,-23.440212],[-46.565315,-23.440168],[-46.565311,-23.440125],[-46.565308,-23.440075],[-46.5653,-23.44002],[-46.565285,-23.439945],[-46.565277,-23.439899],[-46.565262,-23.439838],[-46.565243,-23.439781],[-46.56522,-23.439716],[-46.565193,-23.439663],[-46.565166,-23.439604],[-46.565155,-23.439562],[-46.565159,-23.439518],[-46.565163,-23.439493],[-46.565166,-23.439451],[-46.56517,-23.43939],[-46.565182,-23.439346],[-46.565201,-23.439301],[-46.565228,-23.439243],[-46.565262,-23.439154],[-46.565289,-23.43907],[-46.565315,-23.438978],[-46.565323,-23.438898],[-46.565308,-23.438763],[-46.565235,-23.438576],[-46.565205,-23.438494],[-46.565174,-23.43837],[-46.565155,-23.438231],[-46.56514,-23.438021],[-46.565109,-23.437784],[-46.565086,-23.437654],[-46.565033,-23.437504],[-46.565014,-23.437374],[-46.565014,-23.437311],[-46.565029,-23.437189],[-46.565025,-23.437052],[-46.564995,-23.436934],[-46.564976,-23.436815],[-46.564938,-23.436661],[-46.564896,-23.436537],[-46.564796,-23.436258],[-46.564751,-23.436165],[-46.5647452,-23.4359719]]],[[[-46.568311,-23.4632619],[-46.568329,-23.463238],[-46.568474,-23.463034],[-46.568707,-23.462502],[-46.568943,-23.461811],[-46.568977,-23.461123],[-46.569149,-23.460688],[-46.570122,-23.459471],[-46.570415,-23.458899],[-46.570557,-23.458384],[-46.570454,-23.458075],[-46.570473,-23.457525],[-46.570591,-23.457237],[-46.570839,-23.456907],[-46.570839,-23.456814],[-46.570374,-23.456377],[-46.570232,-23.455896],[-46.57029,-23.455364],[-46.570248,-23.454924],[-46.570377,-23.454388],[-46.570412,-23.453583],[-46.570366,-23.453465],[-46.569962,-23.453278],[-46.569569,-23.453186],[-46.569103,-23.452726],[-46.569084,-23.452383],[-46.568977,-23.452229],[-46.568336,-23.451672],[-46.568359,-23.451546],[-46.568577,-23.451298],[-46.568909,-23.451059],[-46.569214,-23.450974],[-46.569214,-23.450912],[-46.568928,-23.450186],[-46.568668,-23.449942],[-46.568497,-23.449175],[-46.5681789,-23.4482042],[-46.5679576,-23.4477615],[-46.5676301,-23.4473211],[-46.5673219,-23.4469481],[-46.566833,-23.4466],[-46.56675,-23.446381],[-46.566483,-23.446072],[-46.566517,-23.445969],[-46.566849,-23.445759],[-46.566898,-23.445642],[-46.566868,-23.445471],[-46.566696,-23.445242],[-46.566338,-23.445269],[-46.566196,-23.444777],[-46.566261,-23.44471],[-46.566608,-23.444712],[-46.566757,-23.444603],[-46.566864,-23.444319],[-46.567078,-23.443235],[-46.567047,-23.443127],[-46.566765,-23.442928],[-46.566673,-23.442209],[-46.566544,-23.442158],[-46.566113,-23.442129]]],[[[-46.561108,-23.487316],[-46.561054,-23.48723],[-46.561054,-23.487162],[-46.561054,-23.487055],[-46.561054,-23.487011],[-46.561054,-23.486942],[-46.561054,-23.486858],[-46.561069,-23.486551],[-46.561073,-23.486237],[-46.560963,-23.485842],[-46.560955,-23.485773],[-46.560955,-23.485701],[-46.560966,-23.485632],[-46.560986,-23.485542],[-46.561001,-23.485491],[-46.561016,-23.485439],[-46.561092,-23.485256],[-46.561253,-23.484989],[-46.561295,-23.484936],[-46.561333,-23.484871],[-46.561359,-23.48481],[-46.56139,-23.484751],[-46.561413,-23.484707],[-46.56144,-23.484657],[-46.561474,-23.484577],[-46.561489,-23.484491],[-46.561493,-23.484407],[-46.561489,-23.484325],[-46.561485,-23.484243],[-46.561234,-23.483353],[-46.561234,-23.483297],[-46.561237,-23.483242],[-46.561241,-23.483162],[-46.561249,-23.483084],[-46.561268,-23.483006],[-46.561283,-23.482924],[-46.561295,-23.482841],[-46.56131,-23.482756],[-46.561321,-23.482597],[-46.561337,-23.482502],[-46.561317,-23.482418],[-46.561302,-23.482336],[-46.561272,-23.482256],[-46.561234,-23.482176],[-46.561134,-23.482038],[-46.561085,-23.48197],[-46.561024,-23.481907],[-46.560955,-23.481848],[-46.560921,-23.481804],[-46.560863,-23.48173],[-46.560844,-23.48167],[-46.560837,-23.481613],[-46.560833,-23.481556],[-46.560825,-23.481474],[-46.56081,-23.481403],[-46.560802,-23.481312],[-46.560791,-23.481173],[-46.560795,-23.48111],[-46.560795,-23.481058],[-46.560795,-23.480972],[-46.560787,-23.480892],[-46.560783,-23.480816],[-46.560852,-23.480696],[-46.560883,-23.480619],[-46.561134,-23.480265],[-46.561298,-23.479965],[-46.561314,-23.47979],[-46.561234,-23.479496],[-46.561127,-23.479149],[-46.560951,-23.478643],[-46.560829,-23.478333],[-46.56073,-23.47809],[-46.560715,-23.477701],[-46.56073,-23.477373],[-46.560764,-23.476946],[-46.560844,-23.476366],[-46.56086,-23.476227],[-46.560806,-23.476122],[-46.560719,-23.476025],[-46.560604,-23.475969],[-46.560383,-23.47579],[-46.560368,-23.475746],[-46.560371,-23.475691],[-46.560398,-23.475632],[-46.560459,-23.475481],[-46.560535,-23.475304],[-46.560577,-23.475142],[-46.560574,-23.475018],[-46.560616,-23.474888],[-46.561062,-23.474361]]],[[[-46.561062,-23.474361],[-46.561115,-23.474298],[-46.561214,-23.47418],[-46.561317,-23.474031],[-46.561409,-23.473902],[-46.561462,-23.473839],[-46.56152,-23.473761],[-46.561588,-23.473675],[-46.561623,-23.473627],[-46.561638,-23.473606],[-46.561695,-23.473473],[-46.56171,-23.4734],[-46.561756,-23.473188],[-46.562073,-23.47238],[-46.562649,-23.471659],[-46.563007,-23.471148],[-46.563057,-23.471085],[-46.563183,-23.470909],[-46.56332,-23.47068],[-46.56345,-23.470486],[-46.563538,-23.470341],[-46.563702,-23.470074],[-46.563961,-23.469854],[-46.564194,-23.46973],[-46.564369,-23.469591],[-46.564671,-23.469324],[-46.564842,-23.469137],[-46.565086,-23.46907],[-46.565334,-23.469042],[-46.565437,-23.469004],[-46.565525,-23.468937],[-46.565636,-23.468863],[-46.565903,-23.468565],[-46.565937,-23.4685],[-46.565971,-23.468428],[-46.565987,-23.468349],[-46.565987,-23.468258],[-46.565971,-23.468168],[-46.565941,-23.468096],[-46.565895,-23.468039],[-46.565842,-23.467976],[-46.565796,-23.467926],[-46.565754,-23.467878],[-46.565712,-23.467831],[-46.565662,-23.467762],[-46.565659,-23.467613],[-46.565693,-23.467323],[-46.565762,-23.46718],[-46.565834,-23.467049],[-46.565903,-23.466948],[-46.566051,-23.466791],[-46.566177,-23.466602],[-46.566185,-23.466585],[-46.566418,-23.46599],[-46.566483,-23.46574],[-46.566639,-23.465389],[-46.566807,-23.465204],[-46.566906,-23.465153],[-46.567032,-23.465061],[-46.567287,-23.464931],[-46.567608,-23.464844],[-46.567684,-23.464769],[-46.567768,-23.464659],[-46.567814,-23.464561],[-46.567841,-23.464489],[-46.567886,-23.464361],[-46.567986,-23.46393],[-46.568161,-23.46344],[-46.568226,-23.463362],[-46.568311,-23.4632619]]]]},"properties":{"name":"Jaçanã","admin_level":"9"}},{"type":"Feature","geometry":{"type":"MultiPolygon","coordinates":[[[[-46.7056412,-23.5087318],[-46.703868,-23.508544],[-46.701047,-23.508284],[-46.698514,-23.508101],[-46.696586,-23.507953],[-46.696337,-23.507947],[-46.695985,-23.507957],[-46.695156,-23.508007],[-46.69468,-23.508055],[-46.694251,-23.508117],[-46.693467,-23.508283]]],[[[-46.685283,-23.523649],[-46.685608,-23.523377],[-46.685992,-23.523044],[-46.686502,-23.522635],[-46.68668,-23.522518],[-46.686889,-23.52225],[-46.687285,-23.521879],[-46.687555,-23.521642],[-46.687696,-23.521563],[-46.687775,-23.521555],[-46.687926,-23.521312],[-46.688021,-23.521085],[-46.68829,-23.520565],[-46.689049,-23.519036],[-46.689365,-23.518448],[-46.689663,-23.517852],[-46.690113,-23.517008],[-46.690617,-23.5162],[-46.690739,-23.515987],[-46.690986,-23.515618],[-46.691112,-23.515447],[-46.691165,-23.515312],[-46.691176,-23.515217],[-46.691369,-23.51493],[-46.692403,-23.513281],[-46.69254,-23.512974],[-46.692588,-23.512779],[-46.692637,-23.512069],[-46.692731,-23.511891],[-46.692854,-23.511712],[-46.693658,-23.510417],[-46.693687,-23.510299],[-46.69369,-23.510145],[-46.693605,-23.509744],[-46.693623,-23.509427],[-46.693652,-23.509268],[-46.693645,-23.50916],[-46.693467,-23.508283]]],[[[-46.685283,-23.523649],[-46.685304,-23.523803],[-46.685365,-23.526108],[-46.68607,-23.526077],[-46.687482,-23.526061],[-46.688327,-23.527269],[-46.6886991,-23.5276975],[-46.68965,-23.529114],[-46.692216,-23.532706],[-46.692807,-23.532333],[-46.692939,-23.532254],[-46.6929815,-23.5322323],[-46.6930634,-23.5321984],[-46.693582,-23.5320912],[-46.693602,-23.532491],[-46.693618,-23.5326],[-46.693661,-23.532779],[-46.693694,-23.532879],[-46.693777,-23.533068],[-46.693857,-23.533217],[-46.694006,-23.533442],[-46.694069,-23.533514],[-46.694248,-23.533663],[-46.694839,-23.534072],[-46.694972,-23.534176],[-46.695338,-23.534491],[-46.695502,-23.534649],[-46.695673,-23.534796],[-46.695791,-23.534875],[-46.695995,-23.534935],[-46.696282,-23.534999],[-46.696401,-23.535001],[-46.696757,-23.534936],[-46.696876,-23.534908],[-46.697011,-23.534864],[-46.697153,-23.534802],[-46.697289,-23.534709],[-46.697403,-23.534613],[-46.697612,-23.534405],[-46.69776,-23.534235],[-46.697797,-23.53415],[-46.697853,-23.534057],[-46.697925,-23.534002],[-46.69788,-23.534226],[-46.697777,-23.534938],[-46.69772,-23.535208],[-46.697511,-23.535847],[-46.697469,-23.536023],[-46.697457,-23.536148],[-46.697472,-23.536271],[-46.697604,-23.536629],[-46.697595,-23.536854],[-46.697585,-23.537681],[-46.69726,-23.540468],[-46.697202,-23.540646]]],[[[-46.719294,-23.536479],[-46.719145,-23.536371],[-46.71894,-23.536131],[-46.718785,-23.536014],[-46.718728,-23.535981],[-46.7185897,-23.5359405],[-46.7172968,-23.5357448],[-46.716036,-23.535554],[-46.7149563,-23.5353893],[-46.714476,-23.535314],[-46.714221,-23.535285],[-46.7134598,-23.5352843],[-46.713136,-23.535284],[-46.712356,-23.53535],[-46.711342,-23.535525],[-46.710929,-23.535614],[-46.710447,-23.535731],[-46.7098341,-23.5359593],[-46.709749,-23.535991],[-46.709476,-23.536168],[-46.70939,-23.536263],[-46.709348,-23.536327],[-46.709313,-23.53642],[-46.709286,-23.536626],[-46.709288,-23.536685],[-46.709331,-23.536959],[-46.709331,-23.53702],[-46.709305,-23.537129],[-46.709257,-23.537211],[-46.7091655,-23.5373212],[-46.709135,-23.537358],[-46.708758,-23.53778],[-46.708355,-23.538253],[-46.70815,-23.538449],[-46.707995,-23.538561],[-46.707825,-23.538638],[-46.707681,-23.5386828],[-46.707555,-23.538722],[-46.706772,-23.538808],[-46.70644,-23.538855],[-46.706251,-23.538933],[-46.706049,-23.539091],[-46.705753,-23.539457],[-46.705632,-23.539593],[-46.705513,-23.539684],[-46.705232,-23.539851],[-46.704856,-23.540021],[-46.704584,-23.540108],[-46.704285,-23.5401544],[-46.703888,-23.540216],[-46.703545,-23.540281],[-46.70257,-23.540539],[-46.702389,-23.540574],[-46.701684,-23.540733],[-46.699956,-23.540936],[-46.699029,-23.541028],[-46.69872,-23.541025],[-46.6981815,-23.5408733],[-46.6974314,-23.5407063],[-46.697394,-23.540698],[-46.697202,-23.540646]]],[[[-46.7262422,-23.5146778],[-46.7260058,-23.5159856],[-46.725617,-23.5172554],[-46.7254272,-23.5176525],[-46.7252465,-23.5179559],[-46.7250886,-23.5181521],[-46.7248779,-23.5184182],[-46.724601,-23.518672],[-46.7236649,-23.5194648],[-46.723592,-23.519634],[-46.723592,-23.519655],[-46.723473,-23.519762],[-46.723388,-23.519859],[-46.723221,-23.52009],[-46.72315,-23.520154],[-46.723033,-23.52033],[-46.722319,-23.52123],[-46.722243,-23.521312],[-46.722131,-23.521474],[-46.722213,-23.521585],[-46.722164,-23.521813],[-46.722024,-23.522322],[-46.721538,-23.52393],[-46.721355,-23.524577],[-46.721001,-23.525756],[-46.720848,-23.526305],[-46.72076,-23.526521],[-46.720693,-23.526631],[-46.720614,-23.526729],[-46.720484,-23.526956],[-46.720298,-23.527243],[-46.720172,-23.5273789],[-46.720144,-23.527436],[-46.720087,-23.52756],[-46.719923,-23.528353],[-46.719878,-23.528657],[-46.719888,-23.528716],[-46.719918,-23.528782],[-46.719963,-23.528839],[-46.720016,-23.528875],[-46.720071,-23.528899],[-46.719591,-23.530574],[-46.71946,-23.53098],[-46.7192142,-23.5318016],[-46.719159,-23.531986],[-46.719192,-23.532109],[-46.719397,-23.532653],[-46.719442,-23.532806],[-46.719468,-23.53293],[-46.719493,-23.53312],[-46.719491,-23.533455],[-46.719472,-23.533595],[-46.719383,-23.534156],[-46.719191,-23.535173],[-46.719152,-23.53558],[-46.719156,-23.535663],[-46.719132,-23.536139],[-46.719294,-23.536479]]],[[[-46.72043,-23.50926],[-46.720589,-23.509405],[-46.720971,-23.509822],[-46.722233,-23.51174],[-46.722511,-23.512107],[-46.722747,-23.512373],[-46.723044,-23.512654],[-46.723456,-23.512972],[-46.723736,-23.513174],[-46.724035,-23.513358],[-46.7262422,-23.5146778]]],[[[-46.7056412,-23.5087318],[-46.705882,-23.508755],[-46.706395,-23.508796],[-46.706801,-23.508802],[-46.707224,-23.508789],[-46.71318,-23.508356],[-46.71625,-23.508109],[-46.717088,-23.508067],[-46.717436,-23.508086],[-46.717898,-23.50814],[-46.718339,-23.508242],[-46.718906,-23.508413],[-46.719171,-23.508523],[-46.719466,-23.508659],[-46.720123,-23.509032],[-46.720362,-23.509199],[-46.72043,-23.50926]]]]},"properties":{"name":"Lapa","admin_level":"9"}},{"type":"Feature","geometry":{"type":"MultiPolygon","coordinates":[[[[-46.6733446,-23.4797268],[-46.673385,-23.4798953],[-46.673387,-23.479906],[-46.673436,-23.48011],[-46.67353,-23.480344],[-46.673662,-23.480582],[-46.673806,-23.48077],[-46.673999,-23.48095],[-46.6741473,-23.4810682],[-46.674522,-23.481276],[-46.6754797,-23.4817344],[-46.6765613,-23.4822522],[-46.677714,-23.482804],[-46.678296,-23.483059],[-46.678577,-23.483226],[-46.678796,-23.483381],[-46.6789928,-23.4835685],[-46.679586,-23.484113],[-46.6806927,-23.4852852],[-46.6814962,-23.4861362],[-46.6825786,-23.4872668],[-46.683338,-23.48806],[-46.6834991,-23.4882326],[-46.683954,-23.48872],[-46.6842146,-23.4890231],[-46.684224,-23.489034],[-46.684569,-23.489466],[-46.684721,-23.489697],[-46.684843,-23.489948],[-46.685035,-23.490393],[-46.685178,-23.490832],[-46.68527,-23.491225],[-46.685314,-23.491597],[-46.685315,-23.491801],[-46.685291,-23.491996],[-46.685243,-23.492273],[-46.68505,-23.493309],[-46.684808,-23.49448],[-46.684573,-23.495513],[-46.684453,-23.496201],[-46.684445,-23.496459],[-46.68445,-23.496694],[-46.684546,-23.497255],[-46.684606,-23.497457],[-46.684686,-23.497646],[-46.684813,-23.49787],[-46.685078,-23.498286],[-46.6851128,-23.498337],[-46.6855409,-23.4989645],[-46.685679,-23.499167],[-46.685939,-23.499567],[-46.68612,-23.499878],[-46.6861285,-23.4998926],[-46.6861358,-23.4999051],[-46.6867091,-23.5008843],[-46.6868447,-23.5011159],[-46.6869542,-23.5013095],[-46.6872709,-23.5019359],[-46.6874166,-23.5022508],[-46.6876685,-23.5027862],[-46.6877981,-23.503056],[-46.6879135,-23.5033215],[-46.6880792,-23.5036955],[-46.688605,-23.504882],[-46.688739,-23.505261],[-46.688825,-23.505556],[-46.689299,-23.507564],[-46.6893316,-23.5078322],[-46.689613,-23.509038]]],[[[-46.689613,-23.509038],[-46.687935,-23.509346],[-46.684807,-23.509945],[-46.684259,-23.510077],[-46.68376,-23.510218],[-46.683265,-23.510407],[-46.682723,-23.510675],[-46.682111,-23.511033],[-46.680043,-23.512642],[-46.67959,-23.512962],[-46.679233,-23.513162],[-46.678629,-23.513447],[-46.678051,-23.51367],[-46.677521,-23.513831],[-46.676968,-23.513943],[-46.675635,-23.514101],[-46.670999,-23.514696]]],[[[-46.670999,-23.514696],[-46.6708803,-23.5138887],[-46.6708627,-23.5137152],[-46.670851,-23.5136],[-46.670814,-23.513018],[-46.670758,-23.512201],[-46.6706414,-23.509983],[-46.6706308,-23.5098005],[-46.6705699,-23.508751],[-46.670471,-23.507615],[-46.6704488,-23.5073876],[-46.6704439,-23.507346]]],[[[-46.6704439,-23.507346],[-46.670432,-23.507306],[-46.670397,-23.50718],[-46.670327,-23.507038],[-46.670211,-23.506867],[-46.6701122,-23.5067109],[-46.669933,-23.50658],[-46.669745,-23.506445],[-46.669134,-23.505979],[-46.6688029,-23.5056836],[-46.6686468,-23.5055151],[-46.6685549,-23.5053579],[-46.668298,-23.504943],[-46.66778,-23.503967],[-46.6677272,-23.503852],[-46.667645,-23.5037607],[-46.667597,-23.503726],[-46.6672206,-23.5033121],[-46.667099,-23.503173],[-46.666173,-23.502074],[-46.665834,-23.501718],[-46.665489,-23.501296],[-46.665124,-23.50084],[-46.6647169,-23.5003198],[-46.664326,-23.499806],[-46.66425,-23.499688],[-46.663851,-23.498682],[-46.663762,-23.498493],[-46.663737,-23.498455],[-46.663836,-23.498364],[-46.664247,-23.498002],[-46.664414,-23.497852],[-46.664627,-23.497678],[-46.664799,-23.497552],[-46.664843,-23.497525],[-46.665272,-23.497224],[-46.665698,-23.496983],[-46.665754,-23.496952],[-46.665801,-23.496927],[-46.6659429,-23.4968489],[-46.666303,-23.496659],[-46.666418,-23.496551],[-46.666524,-23.496366],[-46.666542,-23.496139],[-46.666491,-23.495842],[-46.666497,-23.49574],[-46.666525,-23.495586],[-46.66658,-23.495315],[-46.66673,-23.494553],[-46.666841,-23.494046],[-46.66707,-23.492918],[-46.667274,-23.491962],[-46.667336,-23.491661],[-46.6667966,-23.491583],[-46.666677,-23.491546],[-46.666651,-23.491543],[-46.666353,-23.491128],[-46.665511,-23.490026],[-46.66557,-23.489829],[-46.665672,-23.489377],[-46.665723,-23.48917],[-46.665724,-23.489121],[-46.665708,-23.489071],[-46.665594,-23.488857],[-46.665524,-23.488751],[-46.665438,-23.488636],[-46.665108,-23.488224],[-46.664929,-23.48787],[-46.6647571,-23.4875353],[-46.664715,-23.487501],[-46.664704,-23.487428],[-46.664743,-23.487149],[-46.664743,-23.487118],[-46.664777,-23.486903],[-46.664795,-23.486722],[-46.66487,-23.486142],[-46.664869,-23.486009],[-46.664849,-23.485944],[-46.66467,-23.485617],[-46.664293,-23.484854],[-46.664087,-23.484459],[-46.663932,-23.484148],[-46.663301,-23.483755],[-46.662951,-23.483502],[-46.662745,-23.483303]]],[[[-46.6733446,-23.4797268],[-46.67328,-23.479756],[-46.6731597,-23.4798238],[-46.67303,-23.479886],[-46.673065,-23.479955],[-46.673112,-23.480096],[-46.6731183,-23.480273],[-46.673121,-23.480347],[-46.673111,-23.4806921],[-46.673056,-23.481576],[-46.67306,-23.481817],[-46.673045,-23.482041],[-46.673058,-23.482177],[-46.6731514,-23.4822645],[-46.673097,-23.482266],[-46.6729447,-23.4822469],[-46.6728076,-23.4822322],[-46.6715116,-23.4820978],[-46.6713798,-23.4820786],[-46.6710813,-23.4820412],[-46.670791,-23.482015],[-46.670537,-23.481991],[-46.670266,-23.481951],[-46.6700868,-23.4819095],[-46.6698363,-23.4818766],[-46.6692377,-23.4818024],[-46.668817,-23.4817541],[-46.6685905,-23.4817215],[-46.6681967,-23.4816728],[-46.6681153,-23.481666],[-46.6680542,-23.4816581],[-46.6678206,-23.481628],[-46.6676447,-23.4816053],[-46.667351,-23.481588],[-46.667268,-23.4816],[-46.667138,-23.481641],[-46.667066,-23.481678],[-46.666633,-23.481945],[-46.666427,-23.481987],[-46.665922,-23.482058],[-46.665819,-23.482079],[-46.66565,-23.482133],[-46.665505,-23.482192],[-46.665322,-23.482315],[-46.664288,-23.483048],[-46.66418,-23.483094],[-46.664039,-23.483131],[-46.663709,-23.483191],[-46.6629118,-23.4832558],[-46.662818,-23.483274],[-46.662745,-23.483303]]]]},"properties":{"name":"Limão","admin_level":"9"}},{"type":"Feature","geometry":{"type":"MultiPolygon","coordinates":[[[[-46.655395,-23.481721],[-46.654399,-23.48099],[-46.654064,-23.480781],[-46.654087,-23.480747],[-46.654124,-23.480629],[-46.654142,-23.480526],[-46.654114,-23.480375],[-46.654082,-23.480298],[-46.653573,-23.480104],[-46.652132,-23.479544],[-46.651984,-23.479457],[-46.651763,-23.47938],[-46.651277,-23.479203],[-46.651058,-23.4791],[-46.650851,-23.478983],[-46.650779,-23.4788],[-46.650715,-23.478311],[-46.650633,-23.478009],[-46.650519,-23.477733],[-46.650309,-23.477268],[-46.650316,-23.477134],[-46.650458,-23.476251],[-46.650439,-23.476044],[-46.650378,-23.475776],[-46.650334,-23.475662],[-46.650271,-23.475556],[-46.649892,-23.474933],[-46.649837,-23.474824],[-46.649781,-23.474637],[-46.649743,-23.474217],[-46.64973,-23.474046],[-46.649734,-23.4739157],[-46.649747,-23.473766],[-46.649813,-23.473546],[-46.650039,-23.47297],[-46.650137,-23.47275],[-46.650283,-23.47252],[-46.6503459,-23.4724339],[-46.650398,-23.472378],[-46.650556,-23.472254],[-46.650905,-23.472027],[-46.651053,-23.471905],[-46.651152,-23.471814],[-46.651241,-23.471708],[-46.651319,-23.471575],[-46.651505,-23.471212],[-46.651441,-23.471152],[-46.650978,-23.471068],[-46.650866,-23.471045],[-46.650688,-23.470995],[-46.650459,-23.470921],[-46.650025,-23.470724],[-46.649587,-23.470498],[-46.649195,-23.470291],[-46.649084,-23.470214],[-46.648904,-23.470081],[-46.648649,-23.4699],[-46.648572,-23.469866],[-46.648424,-23.469816],[-46.647628,-23.469653],[-46.6474231,-23.4696169],[-46.6471017,-23.4695309],[-46.64699,-23.469501],[-46.646651,-23.4694294],[-46.646423,-23.469401],[-46.6459748,-23.4693561],[-46.6460327,-23.4692408],[-46.6463728,-23.4685632],[-46.646587,-23.468138],[-46.6467867,-23.4677428],[-46.6470535,-23.4672149],[-46.6471736,-23.4669772],[-46.6476012,-23.4661308],[-46.6481004,-23.4651428],[-46.648405,-23.46454],[-46.648825,-23.464577],[-46.6487942,-23.4644734],[-46.6486977,-23.4641485],[-46.648648,-23.463981],[-46.64862,-23.463923],[-46.648486,-23.46376],[-46.648308,-23.463579],[-46.648246,-23.463493],[-46.6478838,-23.4626662],[-46.6478504,-23.4625901],[-46.647715,-23.462281],[-46.6476425,-23.4620967],[-46.647382,-23.461435],[-46.6483294,-23.4586629],[-46.648438,-23.458439],[-46.648496,-23.458364],[-46.648565,-23.458227],[-46.648624,-23.45807],[-46.648669,-23.457903],[-46.648712,-23.457685],[-46.648738,-23.457422],[-46.648716,-23.457261],[-46.648643,-23.456872],[-46.648778,-23.456791],[-46.648789,-23.456792],[-46.648993,-23.456633],[-46.64912,-23.456579],[-46.649182,-23.456519],[-46.649276,-23.456374],[-46.64941,-23.456149],[-46.649545,-23.455908],[-46.649616,-23.455772],[-46.649655,-23.455732],[-46.649873,-23.455545],[-46.650726,-23.454935],[-46.651051,-23.454709],[-46.651441,-23.454501],[-46.6514755,-23.4544827],[-46.651528,-23.4544606],[-46.651653,-23.454411],[-46.651907,-23.454291],[-46.652005,-23.454222],[-46.65215,-23.454097],[-46.65215,-23.453989],[-46.652121,-23.453604],[-46.652087,-23.453521],[-46.652039,-23.453248],[-46.65191,-23.45255],[-46.651844,-23.452157],[-46.651717,-23.451425],[-46.651676,-23.451158],[-46.651668,-23.451026],[-46.651715,-23.450862],[-46.651753,-23.450789],[-46.651924,-23.450598],[-46.652109,-23.450369],[-46.652216,-23.450173],[-46.652298,-23.450032],[-46.652399,-23.449842],[-46.652711,-23.449275],[-46.652814,-23.449065],[-46.652822,-23.449029],[-46.652812,-23.448931],[-46.652799,-23.44889],[-46.65277,-23.448849],[-46.652713,-23.448799],[-46.652394,-23.448594],[-46.652305,-23.448522],[-46.652193,-23.448396],[-46.652161,-23.448338],[-46.652093,-23.448149],[-46.652074,-23.448057],[-46.652069,-23.447968],[-46.652083,-23.447887],[-46.65211,-23.447805],[-46.652154,-23.447724],[-46.65228,-23.447533],[-46.652311,-23.447463],[-46.652325,-23.447384],[-46.652325,-23.4473],[-46.652301,-23.447194],[-46.652267,-23.447081],[-46.652239,-23.446948],[-46.65222,-23.446815],[-46.6522171,-23.4467143],[-46.652233,-23.44663],[-46.652275,-23.446528],[-46.652318,-23.446448],[-46.652384,-23.44636],[-46.652519,-23.44625],[-46.652586,-23.446215],[-46.652719,-23.446185],[-46.652887,-23.446178],[-46.653126,-23.446177],[-46.653307,-23.44617],[-46.653501,-23.446151],[-46.653603,-23.446121],[-46.653709,-23.446064],[-46.653777,-23.446003],[-46.653833,-23.445931],[-46.653935,-23.445633],[-46.653991,-23.445479],[-46.654117,-23.445089],[-46.654159,-23.444933],[-46.654178,-23.444826],[-46.654181,-23.444725],[-46.654171,-23.444612],[-46.654122,-23.444406],[-46.65408,-23.444318],[-46.654029,-23.444238],[-46.65395,-23.444141],[-46.653702,-23.443866],[-46.653611,-23.443756],[-46.653529,-23.443647],[-46.65344,-23.443547],[-46.653357,-23.44341],[-46.65333,-23.443252],[-46.653337,-23.443174],[-46.653361,-23.443097],[-46.65345,-23.442941],[-46.653661,-23.442671],[-46.6538,-23.442471],[-46.653996,-23.442209],[-46.65406,-23.442103],[-46.654109,-23.441988],[-46.654139,-23.441866],[-46.654157,-23.441725],[-46.654185,-23.44142],[-46.654208,-23.441211],[-46.654241,-23.441041],[-46.654309,-23.440881],[-46.654389,-23.440741],[-46.654517,-23.440539],[-46.654605,-23.440407],[-46.654768,-23.440135],[-46.65486,-23.439933],[-46.654889,-23.439785],[-46.654893,-23.439636],[-46.65481,-23.439417],[-46.6547,-23.439152],[-46.654532,-23.43878],[-46.654413,-23.43853],[-46.65433,-23.438395],[-46.654219,-23.438246],[-46.654119,-23.438141],[-46.654021,-23.438065],[-46.65386,-23.437979],[-46.653654,-23.437877],[-46.653477,-23.437828],[-46.65332,-23.437778],[-46.652912,-23.43766],[-46.652638,-23.437556],[-46.652499,-23.437464],[-46.652192,-23.43711],[-46.652078,-23.436938],[-46.651968,-23.436727],[-46.651899,-23.436521],[-46.651802,-23.436007],[-46.651751,-23.435884],[-46.651694,-23.435769],[-46.651607,-23.43564],[-46.651516,-23.435541],[-46.65121,-23.435313],[-46.651123,-23.435207],[-46.651062,-23.435083],[-46.651022,-23.434972],[-46.651005,-23.434839],[-46.650997,-23.434491],[-46.651005,-23.434296],[-46.651015,-23.433908],[-46.651022,-23.433738],[-46.651024,-23.433554],[-46.651017,-23.433403],[-46.651009,-23.433094],[-46.651013,-23.432834],[-46.651033,-23.432722],[-46.651121,-23.43243],[-46.65117,-23.432312],[-46.651275,-23.432101],[-46.651339,-23.431991],[-46.651506,-23.431764],[-46.651788,-23.431508],[-46.651868,-23.431427],[-46.651974,-23.43135],[-46.652178,-23.431193],[-46.652316,-23.4311],[-46.652523,-23.430954],[-46.652609,-23.430889],[-46.65267,-23.430824],[-46.652762,-23.430697],[-46.652805,-23.430651],[-46.652869,-23.430609],[-46.652971,-23.430572],[-46.653054,-23.430567],[-46.653119,-23.430574],[-46.653314,-23.43062],[-46.653705,-23.430763],[-46.653888,-23.430814],[-46.653981,-23.430823],[-46.654261,-23.430789],[-46.6543483,-23.4307734],[-46.6544346,-23.4307408],[-46.6545617,-23.4306542],[-46.6546079,-23.4306043]]],[[[-46.655395,-23.481721],[-46.655287,-23.481757],[-46.655138,-23.481846],[-46.655049,-23.4819355],[-46.654732,-23.482298],[-46.654569,-23.482452],[-46.653932,-23.483388],[-46.65345,-23.48408],[-46.653229,-23.484422],[-46.653181,-23.484599],[-46.653144,-23.484854],[-46.653142,-23.484954],[-46.653076,-23.485106],[-46.652917,-23.485445],[-46.652833,-23.485749],[-46.6528477,-23.4859943],[-46.652851,-23.48633],[-46.6528385,-23.4864315],[-46.652784,-23.48667],[-46.652785,-23.486673],[-46.652709,-23.486936],[-46.652621,-23.487224],[-46.652564,-23.487384],[-46.652484,-23.487514],[-46.652279,-23.487787],[-46.652126,-23.487966],[-46.651832,-23.488252],[-46.6516905,-23.4883625],[-46.6516457,-23.4883798],[-46.6516087,-23.4883925],[-46.6513366,-23.4886759]]],[[[-46.631503,-23.482785],[-46.6316424,-23.4828011],[-46.631799,-23.4827815],[-46.632381,-23.482915],[-46.632713,-23.482971],[-46.6331993,-23.4829847],[-46.633282,-23.482985],[-46.6337092,-23.4829992],[-46.63467,-23.482998],[-46.635262,-23.483105],[-46.635521,-23.483184],[-46.635882,-23.483322],[-46.636094,-23.483417],[-46.636297,-23.483537],[-46.636519,-23.483694],[-46.636699,-23.48384],[-46.636932,-23.484055],[-46.637165,-23.484316],[-46.637356,-23.484591],[-46.637618,-23.484958],[-46.637739,-23.48512],[-46.637847,-23.485235],[-46.638028,-23.485388],[-46.638164,-23.485489],[-46.63841,-23.485637],[-46.6395293,-23.4861872],[-46.6404657,-23.4866013],[-46.640689,-23.486631],[-46.6417249,-23.4866868],[-46.6417875,-23.4866892],[-46.6418207,-23.4866904],[-46.6445939,-23.486815],[-46.6446432,-23.4868185],[-46.6447118,-23.4868225],[-46.645163,-23.486846],[-46.645359,-23.486868],[-46.645633,-23.486921],[-46.645914,-23.487001],[-46.646078,-23.487054],[-46.646334,-23.487164],[-46.646786,-23.487406],[-46.646923,-23.487502],[-46.6470982,-23.4876677],[-46.647574,-23.48798],[-46.647705,-23.488051],[-46.6478169,-23.4880936],[-46.648319,-23.488189],[-46.649033,-23.488284],[-46.649406,-23.488346],[-46.6501418,-23.4884702],[-46.650289,-23.4884933],[-46.6513366,-23.4886759]]],[[[-46.6220109,-23.481922],[-46.62203,-23.481991],[-46.622132,-23.482347],[-46.622138,-23.482379],[-46.62221,-23.482349],[-46.622884,-23.481812],[-46.623197,-23.481556],[-46.623299,-23.481431],[-46.623668,-23.480992],[-46.623749,-23.480926],[-46.623919,-23.480843],[-46.624371,-23.480642],[-46.624437,-23.480582],[-46.62457,-23.48048],[-46.624848,-23.480423],[-46.625338,-23.480334],[-46.6254964,-23.480326],[-46.625929,-23.480356],[-46.626277,-23.480387],[-46.6263448,-23.4803919],[-46.626512,-23.480442],[-46.626641,-23.480505],[-46.626697,-23.480553],[-46.626883,-23.480743],[-46.627034,-23.480871],[-46.627264,-23.480986],[-46.627775,-23.481166],[-46.628011,-23.481276],[-46.62823,-23.481407],[-46.628535,-23.481643],[-46.629243,-23.482243],[-46.629646,-23.48254],[-46.6300018,-23.4827582],[-46.630211,-23.482849],[-46.6303527,-23.4829048],[-46.630412,-23.482896],[-46.630663,-23.482851],[-46.6311776,-23.4827899],[-46.631503,-23.482785]]],[[[-46.6218099,-23.4792964],[-46.621909,-23.479508],[-46.6219179,-23.48005],[-46.621848,-23.481027],[-46.621832,-23.481283],[-46.621956,-23.481724],[-46.6220109,-23.481922]]],[[[-46.6218099,-23.4792964],[-46.621748,-23.479155],[-46.62159,-23.478873],[-46.621312,-23.478595],[-46.621166,-23.47838],[-46.620689,-23.477504],[-46.620279,-23.476971],[-46.619847,-23.476543],[-46.619649,-23.476316],[-46.619549,-23.476107],[-46.6193115,-23.475594],[-46.619208,-23.4753354],[-46.6190395,-23.4749297],[-46.6189836,-23.4748354],[-46.618893,-23.474581],[-46.618811,-23.474403],[-46.618595,-23.473962],[-46.619212,-23.473786],[-46.620762,-23.47341],[-46.621048,-23.473316],[-46.621299,-23.473242],[-46.621597,-23.473168],[-46.621974,-23.473101],[-46.623151,-23.472903],[-46.624441,-23.472587],[-46.625045,-23.472484],[-46.625839,-23.472312],[-46.62618,-23.472255],[-46.626627,-23.472122],[-46.627026,-23.471989],[-46.627188,-23.471967],[-46.627357,-23.471963],[-46.627786,-23.471978],[-46.627499,-23.471475],[-46.627387,-23.47125],[-46.627334,-23.471011],[-46.627282,-23.470522],[-46.62728,-23.470375],[-46.627339,-23.470199],[-46.627552,-23.469836],[-46.627734,-23.469667],[-46.628015,-23.469496],[-46.628684,-23.469467],[-46.629322,-23.469438],[-46.630428,-23.469409],[-46.63046,-23.469229],[-46.630584,-23.468617],[-46.630607,-23.468424],[-46.630693,-23.468021],[-46.630801,-23.467476],[-46.630812,-23.467369],[-46.630813,-23.467223],[-46.63082,-23.467084],[-46.630794,-23.466955],[-46.630748,-23.466832],[-46.630683,-23.466729],[-46.630624,-23.46666],[-46.630509,-23.46655],[-46.630437,-23.466497],[-46.630256,-23.466383],[-46.630142,-23.466293],[-46.630074,-23.466224],[-46.62996,-23.46608],[-46.629878,-23.465878],[-46.629863,-23.465768],[-46.629833,-23.46542],[-46.629829,-23.465288],[-46.629796,-23.465154],[-46.629739,-23.465028],[-46.62968,-23.464926],[-46.629622,-23.464852],[-46.629501,-23.464785],[-46.629379,-23.4647],[-46.629231,-23.464535],[-46.629158,-23.4644],[-46.629131,-23.46431],[-46.629129,-23.464167],[-46.629222,-23.463876],[-46.629257,-23.46369],[-46.629281,-23.46352],[-46.6293,-23.463194],[-46.629351,-23.462483],[-46.629368,-23.462429],[-46.629444,-23.462261],[-46.629517,-23.462085],[-46.629538,-23.461995]]],[[[-46.629538,-23.461995],[-46.629562,-23.462007],[-46.629597,-23.462007],[-46.629744,-23.461954],[-46.629873,-23.461888],[-46.630014,-23.461767],[-46.630102,-23.461621],[-46.630121,-23.461553],[-46.630129,-23.461242],[-46.630131,-23.460929],[-46.630127,-23.460577],[-46.630132,-23.460489],[-46.630154,-23.460422],[-46.630246,-23.460269],[-46.630372,-23.460126],[-46.630607,-23.459873],[-46.63072,-23.459781],[-46.630839,-23.459694],[-46.631132,-23.45957],[-46.63124,-23.459535],[-46.631339,-23.459518],[-46.631956,-23.459485],[-46.632158,-23.459465],[-46.632866,-23.459321],[-46.633146,-23.459255],[-46.633217,-23.459205],[-46.63341,-23.458985],[-46.633526,-23.4589],[-46.633628,-23.458812],[-46.633708,-23.458716],[-46.63374,-23.458588],[-46.633757,-23.458348],[-46.633781,-23.458181],[-46.633821,-23.457978],[-46.633896,-23.457538],[-46.633911,-23.4574725],[-46.63394,-23.457356],[-46.633995,-23.457177],[-46.63413,-23.456906],[-46.634201,-23.4567495],[-46.634253,-23.456651],[-46.634391,-23.456459],[-46.634543,-23.456281],[-46.634794,-23.455979],[-46.635046,-23.455656],[-46.635538,-23.454986],[-46.6356,-23.454895],[-46.6357964,-23.4546699],[-46.635815,-23.454642],[-46.635841,-23.454597],[-46.63587,-23.454509],[-46.635932,-23.454355],[-46.636135,-23.453369],[-46.636243,-23.452996],[-46.63632,-23.452815],[-46.636647,-23.452405],[-46.636694,-23.452276],[-46.636708,-23.452182],[-46.636637,-23.451932],[-46.636445,-23.451593],[-46.636385,-23.451465],[-46.636384,-23.451317],[-46.636399,-23.451206],[-46.636463,-23.450895],[-46.636502,-23.450685],[-46.636599,-23.450371],[-46.636618,-23.450298],[-46.636635,-23.450109],[-46.636612,-23.450023],[-46.636593,-23.449987],[-46.636512,-23.449905],[-46.636356,-23.449787],[-46.636243,-23.449694],[-46.636177,-23.449621],[-46.636057,-23.449523],[-46.636002,-23.449466],[-46.635945,-23.449381],[-46.635869,-23.449287],[-46.635863,-23.449264],[-46.635856,-23.449114],[-46.635873,-23.449013],[-46.635908,-23.448937],[-46.635986,-23.448821],[-46.636394,-23.448396],[-46.637411,-23.447485],[-46.63753,-23.447345],[-46.637615,-23.447191],[-46.637643,-23.447069],[-46.637641,-23.446878],[-46.637586,-23.44667],[-46.637512,-23.446528],[-46.637417,-23.446408],[-46.636767,-23.445959],[-46.636534,-23.445722],[-46.636514,-23.445614],[-46.636496,-23.445378],[-46.636493,-23.445163],[-46.636473,-23.445069],[-46.636404,-23.444969],[-46.636183,-23.44477],[-46.636092,-23.444649],[-46.635657,-23.443906],[-46.635481,-23.443682],[-46.635188,-23.443428],[-46.63484,-23.443195],[-46.63464,-23.443058],[-46.633475,-23.44233],[-46.633212,-23.442086],[-46.632966,-23.441658],[-46.632526,-23.440849],[-46.632304,-23.440553],[-46.631473,-23.439392],[-46.631406,-23.439212],[-46.631394,-23.439107],[-46.6314,-23.439031],[-46.631543,-23.438724],[-46.631591,-23.438605],[-46.631636,-23.438309],[-46.6316623,-23.4381071],[-46.631712,-23.437979],[-46.631785,-23.437848],[-46.631921,-23.437755],[-46.632095,-23.437646],[-46.632244,-23.437572],[-46.632438,-23.437502],[-46.63263,-23.437445],[-46.632794,-23.437386],[-46.632867,-23.437288],[-46.632895,-23.437114],[-46.632842,-23.43697],[-46.63276,-23.436682],[-46.632758,-23.436596],[-46.632778,-23.436219],[-46.632772,-23.436132],[-46.632684,-23.435879],[-46.632624,-23.435734],[-46.632592,-23.435623],[-46.632598,-23.435536],[-46.632714,-23.435276],[-46.632803,-23.4351],[-46.632916,-23.434945],[-46.633258,-23.434595],[-46.633383,-23.434471],[-46.633495,-23.434343],[-46.633593,-23.434213],[-46.633755,-23.43385],[-46.633897,-23.433585],[-46.633963,-23.433434],[-46.634031,-23.433256],[-46.634076,-23.433107],[-46.634103,-23.432946],[-46.634106,-23.432879],[-46.634093,-23.432787],[-46.634054,-23.43263],[-46.633982,-23.432468],[-46.633942,-23.432323],[-46.633831,-23.4319985],[-46.633785,-23.431843],[-46.633766,-23.431707],[-46.633766,-23.431583],[-46.633795,-23.431481],[-46.633866,-23.431365],[-46.633948,-23.431273],[-46.634047,-23.431184],[-46.634113,-23.43114],[-46.634146,-23.431105],[-46.634166,-23.431051],[-46.634169,-23.430994],[-46.634124,-23.430853],[-46.634058,-23.430745],[-46.633959,-23.430633],[-46.633892,-23.43051],[-46.633815,-23.430327],[-46.633775,-23.430188],[-46.633789,-23.430001],[-46.633838,-23.429745],[-46.633851,-23.429565],[-46.633859,-23.429191],[-46.6338087,-23.4288063]]],[[[-46.6338087,-23.4288063],[-46.6346468,-23.4285082],[-46.6352968,-23.4278055],[-46.6388619,-23.4271813],[-46.6424239,-23.4274471],[-46.6456104,-23.4281657],[-46.647563,-23.4291895],[-46.6491781,-23.4291559],[-46.6500017,-23.4291749],[-46.6504893,-23.4288991],[-46.6507763,-23.4285792],[-46.6510697,-23.4285102]]],[[[-46.6510697,-23.4285102],[-46.6512752,-23.4288155],[-46.651502,-23.4290291],[-46.652186,-23.4293914],[-46.6537542,-23.4300746],[-46.6543359,-23.4304953],[-46.6546079,-23.4306043]]]]},"properties":{"name":"Mandaqui","admin_level":"9"}},{"type":"Feature","geometry":{"type":"MultiPolygon","coordinates":[[[[-46.67581,-23.552015],[-46.675072,-23.550504],[-46.674882,-23.55016],[-46.674569,-23.549473],[-46.674041,-23.548357],[-46.6736859,-23.5483239],[-46.673526,-23.5483197],[-46.6733548,-23.5483023],[-46.673143,-23.5482857],[-46.6729268,-23.5482436],[-46.6726664,-23.5481616],[-46.672328,-23.547999],[-46.67214,-23.547886],[-46.671925,-23.547751],[-46.67176,-23.547623],[-46.671487,-23.547377],[-46.67113,-23.54708],[-46.670799,-23.546842],[-46.670503,-23.546634],[-46.670265,-23.546486],[-46.6700575,-23.546381],[-46.668918,-23.54581],[-46.668414,-23.545587],[-46.668052,-23.54545],[-46.667598,-23.545319],[-46.667228,-23.545217],[-46.666793,-23.545129],[-46.666534,-23.545041],[-46.666378,-23.544963],[-46.666162,-23.544827],[-46.665932,-23.544295],[-46.665643,-23.543553],[-46.665575,-23.543418],[-46.665452,-23.543209],[-46.665365,-23.543029],[-46.664812,-23.541759],[-46.6645154,-23.5410421],[-46.664081,-23.540028],[-46.664018,-23.539808],[-46.663951,-23.539508],[-46.663929,-23.539371],[-46.663884,-23.538989],[-46.663822,-23.538068],[-46.663748,-23.537791],[-46.663618,-23.53746],[-46.663427,-23.537046]]],[[[-46.663427,-23.537046],[-46.663484,-23.536996],[-46.663581,-23.536822],[-46.663799,-23.536212],[-46.663903,-23.535942],[-46.663427,-23.534989],[-46.665123,-23.533927],[-46.665316,-23.533833],[-46.666568,-23.533565],[-46.66919,-23.533003],[-46.6729662,-23.5322827]]],[[[-46.6729662,-23.5322827],[-46.6735659,-23.5319026],[-46.6736131,-23.5318727],[-46.6736876,-23.5318288],[-46.6737673,-23.5317817],[-46.6740566,-23.5316157],[-46.6741303,-23.5315733],[-46.6743717,-23.5314319],[-46.6746834,-23.531252],[-46.6747586,-23.5312087],[-46.674825,-23.5311703],[-46.6750704,-23.5310286],[-46.6756055,-23.5307286],[-46.6761111,-23.5304396],[-46.6762848,-23.5303282],[-46.6764638,-23.5302134],[-46.6767686,-23.530019]]],[[[-46.6767686,-23.530019],[-46.6777915,-23.5294313]]],[[[-46.6777915,-23.5294313],[-46.6778359,-23.5294138],[-46.677994,-23.5293514],[-46.6781965,-23.5292543],[-46.6784969,-23.5291018],[-46.6786431,-23.5290208],[-46.6787784,-23.5289487],[-46.678858,-23.5289049]]],[[[-46.678858,-23.5289049],[-46.6791767,-23.5287076],[-46.6793311,-23.528612],[-46.6795222,-23.5284913],[-46.6795877,-23.5284531],[-46.6796569,-23.5284011],[-46.6796939,-23.5283719],[-46.6799406,-23.5281839],[-46.6801215,-23.5280486],[-46.6804502,-23.527814],[-46.6804911,-23.5277849],[-46.6806274,-23.527688],[-46.6806847,-23.5276473],[-46.6807475,-23.5276054],[-46.681015,-23.5274267],[-46.6811262,-23.5273465],[-46.6811262,-23.5273464],[-46.6812011,-23.5272891],[-46.6813274,-23.5271926],[-46.6813682,-23.5271615],[-46.6814913,-23.5270626],[-46.6815354,-23.5270272]]],[[[-46.6815354,-23.5270272],[-46.6816099,-23.5269644],[-46.6816932,-23.5268942],[-46.682132,-23.5265244],[-46.6821609,-23.5264994],[-46.6821742,-23.5264879],[-46.6822279,-23.5264415]]],[[[-46.6822279,-23.5264415],[-46.682305,-23.526314],[-46.682456,-23.525255],[-46.682533,-23.525002],[-46.682652,-23.5249],[-46.682965,-23.52468],[-46.683609,-23.524312],[-46.683917,-23.52419],[-46.685091,-23.52381],[-46.685283,-23.523649]]],[[[-46.685283,-23.523649],[-46.685304,-23.523803],[-46.685365,-23.526108],[-46.68607,-23.526077],[-46.687482,-23.526061],[-46.688327,-23.527269],[-46.6886991,-23.5276975],[-46.68965,-23.529114],[-46.692216,-23.532706],[-46.692807,-23.532333],[-46.692939,-23.532254],[-46.6929815,-23.5322323],[-46.6930634,-23.5321984],[-46.693582,-23.5320912],[-46.693602,-23.532491],[-46.693618,-23.5326],[-46.693661,-23.532779],[-46.693694,-23.532879],[-46.693777,-23.533068],[-46.693857,-23.533217],[-46.694006,-23.533442],[-46.694069,-23.533514],[-46.694248,-23.533663],[-46.694839,-23.534072],[-46.694972,-23.534176],[-46.695338,-23.534491],[-46.695502,-23.534649],[-46.695673,-23.534796],[-46.695791,-23.534875],[-46.695995,-23.534935],[-46.696282,-23.534999],[-46.696401,-23.535001],[-46.696757,-23.534936],[-46.696876,-23.534908],[-46.697011,-23.534864],[-46.697153,-23.534802],[-46.697289,-23.534709],[-46.697403,-23.534613],[-46.697612,-23.534405],[-46.69776,-23.534235],[-46.697797,-23.53415],[-46.697853,-23.534057],[-46.697925,-23.534002],[-46.69788,-23.534226],[-46.697777,-23.534938],[-46.69772,-23.535208],[-46.697511,-23.535847],[-46.697469,-23.536023],[-46.697457,-23.536148],[-46.697472,-23.536271],[-46.697604,-23.536629],[-46.697595,-23.536854],[-46.697585,-23.537681],[-46.69726,-23.540468],[-46.697202,-23.540646]]],[[[-46.692853,-23.54498],[-46.693196,-23.544755],[-46.69361,-23.544414],[-46.693998,-23.544028],[-46.69478,-23.543212],[-46.694985,-23.543068],[-46.69612,-23.542371],[-46.696263,-23.542221],[-46.697169,-23.54075],[-46.697202,-23.540646]]],[[[-46.67746,-23.551021],[-46.678085,-23.55058],[-46.678258,-23.55047],[-46.678485,-23.550356],[-46.679436,-23.549979],[-46.679742,-23.549886],[-46.679938,-23.549847],[-46.680757,-23.549768],[-46.681164,-23.549691],[-46.68136,-23.549669],[-46.681568,-23.549653],[-46.683648,-23.549585],[-46.683866,-23.549562],[-46.684006,-23.549529],[-46.684133,-23.549478],[-46.684387,-23.549333],[-46.685141,-23.548604],[-46.685326,-23.548442],[-46.685513,-23.548306],[-46.68593,-23.548048],[-46.686436,-23.547861],[-46.686993,-23.547642],[-46.687179,-23.547586],[-46.687432,-23.547554],[-46.687628,-23.547567],[-46.687926,-23.547605],[-46.688261,-23.547608],[-46.688445,-23.54759],[-46.68925,-23.547413],[-46.689506,-23.547281],[-46.689767,-23.547126],[-46.691105,-23.546179],[-46.691987,-23.545516],[-46.692558,-23.545173],[-46.692853,-23.54498]]],[[[-46.67581,-23.552015],[-46.676178,-23.551826],[-46.676614,-23.551588],[-46.677121,-23.551261],[-46.67746,-23.551021]]]]},"properties":{"name":"Perdizes","admin_level":"9"}},{"type":"Feature","geometry":{"type":"MultiPolygon","coordinates":[[[[-46.761569,-23.431776],[-46.7613852,-23.4317726],[-46.7610853,-23.4317451],[-46.7605936,-23.4317242],[-46.7600759,-23.4316902],[-46.7599219,-23.4316224],[-46.7598198,-23.4315498],[-46.7597255,-23.4314226],[-46.7597114,-23.4313849],[-46.7589089,-23.4316945],[-46.7587023,-23.4318041],[-46.7586255,-23.4318575],[-46.7585837,-23.431905],[-46.7550484,-23.4314991],[-46.7548455,-23.4314976],[-46.7545407,-23.4314771],[-46.7536172,-23.4313946],[-46.7522181,-23.4313041],[-46.7515924,-23.4312313],[-46.7499793,-23.4311145],[-46.748812,-23.4310165],[-46.7479004,-23.4309222],[-46.7478401,-23.4307891],[-46.7478379,-23.4307028],[-46.7478656,-23.4306156],[-46.7478614,-23.4305551],[-46.7478164,-23.4305213],[-46.7478023,-23.4304994],[-46.7478081,-23.4304131],[-46.747791,-23.4303893],[-46.747762,-23.4303743],[-46.7476961,-23.4303821],[-46.7475991,-23.43037],[-46.7475751,-23.4303521],[-46.7475339,-23.4302667],[-46.7475156,-23.4301406],[-46.7475183,-23.4300524],[-46.7475322,-23.4300008],[-46.747571,-23.4299573],[-46.7476648,-23.429893],[-46.7478024,-23.429816],[-46.7479121,-23.429718],[-46.7480416,-23.4295675],[-46.7480644,-23.4295091],[-46.7480473,-23.4294674],[-46.7479821,-23.4293908],[-46.747951,-23.4293263],[-46.7479499,-23.4292787],[-46.7479688,-23.4292549],[-46.7480297,-23.4292392],[-46.7481196,-23.4292344],[-46.7482015,-23.4292187],[-46.7482743,-23.4291703],[-46.7482952,-23.4291356],[-46.7482611,-23.4290919],[-46.7482131,-23.429069],[-46.7481401,-23.429048],[-46.748087,-23.4290181],[-46.7480369,-23.4289733],[-46.7478832,-23.4286526],[-46.7478471,-23.4286099],[-46.7478021,-23.4286038],[-46.7477772,-23.4286275],[-46.7477564,-23.428695],[-46.7477234,-23.4287038],[-46.7476764,-23.4286848],[-46.7476093,-23.4286272],[-46.7475802,-23.4285755],[-46.7475741,-23.428519],[-46.7475828,-23.4284238],[-46.7476502,-23.4282265],[-46.7476579,-23.4281293],[-46.7476575,-23.4279776],[-46.7476177,-23.4276729],[-46.7476266,-23.4276343],[-46.7476545,-23.4276036],[-46.7478002,-23.4275543],[-46.7478791,-23.4275198],[-46.747903,-23.427495],[-46.7479087,-23.4274107],[-46.7478866,-23.4273512],[-46.7478094,-23.4272458],[-46.7477213,-23.427199],[-46.74767,-23.4270928],[-46.7476121,-23.4267365],[-46.7475677,-23.4265946],[-46.7475305,-23.4265042],[-46.7475282,-23.4263782],[-46.747509,-23.4263227],[-46.7473667,-23.4261577],[-46.7473445,-23.4260842],[-46.7473403,-23.4260128],[-46.747367,-23.4259107],[-46.7474177,-23.4258027],[-46.7474335,-23.4257352],[-46.7474382,-23.42564],[-46.7473705,-23.425377],[-46.7472408,-23.4250553],[-46.7471565,-23.424946],[-46.7471225,-23.4249142],[-46.7470754,-23.4248903],[-46.7470275,-23.4248892],[-46.7469436,-23.4249049],[-46.7467916,-23.4248807],[-46.7465127,-23.4248265],[-46.7463647,-23.4247716],[-46.7460606,-23.4246489],[-46.7457454,-23.4244825],[-46.74544,-23.4242695],[-46.7452867,-23.4241065],[-46.7452144,-23.4239863],[-46.7451538,-23.423757],[-46.7451402,-23.4235279],[-46.7450338,-23.4233649],[-46.7449045,-23.4232059],[-46.7447183,-23.4230775],[-46.7445107,-23.4228072],[-46.7444495,-23.422696],[-46.7444029,-23.4226576],[-46.7441003,-23.4225266],[-46.7438608,-23.4223018],[-46.7437678,-23.4222659],[-46.7433978,-23.4221669],[-46.7432418,-23.422106],[-46.7431917,-23.4220781],[-46.7431626,-23.4220205],[-46.7431463,-23.4219213],[-46.7431888,-23.4217279],[-46.7431979,-23.4214254],[-46.7430574,-23.4215382],[-46.7428968,-23.4216519],[-46.742789,-23.4216913],[-46.7425842,-23.4217236],[-46.7420507,-23.4217263],[-46.7417128,-23.4216769],[-46.7415628,-23.421627],[-46.7413846,-23.4215244],[-46.7411433,-23.4213364],[-46.7409592,-23.4212387],[-46.7408012,-23.4211918],[-46.7404293,-23.4211284],[-46.7403013,-23.4210974],[-46.7401683,-23.4210504],[-46.7400442,-23.4209867],[-46.7396416,-23.4210214],[-46.7388614,-23.4210653],[-46.7385015,-23.4210297],[-46.7382118,-23.421039],[-46.7375641,-23.420975],[-46.7372263,-23.4209345],[-46.7370744,-23.4209382],[-46.7370136,-23.4209717],[-46.7369977,-23.4210064],[-46.7370159,-23.4211007],[-46.73705,-23.4211573],[-46.7371501,-23.4212191],[-46.7377773,-23.4214447],[-46.7379294,-23.4215472],[-46.7379916,-23.4216178],[-46.7379957,-23.4216763],[-46.7379629,-23.4217238],[-46.7378201,-23.4217681],[-46.7374704,-23.4217525],[-46.7371535,-23.4217031],[-46.7367804,-23.4215594],[-46.7364224,-23.4214564],[-46.7361956,-23.4214609],[-46.7360059,-23.4215209],[-46.7358093,-23.4216177],[-46.7355237,-23.4216676],[-46.7353068,-23.4216651],[-46.7346991,-23.4215993],[-46.7345363,-23.4216029],[-46.7342027,-23.4216576],[-46.7340349,-23.4216979],[-46.7339531,-23.4217354],[-46.7334355,-23.4221013],[-46.733227,-23.4222089],[-46.7329125,-23.4222975],[-46.7324131,-23.4223866],[-46.7311009,-23.4226593],[-46.7302332,-23.4228745],[-46.7300215,-23.4229435],[-46.7299328,-23.4230068],[-46.7298172,-23.4231345],[-46.729717,-23.4233802],[-46.7296047,-23.4236161],[-46.7291849,-23.4242886],[-46.7291083,-23.4244353],[-46.7290496,-23.4245224],[-46.7290148,-23.424546],[-46.7289708,-23.4245421],[-46.7289287,-23.4245082],[-46.7288855,-23.4244417],[-46.7288613,-23.4243633],[-46.7288602,-23.4242987],[-46.7288947,-23.4241352],[-46.7290155,-23.4237327],[-46.7291875,-23.4230636],[-46.7293452,-23.4226404],[-46.7293309,-23.4225293],[-46.7292466,-23.4224189],[-46.7291606,-23.4223493],[-46.7287492,-23.4221182],[-46.7286222,-23.4220634],[-46.7285421,-23.4220206],[-46.7284128,-23.4222167],[-46.7282848,-23.4223533],[-46.7279509,-23.4228514],[-46.7278313,-23.4229761],[-46.7277097,-23.423086],[-46.7275931,-23.423173],[-46.7274843,-23.4232352],[-46.7271169,-23.4233485],[-46.7268812,-23.4233697],[-46.7266983,-23.4233584],[-46.7264743,-23.4233192],[-46.7262933,-23.4232662],[-46.7261613,-23.4232104],[-46.7260532,-23.4231466],[-46.7252745,-23.4226548],[-46.7251664,-23.4226159],[-46.7250945,-23.422597],[-46.7250524,-23.4225859],[-46.7249645,-23.4225714],[-46.7248756,-23.4225765],[-46.7247468,-23.4226328],[-46.7246363,-23.4227892],[-46.7245703,-23.4227564],[-46.7244234,-23.422758],[-46.7239071,-23.4228461],[-46.7237024,-23.4228992],[-46.7233592,-23.4231077],[-46.7231488,-23.4232649],[-46.7230006,-23.4233558],[-46.7229234,-23.4234033],[-46.7228715,-23.423418],[-46.7227975,-23.4234129],[-46.7227538,-23.4235021],[-46.7227252,-23.4236339],[-46.7227263,-23.4236855],[-46.7227554,-23.4237094],[-46.7229164,-23.4237604],[-46.7230255,-23.4238221],[-46.7232155,-23.4238959],[-46.7232775,-23.423902],[-46.7234792,-23.4238499],[-46.723678,-23.4238524],[-46.723829,-23.4238964],[-46.7240594,-23.4240834],[-46.7241316,-23.4242095],[-46.7242365,-23.424555],[-46.7242068,-23.4246481],[-46.7241331,-23.4247184],[-46.7239708,-23.4249511],[-46.7238474,-23.4255034],[-46.7237979,-23.4256381],[-46.7236215,-23.4258341],[-46.7235211,-23.4260273],[-46.7234514,-23.4261016],[-46.7233298,-23.4262015],[-46.7232022,-23.4263371],[-46.7230919,-23.4265322],[-46.7230404,-23.4267017],[-46.7230082,-23.4273593],[-46.7229896,-23.4274892],[-46.7229559,-23.4275973],[-46.7228564,-23.4277369],[-46.7225296,-23.4280833],[-46.7214931,-23.4275999],[-46.7204274,-23.4270647],[-46.7195632,-23.4267136],[-46.719221,-23.42656],[-46.7189007,-23.4263639],[-46.7183674,-23.4257248],[-46.717871,-23.4250888],[-46.7175368,-23.4245594],[-46.7172925,-23.4240301],[-46.7169117,-23.4228875],[-46.716761,-23.4225856],[-46.7164863,-23.4222507],[-46.716319,-23.4220876],[-46.7159959,-23.4219609],[-46.7158729,-23.4219239],[-46.715304,-23.4218155],[-46.7145485,-23.4217661],[-46.7118524,-23.4217133],[-46.7114216,-23.4216389],[-46.7111035,-23.421529],[-46.7106588,-23.4214893],[-46.7101782,-23.4215091],[-46.7095877,-23.4215097],[-46.7092848,-23.4214604],[-46.7091378,-23.4214184],[-46.7090097,-23.4213417],[-46.7088564,-23.4212134],[-46.7087248,-23.4209423],[-46.7085871,-23.4202903],[-46.7084618,-23.4183239],[-46.7081258,-23.4165164]]],[[[-46.761569,-23.431776],[-46.761575,-23.431731],[-46.761621,-23.431622],[-46.761641,-23.43151],[-46.761642,-23.431397],[-46.761624,-23.431283],[-46.761604,-23.431255],[-46.761499,-23.431158],[-46.761302,-23.431042],[-46.761261,-23.430993],[-46.761234,-23.430923]]],[[[-46.761234,-23.430923],[-46.761225,-23.43078],[-46.761259,-23.430703],[-46.761334,-23.430604],[-46.761481,-23.430504],[-46.761569,-23.430393],[-46.761813,-23.430069],[-46.761833,-23.430001],[-46.76178,-23.429932],[-46.761607,-23.42984],[-46.761571,-23.42979],[-46.761536,-23.42968],[-46.761522,-23.429523],[-46.76152,-23.429331],[-46.761564,-23.429124],[-46.761594,-23.42908],[-46.761655,-23.429029],[-46.761813,-23.428966],[-46.761888,-23.428969],[-46.762038,-23.429007],[-46.762089,-23.429006],[-46.76212,-23.428995],[-46.762141,-23.428956],[-46.762138,-23.428908],[-46.762091,-23.428767],[-46.762093,-23.428575],[-46.762101,-23.428465],[-46.762074,-23.428394],[-46.762036,-23.428347],[-46.761974,-23.428321],[-46.761886,-23.4283],[-46.761707,-23.42827],[-46.761416,-23.428238],[-46.761335,-23.428217],[-46.761287,-23.428185],[-46.761234,-23.428109],[-46.761168,-23.427918],[-46.76112,-23.427659],[-46.761065,-23.427418],[-46.761076,-23.427225],[-46.761101,-23.427103],[-46.761167,-23.426967],[-46.761217,-23.426801],[-46.761291,-23.426534],[-46.761333,-23.426468],[-46.761352,-23.42645],[-46.761394,-23.42643],[-46.76151,-23.426446],[-46.761545,-23.426433],[-46.761637,-23.42638],[-46.761767,-23.426263],[-46.761929,-23.426132],[-46.76209,-23.425989],[-46.762167,-23.425933],[-46.762197,-23.425898],[-46.762245,-23.425738],[-46.762316,-23.425603],[-46.762452,-23.425374],[-46.762533,-23.425184],[-46.762531,-23.425089],[-46.762476,-23.424994],[-46.7622,-23.424687],[-46.762087,-23.424546],[-46.762087,-23.424513],[-46.762117,-23.424478],[-46.762213,-23.424444],[-46.762253,-23.424398],[-46.762252,-23.424362],[-46.762228,-23.424307],[-46.762134,-23.424192],[-46.761988,-23.424039],[-46.761713,-23.423774],[-46.761589,-23.423663],[-46.761504,-23.423518],[-46.761506,-23.423441],[-46.761544,-23.423288],[-46.76163,-23.422997],[-46.761707,-23.422808],[-46.761867,-23.422543],[-46.762069,-23.422286],[-46.762275,-23.422002],[-46.762534,-23.421764],[-46.762642,-23.421658],[-46.762702,-23.42155],[-46.762722,-23.421483],[-46.762721,-23.421401],[-46.762744,-23.421321],[-46.762789,-23.421225],[-46.762875,-23.42108],[-46.762961,-23.421003],[-46.763039,-23.42097],[-46.763064,-23.420924],[-46.763084,-23.420837],[-46.763092,-23.420736],[-46.763114,-23.420604],[-46.763153,-23.420519],[-46.763274,-23.420376],[-46.763383,-23.420235],[-46.7634934,-23.4201207],[-46.763607,-23.420019],[-46.763694,-23.419976],[-46.7638401,-23.419944],[-46.763899,-23.419913],[-46.764071,-23.419706],[-46.764148,-23.419665],[-46.764273,-23.41964],[-46.764746,-23.41965],[-46.764923,-23.419634],[-46.765028,-23.419584],[-46.76511,-23.419529],[-46.765132,-23.4194168],[-46.765193,-23.419162],[-46.765255,-23.419034],[-46.765308,-23.418977],[-46.765411,-23.418902],[-46.765568,-23.418826],[-46.765606,-23.418826],[-46.765658,-23.418836],[-46.765735,-23.418892],[-46.765934,-23.419116],[-46.766048,-23.419222],[-46.766162,-23.419262],[-46.766262,-23.419289],[-46.766403,-23.419261],[-46.766519,-23.419245],[-46.766667,-23.419173],[-46.766857,-23.419121],[-46.767124,-23.419132],[-46.767236,-23.419171],[-46.767476,-23.419304],[-46.7676315,-23.4193606],[-46.767744,-23.419389],[-46.767836,-23.419395],[-46.768037,-23.41939],[-46.768132,-23.419404],[-46.76831,-23.419485],[-46.768455,-23.419584],[-46.768538,-23.419613],[-46.768581,-23.419602],[-46.768675,-23.419559],[-46.768815,-23.419443],[-46.768922,-23.419334],[-46.769007,-23.41929],[-46.769101,-23.419279],[-46.769434,-23.419262],[-46.769797,-23.419216],[-46.770313,-23.41913],[-46.770706,-23.41906],[-46.770857,-23.419002],[-46.771066,-23.418884],[-46.77115,-23.41883],[-46.771331,-23.41875],[-46.77137,-23.418717],[-46.771393,-23.418653],[-46.7713929,-23.4186516],[-46.771386,-23.4184749],[-46.771386,-23.418474],[-46.771425,-23.418377],[-46.771489,-23.418293],[-46.77159,-23.418179],[-46.7716549,-23.4180339],[-46.771674,-23.41791],[-46.771638,-23.417634],[-46.771631,-23.417511],[-46.771656,-23.417412],[-46.771879,-23.416987],[-46.771945,-23.41693],[-46.772025,-23.416909],[-46.772062,-23.416911],[-46.772219,-23.416948],[-46.772314,-23.416993],[-46.772406,-23.417001],[-46.772453,-23.416989],[-46.772535,-23.416888],[-46.772651,-23.416564],[-46.77275,-23.416236],[-46.7727689,-23.4160555],[-46.772755,-23.415917],[-46.77268,-23.415589],[-46.77262,-23.415389],[-46.7726041,-23.4152846],[-46.772639,-23.415122],[-46.772631,-23.415018],[-46.772573,-23.414917],[-46.77245,-23.414755],[-46.772415,-23.414655],[-46.77241,-23.414551],[-46.772431,-23.414443],[-46.772475,-23.414369],[-46.772625,-23.414309],[-46.772839,-23.414247],[-46.773088,-23.414166],[-46.773228,-23.414072],[-46.773413,-23.413822],[-46.773484,-23.413763],[-46.773577,-23.413713],[-46.773836,-23.41362],[-46.774096,-23.41361],[-46.774276,-23.413581],[-46.774328,-23.413539],[-46.774376,-23.413451],[-46.774379,-23.413375],[-46.774331,-23.413219],[-46.774184,-23.412928],[-46.773893,-23.412542],[-46.773763,-23.412405],[-46.773732,-23.412343],[-46.773731,-23.412283],[-46.773776,-23.412206],[-46.773907,-23.412142],[-46.774295,-23.411932],[-46.774546,-23.411766],[-46.774765,-23.411562],[-46.774813,-23.411478],[-46.774831,-23.411406],[-46.774828,-23.411217],[-46.77487,-23.41098],[-46.774939,-23.41074],[-46.775016,-23.410604],[-46.775175,-23.410408],[-46.775447,-23.410137],[-46.775947,-23.409829],[-46.776359,-23.409664],[-46.776745,-23.409493],[-46.776894,-23.409405],[-46.777077,-23.409277],[-46.777125,-23.409218],[-46.777158,-23.409134],[-46.777205,-23.408976],[-46.777293,-23.408802],[-46.777441,-23.408591],[-46.777626,-23.408392],[-46.777819,-23.40815],[-46.777981,-23.407846],[-46.778242,-23.407366],[-46.778411,-23.407089],[-46.778537,-23.40696],[-46.778638,-23.406881],[-46.778897,-23.406795],[-46.779049,-23.406752],[-46.77911,-23.4067165],[-46.77914,-23.406673],[-46.779143,-23.406613],[-46.779081,-23.406443],[-46.778878,-23.406185],[-46.778741,-23.406086],[-46.778729,-23.406055],[-46.778744,-23.406041],[-46.778823,-23.406019],[-46.77883,-23.406005],[-46.778822,-23.405978],[-46.778799,-23.405947],[-46.778799,-23.405901],[-46.778813,-23.40587],[-46.778911,-23.405841],[-46.778982,-23.405844],[-46.779216,-23.405872],[-46.779352,-23.405871],[-46.779397,-23.405853],[-46.779411,-23.405818],[-46.779399,-23.405773],[-46.779309,-23.405624],[-46.779286,-23.405565],[-46.779303,-23.405479],[-46.779293,-23.40545],[-46.77917,-23.405335],[-46.779133,-23.405266],[-46.779134,-23.40521],[-46.779159,-23.405146],[-46.779204,-23.405116],[-46.77927,-23.405097],[-46.779586,-23.405083],[-46.779821,-23.405049],[-46.779922,-23.405014],[-46.780233,-23.404772],[-46.780342,-23.404717],[-46.780433,-23.404658],[-46.780705,-23.404398],[-46.780811,-23.404293],[-46.781063,-23.404031],[-46.781108,-23.404008],[-46.781247,-23.403984],[-46.781279,-23.403966],[-46.781303,-23.403922],[-46.781337,-23.403819],[-46.781381,-23.403737],[-46.781673,-23.403419],[-46.781801,-23.403267],[-46.781894,-23.403048],[-46.781929,-23.403004],[-46.782002,-23.402957],[-46.782137,-23.402906],[-46.782264,-23.402849],[-46.782338,-23.402791],[-46.782396,-23.402731],[-46.782535,-23.402544],[-46.782598,-23.402498],[-46.782726,-23.402476],[-46.782878,-23.402495]]],[[[-46.7585221,-23.3862321],[-46.7590008,-23.3863323],[-46.759363,-23.386485],[-46.759666,-23.3865943],[-46.7598665,-23.3866194],[-46.759969,-23.3865601],[-46.7600829,-23.3863232],[-46.7601717,-23.3860909],[-46.7602628,-23.3860134],[-46.7603904,-23.3860248],[-46.760682,-23.3861045],[-46.7607686,-23.3862731],[-46.760887,-23.3864303],[-46.7610852,-23.3868176],[-46.7612333,-23.3869725],[-46.7614041,-23.3870636],[-46.7616114,-23.3870385],[-46.7618529,-23.3869246],[-46.762149,-23.3867196],[-46.7627778,-23.3864075],[-46.7632265,-23.3862184],[-46.7635363,-23.3861615],[-46.7638211,-23.3861911],[-46.7641765,-23.3862594],[-46.7643906,-23.3862276],[-46.7644589,-23.3861228],[-46.7644088,-23.3859405],[-46.7642425,-23.3857173],[-46.7641104,-23.3855692],[-46.76396,-23.3853551],[-46.7639259,-23.3851797],[-46.7639286,-23.3850924],[-46.7640124,-23.3849815],[-46.7641582,-23.3848904],[-46.7643678,-23.384945],[-46.7644361,-23.3850453],[-46.764528,-23.3851309],[-46.7646151,-23.3851512],[-46.7647551,-23.3851592],[-46.7648667,-23.3851933],[-46.7650421,-23.3853186],[-46.7651378,-23.3855647],[-46.7654931,-23.386125],[-46.765746,-23.3863825],[-46.7660102,-23.3865715],[-46.7663793,-23.3867264],[-46.7665721,-23.3867981],[-46.7670593,-23.387009],[-46.7674989,-23.3871731],[-46.7677973,-23.3873822],[-46.7679419,-23.3876281],[-46.7679856,-23.3878597],[-46.7679967,-23.388034],[-46.7677916,-23.3883028],[-46.7676686,-23.3886582],[-46.7678053,-23.3889452],[-46.7678144,-23.3891548],[-46.7679192,-23.3893051],[-46.7682131,-23.3893689],[-46.7683589,-23.3893507],[-46.768491,-23.3891821],[-46.7686755,-23.3889361],[-46.7688805,-23.3886012],[-46.7692541,-23.3883188],[-46.7696664,-23.3884433],[-46.7699211,-23.3884936],[-46.7701048,-23.3886776],[-46.7701789,-23.3888707],[-46.7703315,-23.3892105],[-46.7704403,-23.389619],[-46.7704542,-23.3900434],[-46.7705724,-23.3904703],[-46.7704795,-23.3908886],[-46.7705357,-23.3913245],[-46.7705611,-23.3915931],[-46.7703498,-23.391713],[-46.7701494,-23.3918269],[-46.7700309,-23.3920091],[-46.7700719,-23.3922141],[-46.7702142,-23.3923649],[-46.7705221,-23.3924149],[-46.7707143,-23.3925422],[-46.7710373,-23.3928298],[-46.7710502,-23.3931043],[-46.7708759,-23.3932282],[-46.7706141,-23.3931891],[-46.7704227,-23.3931117],[-46.7703043,-23.3931663],[-46.770245,-23.3934306],[-46.7703134,-23.3937085],[-46.7705503,-23.3943008],[-46.7706241,-23.3945073],[-46.7706267,-23.3946846],[-46.7705366,-23.394884],[-46.7705465,-23.3950478],[-46.7706346,-23.3951278],[-46.7710014,-23.3952947],[-46.7710666,-23.3953886],[-46.7710631,-23.395495],[-46.7709956,-23.3956397],[-46.7709126,-23.3958824],[-46.7708893,-23.3960935],[-46.7709106,-23.3962626],[-46.7710653,-23.3963438],[-46.7711096,-23.3964299],[-46.7710841,-23.3965099],[-46.7709076,-23.3967388],[-46.7708352,-23.3969545],[-46.7707952,-23.3973256],[-46.7708019,-23.3974283],[-46.7708748,-23.3974924],[-46.7710091,-23.3975215],[-46.7711353,-23.3975145],[-46.7712816,-23.397443],[-46.771826,-23.3971255],[-46.7724638,-23.3969342],[-46.7730242,-23.3969569],[-46.7738352,-23.3970982],[-46.7742817,-23.3971027],[-46.7749377,-23.3969342],[-46.775366,-23.3968522],[-46.7756029,-23.3968749],[-46.7759127,-23.3970298],[-46.7763273,-23.3973396],[-46.776628,-23.3975356],[-46.7771109,-23.3976403],[-46.777316,-23.3976722],[-46.7774116,-23.3977952],[-46.7773843,-23.3979137],[-46.7771884,-23.3980686],[-46.7769014,-23.3982645],[-46.7765004,-23.3984103],[-46.776282,-23.3985846],[-46.7762487,-23.3986319],[-46.7762499,-23.3987064],[-46.7763479,-23.3988239],[-46.7764868,-23.3988705],[-46.776874,-23.398916],[-46.7773433,-23.3988568],[-46.777562,-23.3987611],[-46.7779219,-23.3987019],[-46.7788513,-23.3986335],[-46.7800359,-23.3984604],[-46.7804095,-23.3983556],[-46.7807876,-23.3981415],[-46.7810564,-23.3981187],[-46.7812751,-23.3981415],[-46.781553,-23.398301],[-46.781913,-23.3986973],[-46.7821499,-23.398875],[-46.7825189,-23.3989479],[-46.7827968,-23.3988978],[-46.7830429,-23.398793],[-46.7833208,-23.3987383],[-46.7835759,-23.3988067],[-46.784027,-23.3991347],[-46.7841415,-23.3993012],[-46.7841955,-23.3995037],[-46.7841044,-23.3998773],[-46.7838857,-23.4002965],[-46.7837718,-23.4006154],[-46.7837217,-23.4009571],[-46.7836124,-23.4012077],[-46.7834073,-23.4013672],[-46.7831795,-23.4015312],[-46.7829927,-23.4018546],[-46.7828635,-23.4022815],[-46.782878,-23.402495]]],[[[-46.7551319,-23.3871428],[-46.7555311,-23.3870246],[-46.7585221,-23.3862321]]],[[[-46.7547256,-23.3872631],[-46.7551319,-23.3871428]]],[[[-46.7359219,-23.3882653],[-46.7360278,-23.3882954],[-46.7369739,-23.3887556],[-46.7385145,-23.3890304],[-46.7392157,-23.3891573],[-46.7406073,-23.3891527],[-46.741108,-23.3893249],[-46.7417601,-23.3895599],[-46.7419261,-23.3895715],[-46.7420443,-23.3895565],[-46.7423939,-23.3893775],[-46.742496,-23.3893112],[-46.7425644,-23.3892708],[-46.7427294,-23.3892509],[-46.743492,-23.3891966],[-46.7442392,-23.3894391],[-46.7451605,-23.3893025],[-46.7454291,-23.3893538],[-46.745828,-23.3896082],[-46.7462261,-23.389589],[-46.7467545,-23.3893307],[-46.7471599,-23.3892922],[-46.7473884,-23.389543],[-46.747656,-23.3895666],[-46.7481887,-23.3892111],[-46.7485267,-23.3894578],[-46.7488386,-23.389585],[-46.749543,-23.3892685],[-46.7499561,-23.3892567],[-46.7503738,-23.3896762],[-46.7507162,-23.3897484],[-46.7509935,-23.3900957],[-46.751218,-23.390214],[-46.7515658,-23.3902342],[-46.751917,-23.3897714],[-46.7523725,-23.3895955],[-46.75258,-23.3893694],[-46.7527615,-23.3892867],[-46.7534574,-23.3891968],[-46.7536348,-23.3888463],[-46.7536844,-23.3887483],[-46.7540472,-23.3880066],[-46.75398,-23.3876117],[-46.7540822,-23.3875037],[-46.7547256,-23.3872631]]],[[[-46.7357556,-23.3882181],[-46.7359219,-23.3882653]]],[[[-46.7354644,-23.3881734],[-46.7355488,-23.3881671],[-46.7357556,-23.3882181]]],[[[-46.734836,-23.3889497],[-46.7349062,-23.3886814],[-46.7351839,-23.3885238],[-46.7353564,-23.3882542],[-46.7354644,-23.3881734]]],[[[-46.7204905,-23.4018314],[-46.720511,-23.4016966],[-46.7204493,-23.4000301],[-46.7205507,-23.3994659],[-46.7206406,-23.3988729],[-46.7206212,-23.3987105],[-46.7203299,-23.3983489],[-46.7205402,-23.3977163],[-46.7208694,-23.3973804],[-46.7209717,-23.3970712],[-46.7214138,-23.3964598],[-46.7226014,-23.3962554],[-46.7230627,-23.3960768],[-46.723641,-23.3955398],[-46.7241552,-23.3954949],[-46.7245143,-23.3954903],[-46.7246145,-23.395489],[-46.7254682,-23.394861],[-46.726899,-23.3949344],[-46.7281687,-23.3948167],[-46.729106,-23.3946214],[-46.7294305,-23.3944851],[-46.7305356,-23.394049],[-46.7310773,-23.3932633],[-46.7320525,-23.3925069],[-46.7333655,-23.3912962],[-46.733762,-23.3905946],[-46.7339557,-23.390042],[-46.7341472,-23.3899475],[-46.7343873,-23.3896966],[-46.7344363,-23.3894873],[-46.7346247,-23.3892968],[-46.734836,-23.3889497]]],[[[-46.7203769,-23.4020778],[-46.7204261,-23.401971],[-46.7204905,-23.4018314]]],[[[-46.7197747,-23.4040185],[-46.7199536,-23.4034678],[-46.7202026,-23.4027009],[-46.7203769,-23.4020778]]],[[[-46.7081258,-23.4165164],[-46.7084116,-23.4164357],[-46.7086208,-23.4162634],[-46.709066,-23.4156382],[-46.7094329,-23.4149467],[-46.7094544,-23.4147487],[-46.7095327,-23.4140285],[-46.7093074,-23.4135067],[-46.7093074,-23.4122317],[-46.7095649,-23.410297],[-46.709286,-23.410046],[-46.7091787,-23.4098638],[-46.7096722,-23.4088891],[-46.7100263,-23.4071464],[-46.7102194,-23.4067673],[-46.7108476,-23.4060597],[-46.7112279,-23.4063833],[-46.7125046,-23.4066935],[-46.7131376,-23.4069052],[-46.7138082,-23.4073532],[-46.7152727,-23.4073876],[-46.7161471,-23.407267],[-46.7165655,-23.4071366],[-46.7169625,-23.4069347],[-46.7178691,-23.4062554],[-46.718443,-23.4056744],[-46.7196071,-23.4043944],[-46.7197747,-23.4040185]]]]},"properties":{"name":"Perus","admin_level":"9"}},{"type":"Feature","geometry":{"type":"MultiPolygon","coordinates":[[[[-46.7048185,-23.5635726],[-46.703759,-23.562678],[-46.699444,-23.55906],[-46.698989,-23.558592],[-46.6989588,-23.5585357],[-46.698602,-23.557872],[-46.698466,-23.55765],[-46.698227,-23.557322],[-46.697661,-23.556731],[-46.697266,-23.556363],[-46.697293,-23.556319],[-46.697304,-23.556217],[-46.697293,-23.555764],[-46.697288,-23.555725],[-46.697262,-23.555656],[-46.697105,-23.555394],[-46.6968379,-23.5549324],[-46.696515,-23.554454],[-46.696356,-23.554157],[-46.695809,-23.553274],[-46.695723,-23.553111],[-46.695412,-23.551695],[-46.695353,-23.551394],[-46.695173,-23.550872],[-46.6948061,-23.5497102],[-46.6946916,-23.5493888],[-46.694483,-23.549178],[-46.693708,-23.548145],[-46.693701,-23.548092],[-46.693482,-23.547802],[-46.6933244,-23.54759],[-46.693258,-23.547507],[-46.6928558,-23.5470316],[-46.6928183,-23.5469886],[-46.692337,-23.5464],[-46.692612,-23.545999],[-46.6928201,-23.5456159],[-46.692867,-23.5454634],[-46.6928697,-23.5453356],[-46.692853,-23.54498]]],[[[-46.7009822,-23.5722361],[-46.7011355,-23.5720701],[-46.7013055,-23.5718713],[-46.7014994,-23.5716156],[-46.7020027,-23.5708609],[-46.7022709,-23.5703847],[-46.7025899,-23.5697687],[-46.7028062,-23.5692945],[-46.7029847,-23.5688165],[-46.7030229,-23.568702],[-46.7042295,-23.5650833],[-46.7044429,-23.5645028],[-46.7045879,-23.5641228],[-46.7046869,-23.563869],[-46.7048185,-23.5635726]]],[[[-46.6915182,-23.5867247],[-46.6915222,-23.5866023],[-46.6915509,-23.5864174],[-46.6915757,-23.586259],[-46.6916442,-23.585925],[-46.6917126,-23.5856173],[-46.6917947,-23.5852906],[-46.6919135,-23.5849796],[-46.6919633,-23.5848635],[-46.6920688,-23.5846173],[-46.6922695,-23.5842738],[-46.6925965,-23.5837029],[-46.6945412,-23.580299],[-46.6946158,-23.5801684],[-46.6963141,-23.577144],[-46.6965666,-23.5767577],[-46.696853,-23.5763411],[-46.6971366,-23.5759777],[-46.6973175,-23.5757634],[-46.6974885,-23.5755608],[-46.6981298,-23.5749084],[-46.6992937,-23.5738326],[-46.7003318,-23.5729226],[-46.7006563,-23.5726158],[-46.7008227,-23.5724269],[-46.7009822,-23.5722361]]],[[[-46.6915182,-23.5867247],[-46.6904222,-23.5866963],[-46.690245,-23.5866678],[-46.6900672,-23.5865988],[-46.6896515,-23.5863163],[-46.6891726,-23.5858298],[-46.6885631,-23.5852909],[-46.6867828,-23.583524],[-46.6863063,-23.5830774],[-46.6845661,-23.5813534],[-46.6843701,-23.5811843],[-46.6835211,-23.580358],[-46.6832058,-23.5803702],[-46.6809911,-23.5805267],[-46.6802105,-23.5805027],[-46.6797319,-23.5805191],[-46.6791531,-23.580442],[-46.6785287,-23.5802899],[-46.6782174,-23.580088],[-46.6734619,-23.5771936],[-46.673069,-23.57705],[-46.672812,-23.5770405],[-46.6722271,-23.5770521],[-46.6719408,-23.5770344],[-46.6716648,-23.5769904],[-46.6714008,-23.576915],[-46.6712108,-23.5768459],[-46.671011,-23.5767499]]],[[[-46.671011,-23.5767499],[-46.6707961,-23.5765898],[-46.671331,-23.576075],[-46.671994,-23.575287],[-46.672257,-23.574951],[-46.673127,-23.573925],[-46.675429,-23.571171],[-46.676237,-23.570187],[-46.676832,-23.569491],[-46.677588,-23.568575],[-46.677766,-23.568398],[-46.678372,-23.567876],[-46.678472,-23.567773],[-46.678078,-23.567292],[-46.676562,-23.565377],[-46.677597,-23.564597],[-46.677687,-23.56451],[-46.677794,-23.564386],[-46.678008,-23.564074],[-46.680996,-23.559868],[-46.681353,-23.559348],[-46.681485,-23.559145],[-46.681658,-23.558828],[-46.681954,-23.558135],[-46.682081,-23.557909],[-46.682578,-23.557172],[-46.682664,-23.557026],[-46.682719,-23.556879],[-46.682754,-23.556738],[-46.68276,-23.556591],[-46.68273,-23.556392],[-46.682689,-23.556281],[-46.682614,-23.556153],[-46.682527,-23.556054],[-46.682346,-23.55592],[-46.6823199,-23.5559041],[-46.681392,-23.5553401],[-46.681321,-23.555286],[-46.681063,-23.555114],[-46.680592,-23.554748],[-46.6803573,-23.5545354],[-46.680306,-23.554489],[-46.680025,-23.554215],[-46.67952,-23.553695],[-46.678882,-23.552975],[-46.6784895,-23.5524955],[-46.678398,-23.552378],[-46.677886,-23.551702],[-46.677713,-23.551462],[-46.677609,-23.5512808],[-46.67746,-23.551021]]],[[[-46.67746,-23.551021],[-46.678085,-23.55058],[-46.678258,-23.55047],[-46.678485,-23.550356],[-46.679436,-23.549979],[-46.679742,-23.549886],[-46.679938,-23.549847],[-46.680757,-23.549768],[-46.681164,-23.549691],[-46.68136,-23.549669],[-46.681568,-23.549653],[-46.683648,-23.549585],[-46.683866,-23.549562],[-46.684006,-23.549529],[-46.684133,-23.549478],[-46.684387,-23.549333],[-46.685141,-23.548604],[-46.685326,-23.548442],[-46.685513,-23.548306],[-46.68593,-23.548048],[-46.686436,-23.547861],[-46.686993,-23.547642],[-46.687179,-23.547586],[-46.687432,-23.547554],[-46.687628,-23.547567],[-46.687926,-23.547605],[-46.688261,-23.547608],[-46.688445,-23.54759],[-46.68925,-23.547413],[-46.689506,-23.547281],[-46.689767,-23.547126],[-46.691105,-23.546179],[-46.691987,-23.545516],[-46.692558,-23.545173],[-46.692853,-23.54498]]]]},"properties":{"name":"Pinheiros","admin_level":"9"}},{"type":"Feature","geometry":{"type":"MultiPolygon","coordinates":[[[[-46.631503,-23.482785],[-46.6316424,-23.4828011],[-46.631799,-23.4827815],[-46.632381,-23.482915],[-46.632713,-23.482971],[-46.6331993,-23.4829847],[-46.633282,-23.482985],[-46.6337092,-23.4829992],[-46.63467,-23.482998],[-46.635262,-23.483105],[-46.635521,-23.483184],[-46.635882,-23.483322],[-46.636094,-23.483417],[-46.636297,-23.483537],[-46.636519,-23.483694],[-46.636699,-23.48384],[-46.636932,-23.484055],[-46.637165,-23.484316],[-46.637356,-23.484591],[-46.637618,-23.484958],[-46.637739,-23.48512],[-46.637847,-23.485235],[-46.638028,-23.485388],[-46.638164,-23.485489],[-46.63841,-23.485637],[-46.6395293,-23.4861872],[-46.6404657,-23.4866013],[-46.640689,-23.486631],[-46.6417249,-23.4866868],[-46.6417875,-23.4866892],[-46.6418207,-23.4866904],[-46.6445939,-23.486815],[-46.6446432,-23.4868185],[-46.6447118,-23.4868225],[-46.645163,-23.486846],[-46.645359,-23.486868],[-46.645633,-23.486921],[-46.645914,-23.487001],[-46.646078,-23.487054],[-46.646334,-23.487164],[-46.646786,-23.487406],[-46.646923,-23.487502],[-46.6470982,-23.4876677],[-46.647574,-23.48798],[-46.647705,-23.488051],[-46.6478169,-23.4880936],[-46.648319,-23.488189],[-46.649033,-23.488284],[-46.649406,-23.488346],[-46.6501418,-23.4884702],[-46.650289,-23.4884933],[-46.6513366,-23.4886759]]],[[[-46.6220109,-23.481922],[-46.62203,-23.481991],[-46.622132,-23.482347],[-46.622138,-23.482379],[-46.62221,-23.482349],[-46.622884,-23.481812],[-46.623197,-23.481556],[-46.623299,-23.481431],[-46.623668,-23.480992],[-46.623749,-23.480926],[-46.623919,-23.480843],[-46.624371,-23.480642],[-46.624437,-23.480582],[-46.62457,-23.48048],[-46.624848,-23.480423],[-46.625338,-23.480334],[-46.6254964,-23.480326],[-46.625929,-23.480356],[-46.626277,-23.480387],[-46.6263448,-23.4803919],[-46.626512,-23.480442],[-46.626641,-23.480505],[-46.626697,-23.480553],[-46.626883,-23.480743],[-46.627034,-23.480871],[-46.627264,-23.480986],[-46.627775,-23.481166],[-46.628011,-23.481276],[-46.62823,-23.481407],[-46.628535,-23.481643],[-46.629243,-23.482243],[-46.629646,-23.48254],[-46.6300018,-23.4827582],[-46.630211,-23.482849],[-46.6303527,-23.4829048],[-46.630412,-23.482896],[-46.630663,-23.482851],[-46.6311776,-23.4827899],[-46.631503,-23.482785]]],[[[-46.6218099,-23.4792964],[-46.621909,-23.479508],[-46.6219179,-23.48005],[-46.621848,-23.481027],[-46.621832,-23.481283],[-46.621956,-23.481724],[-46.6220109,-23.481922]]],[[[-46.611285,-23.492596],[-46.610948,-23.491734],[-46.610711,-23.491197],[-46.610274,-23.490272],[-46.609912,-23.489471],[-46.609611,-23.488788],[-46.609237,-23.487967],[-46.610239,-23.487565],[-46.610876,-23.487308],[-46.610986,-23.487275],[-46.611079,-23.487272],[-46.611173,-23.487316],[-46.611331,-23.487465],[-46.611424,-23.487381],[-46.61167,-23.487194],[-46.612167,-23.486921],[-46.612361,-23.486783],[-46.612535,-23.486635],[-46.61355,-23.486018],[-46.614319,-23.485549],[-46.615464,-23.484835],[-46.615235,-23.484626],[-46.614982,-23.484385],[-46.614689,-23.484131],[-46.614325,-23.48388],[-46.613822,-23.483555],[-46.613681,-23.483392],[-46.613154,-23.482526],[-46.612749,-23.481858],[-46.612478,-23.481419],[-46.612327,-23.481247],[-46.612439,-23.481211],[-46.614259,-23.480839],[-46.616539,-23.480378],[-46.616918,-23.4803],[-46.619052,-23.479865],[-46.620496,-23.479565],[-46.6218099,-23.4792964]]],[[[-46.654003,-23.5167554],[-46.653857,-23.516104],[-46.653152,-23.516195],[-46.6523364,-23.5162543],[-46.652062,-23.516229],[-46.651858,-23.516205],[-46.651682,-23.516167],[-46.651441,-23.516088],[-46.65129,-23.516065],[-46.651099,-23.516014],[-46.650501,-23.515846],[-46.650351,-23.515772],[-46.650196,-23.515728],[-46.6501038,-23.5157178],[-46.650061,-23.515713],[-46.649753,-23.515686],[-46.650504,-23.509814],[-46.649423,-23.509722],[-46.650108,-23.508864],[-46.648859,-23.508308],[-46.649039,-23.5075854],[-46.649073,-23.507449],[-46.643388,-23.506325],[-46.643257,-23.50628],[-46.643134,-23.506224],[-46.642902,-23.506089],[-46.6423,-23.505662],[-46.642136,-23.5055],[-46.641876,-23.5052],[-46.641752,-23.505085],[-46.641611,-23.504986],[-46.6414246,-23.5048863],[-46.641215,-23.504779],[-46.6413117,-23.5046279],[-46.64147,-23.504385],[-46.641624,-23.504142],[-46.641906,-23.503717],[-46.6423425,-23.5030444],[-46.642487,-23.5028095],[-46.642743,-23.502419],[-46.642896,-23.502194],[-46.643375,-23.501456],[-46.643442,-23.501344],[-46.643498,-23.501229],[-46.643562,-23.501069],[-46.643707,-23.500632],[-46.643747,-23.500479],[-46.644001,-23.499665],[-46.644026,-23.499566],[-46.644939,-23.496768],[-46.645065,-23.496398],[-46.645133,-23.496181],[-46.645166,-23.496124],[-46.645197,-23.49609],[-46.645336,-23.496002],[-46.645737,-23.495767],[-46.64601,-23.49559],[-46.646497,-23.495293],[-46.647343,-23.494782],[-46.647822,-23.4945],[-46.648396,-23.494189],[-46.648777,-23.493996],[-46.648734,-23.493922],[-46.648252,-23.492992],[-46.648254,-23.49299],[-46.648379,-23.492937],[-46.648689,-23.492642],[-46.64889,-23.492426],[-46.650144,-23.490852],[-46.650445,-23.490458],[-46.65064,-23.49024],[-46.650715,-23.490062],[-46.650798,-23.489881],[-46.6511983,-23.4888934],[-46.6513366,-23.4886759]]],[[[-46.625202,-23.5193029],[-46.6253551,-23.5192896],[-46.626178,-23.519218],[-46.626661,-23.519183],[-46.6272326,-23.5191614],[-46.628299,-23.519121],[-46.6300624,-23.5190025],[-46.6301941,-23.5189936],[-46.637138,-23.518527],[-46.640863,-23.51831],[-46.642126,-23.518274],[-46.642767,-23.518232],[-46.64435,-23.518019],[-46.646017,-23.517807],[-46.6466544,-23.5177165],[-46.647923,-23.517542],[-46.65002,-23.517309],[-46.654003,-23.5167554]]],[[[-46.61892,-23.518777],[-46.619465,-23.518769],[-46.619851,-23.518791],[-46.620437,-23.518867],[-46.621954,-23.519205],[-46.622492,-23.519318],[-46.622874,-23.519371],[-46.623216,-23.519396],[-46.623642,-23.519406],[-46.624322,-23.519379],[-46.6251471,-23.5193076],[-46.625202,-23.5193029]]],[[[-46.611285,-23.492596],[-46.611354,-23.492818],[-46.611462,-23.493205],[-46.611594,-23.493788],[-46.611648,-23.494073],[-46.611707,-23.494447],[-46.611849,-23.495745],[-46.611881,-23.495997],[-46.611917,-23.496223],[-46.611945,-23.496357],[-46.612034,-23.496649],[-46.612164,-23.497001],[-46.612262,-23.497204],[-46.61252,-23.497607],[-46.612682,-23.497847],[-46.613387,-23.498822],[-46.613573,-23.499076],[-46.614199,-23.499899],[-46.614738,-23.500634],[-46.615122,-23.501142],[-46.615447,-23.501472],[-46.615483,-23.501503],[-46.615066,-23.504222],[-46.6150532,-23.5043608],[-46.6150701,-23.5045724],[-46.6151055,-23.5048444],[-46.6153745,-23.5075104],[-46.615395,-23.507832],[-46.615416,-23.507958],[-46.615448,-23.508083],[-46.615569,-23.508354],[-46.615757,-23.5086],[-46.615898,-23.508732],[-46.616107,-23.508883],[-46.616264,-23.508966],[-46.62045,-23.510956],[-46.620785,-23.511108],[-46.621087,-23.511242],[-46.621215,-23.511294],[-46.621208,-23.511709],[-46.621179,-23.513716],[-46.621163,-23.514018],[-46.62115,-23.514138],[-46.621098,-23.514387],[-46.621028,-23.514583],[-46.620949,-23.514746],[-46.620842,-23.514928],[-46.620669,-23.515177],[-46.619113,-23.517123],[-46.619008,-23.517262],[-46.61895,-23.517379],[-46.6189,-23.517511],[-46.618865,-23.517668],[-46.61885,-23.517786],[-46.6188552,-23.5179216],[-46.6188672,-23.5180801],[-46.6188755,-23.5181901],[-46.6188861,-23.5183289],[-46.61892,-23.518777]]]]},"properties":{"name":"Santana","admin_level":"9"}},{"type":"Feature","geometry":{"type":"MultiPolygon","coordinates":[[[[-46.4798438,-23.625133],[-46.4801897,-23.6249483],[-46.4815109,-23.6241381]]],[[[-46.4815109,-23.6241381],[-46.4816531,-23.6240509]]],[[[-46.4816531,-23.6240509],[-46.481452,-23.623946],[-46.480967,-23.623687],[-46.48053,-23.623442],[-46.4802635,-23.6232841],[-46.479535,-23.622731],[-46.479355,-23.622586],[-46.479238,-23.622478],[-46.479114,-23.622335],[-46.47902,-23.622197],[-46.478546,-23.621477],[-46.47848,-23.621336],[-46.478404,-23.621089],[-46.478378,-23.620922],[-46.478363,-23.620747],[-46.47835,-23.620505],[-46.478329,-23.619885],[-46.478312,-23.6197043],[-46.4782851,-23.6195221],[-46.4782443,-23.619366],[-46.4781826,-23.619175],[-46.4781096,-23.6190098],[-46.478034,-23.6188557],[-46.4779543,-23.6187099],[-46.4768382,-23.6170113],[-46.4767372,-23.6167843],[-46.476669,-23.616528],[-46.476586,-23.616241],[-46.476469,-23.615724],[-46.476201,-23.614649],[-46.475798,-23.613184],[-46.47541,-23.613178],[-46.474842,-23.613001],[-46.474635,-23.612911],[-46.474494,-23.612913],[-46.473738,-23.613285],[-46.472895,-23.613703],[-46.471463,-23.614406],[-46.470826,-23.614735],[-46.470701,-23.614605],[-46.469798,-23.614558],[-46.469648,-23.614604],[-46.469314,-23.61477],[-46.469117,-23.614858],[-46.468796,-23.615011],[-46.468614,-23.615102],[-46.468301,-23.6153],[-46.468113,-23.615446],[-46.467887,-23.61565],[-46.467818,-23.615717],[-46.467568,-23.615903],[-46.467113,-23.616351],[-46.4669,-23.616556],[-46.466648,-23.616789],[-46.466492,-23.616946],[-46.4662,-23.6172],[-46.465979,-23.617409],[-46.465776,-23.617568],[-46.465611,-23.617394],[-46.46546,-23.617274],[-46.465245,-23.617122],[-46.464997,-23.616983],[-46.464896,-23.616941],[-46.464756,-23.616897],[-46.464667,-23.61688],[-46.464484,-23.616861],[-46.46415,-23.616892],[-46.463778,-23.616953],[-46.463115,-23.617055],[-46.46278,-23.617096],[-46.462631,-23.617087],[-46.462487,-23.617054],[-46.462341,-23.617],[-46.462144,-23.616887],[-46.461511,-23.616444],[-46.461182,-23.616211],[-46.461053,-23.616132],[-46.460685,-23.615976],[-46.460461,-23.615896],[-46.459776,-23.615658],[-46.459615,-23.615604],[-46.459539,-23.615556],[-46.459269,-23.61536],[-46.458732,-23.614893],[-46.458595,-23.614795],[-46.458464,-23.614728],[-46.458162,-23.614644],[-46.457465,-23.61444],[-46.457108,-23.614353],[-46.456924,-23.614317],[-46.4565651,-23.6142862],[-46.456582,-23.614144],[-46.456583,-23.613996],[-46.456599,-23.61385],[-46.456584,-23.613798],[-46.456512,-23.613676],[-46.456458,-23.613404],[-46.456446,-23.613133],[-46.456421,-23.613048],[-46.456345,-23.612914],[-46.456244,-23.612788],[-46.45606,-23.612624],[-46.455888,-23.612494],[-46.455785,-23.612373],[-46.455705,-23.612252],[-46.455551,-23.611967],[-46.455416,-23.611822],[-46.455266,-23.611699],[-46.455139,-23.611548],[-46.454992,-23.611342],[-46.454708,-23.610859],[-46.454624,-23.610694],[-46.45453,-23.610346],[-46.454509,-23.610245]]],[[[-46.454509,-23.610245],[-46.454375,-23.610299],[-46.454014,-23.610418],[-46.453643,-23.610576],[-46.45322,-23.610747],[-46.45203,-23.611202],[-46.451958,-23.611246],[-46.451831,-23.611337],[-46.451206,-23.611822],[-46.451109,-23.611891],[-46.451038,-23.611924],[-46.450822,-23.612004],[-46.450633,-23.61213],[-46.450536,-23.612178],[-46.450458,-23.612226],[-46.450208,-23.612349],[-46.4501586,-23.6123813],[-46.450003,-23.612531],[-46.449803,-23.612748],[-46.449707,-23.612894],[-46.449665,-23.612999],[-46.449605,-23.613209],[-46.449547,-23.613325],[-46.4493979,-23.6136122],[-46.4493323,-23.6136999],[-46.4493031,-23.6137598],[-46.449199,-23.613895],[-46.449168,-23.61394],[-46.449028,-23.614045],[-46.448577,-23.61439],[-46.448498,-23.614467],[-46.448399,-23.614578],[-46.448305,-23.614734],[-46.448118,-23.615021],[-46.447976,-23.615161],[-46.447945,-23.615214],[-46.447918,-23.615243],[-46.447735,-23.615322],[-46.447573,-23.615405],[-46.44749,-23.615482],[-46.447299,-23.615723],[-46.447235,-23.615818],[-46.447186,-23.615865],[-46.447073,-23.615919],[-46.446851,-23.615966],[-46.446759,-23.616001],[-46.44658,-23.616089],[-46.446451,-23.616159],[-46.446319,-23.616276],[-46.446021,-23.616595],[-46.445957,-23.616648],[-46.445914,-23.616661],[-46.445847,-23.616649],[-46.445715,-23.616598],[-46.445369,-23.616503],[-46.445189,-23.616458],[-46.445057,-23.61645],[-46.445006,-23.61644],[-46.444907,-23.616376],[-46.444841,-23.616367],[-46.444747,-23.616397],[-46.444639,-23.616411],[-46.44449,-23.6164],[-46.444454,-23.616408],[-46.444401,-23.616444],[-46.444202,-23.616538],[-46.444143,-23.616555],[-46.444109,-23.616579],[-46.444077,-23.616656],[-46.443743,-23.616578],[-46.443664,-23.616567],[-46.44361,-23.616571],[-46.44354,-23.616593],[-46.442795,-23.6168],[-46.441646,-23.617126],[-46.441481,-23.617187],[-46.441392,-23.617241],[-46.44057,-23.617882],[-46.439722,-23.618541],[-46.439637,-23.618634],[-46.439515,-23.618725],[-46.439187,-23.618916],[-46.437508,-23.619865],[-46.436897,-23.620211],[-46.436773,-23.620259],[-46.436574,-23.620299],[-46.436442,-23.620338],[-46.436244,-23.620437],[-46.436008,-23.620574],[-46.43584,-23.620681],[-46.435707,-23.620793],[-46.435382,-23.620962],[-46.43527,-23.621039],[-46.435195,-23.621152],[-46.435131,-23.62129],[-46.435089,-23.621406],[-46.435006,-23.621571],[-46.434969,-23.621661],[-46.434801,-23.621834],[-46.434751,-23.621901],[-46.434654,-23.622089],[-46.434591,-23.622169],[-46.434364,-23.622345],[-46.434216,-23.622424],[-46.434148,-23.622451],[-46.434064,-23.622455],[-46.43392,-23.622442],[-46.433812,-23.622439],[-46.433735,-23.62245],[-46.433522,-23.622498],[-46.433316,-23.622538],[-46.432707,-23.622674],[-46.432436,-23.622743],[-46.432347,-23.62278],[-46.432283,-23.622827],[-46.432153,-23.622963],[-46.431925,-23.623155],[-46.431726,-23.623352],[-46.431494,-23.623602],[-46.431143,-23.624028],[-46.430939,-23.62427],[-46.430854,-23.624386],[-46.43082,-23.624464],[-46.430816,-23.624549],[-46.430832,-23.624681],[-46.430816,-23.624847],[-46.430762,-23.62506],[-46.430599,-23.625376],[-46.430483,-23.625631],[-46.430362,-23.625906],[-46.430231,-23.626118],[-46.430052,-23.626335],[-46.429791,-23.626594],[-46.429295,-23.627081],[-46.429178,-23.627237],[-46.429135,-23.627348],[-46.429103,-23.627564],[-46.429083,-23.627897],[-46.429074,-23.628208],[-46.429119,-23.628432],[-46.429217,-23.628631],[-46.429432,-23.62897],[-46.429666,-23.629352],[-46.429839,-23.629737],[-46.429914,-23.630034],[-46.429909,-23.630177],[-46.429814,-23.630376],[-46.429515,-23.63067],[-46.429352,-23.630811],[-46.429281,-23.630901],[-46.429253,-23.631019],[-46.429232,-23.631204],[-46.429247,-23.631269],[-46.429306,-23.631376],[-46.429433,-23.631548],[-46.42945,-23.631599],[-46.429449,-23.631669],[-46.429421,-23.631957],[-46.429411,-23.632141],[-46.429443,-23.632448],[-46.429478,-23.633044],[-46.4295,-23.633232],[-46.429536,-23.633429],[-46.429665,-23.634025],[-46.429706,-23.634185],[-46.429743,-23.634263],[-46.429815,-23.634345],[-46.42987,-23.634429],[-46.429929,-23.634575],[-46.429964,-23.634759],[-46.429989,-23.634922],[-46.430041,-23.635104],[-46.430062,-23.635223],[-46.430063,-23.635277],[-46.429991,-23.635589],[-46.429962,-23.63578],[-46.429965,-23.635884],[-46.4299702,-23.6360616],[-46.4299913,-23.6362861]]],[[[-46.4315028,-23.6410349],[-46.4314128,-23.6409651],[-46.4311986,-23.6406776],[-46.4310719,-23.640388],[-46.4311087,-23.6399835],[-46.4313662,-23.6395658],[-46.4319509,-23.6391604],[-46.4321748,-23.6389315],[-46.4318851,-23.6382583],[-46.431739,-23.6377008],[-46.4316045,-23.6374562],[-46.4306063,-23.6367023],[-46.4299913,-23.6362861]]],[[[-46.4315028,-23.6410349],[-46.432008,-23.641227],[-46.4321981,-23.6413226],[-46.432761,-23.6417538],[-46.4328242,-23.6417687],[-46.433992,-23.641876],[-46.4341267,-23.6418808],[-46.4342341,-23.6418768],[-46.434338,-23.641863],[-46.434662,-23.641778],[-46.435172,-23.641546],[-46.435963,-23.64133],[-46.4360402,-23.6413294],[-46.438289,-23.641942],[-46.439357,-23.641858],[-46.440014,-23.641875],[-46.440947,-23.642154],[-46.441521,-23.642523],[-46.441783,-23.642714],[-46.4427928,-23.6437872],[-46.4431154,-23.6439484],[-46.4432942,-23.6439754],[-46.4437143,-23.6438348],[-46.444484,-23.6438482],[-46.4450158,-23.6437342],[-46.4453872,-23.6437215],[-46.4456483,-23.6437849],[-46.4459581,-23.6439442],[-46.4463003,-23.6440728],[-46.4464944,-23.6440696],[-46.4477875,-23.643562],[-46.4480674,-23.6434865],[-46.4485414,-23.6434552]]],[[[-46.4537627,-23.6413079],[-46.4534128,-23.6415071],[-46.4533433,-23.6415784],[-46.4525054,-23.6424375],[-46.4512172,-23.6424382],[-46.4510469,-23.6425401],[-46.4508216,-23.6427735],[-46.4507115,-23.6428242],[-46.4497628,-23.6429229],[-46.4493264,-23.6430747],[-46.4489077,-23.6432756],[-46.4485414,-23.6434552]]],[[[-46.4537627,-23.6413079],[-46.4540255,-23.6411531],[-46.4542267,-23.6409442],[-46.4543662,-23.6408828],[-46.4546666,-23.6409786],[-46.4551681,-23.6409786],[-46.4553773,-23.6409762],[-46.4555383,-23.6409197]]],[[[-46.4555383,-23.6409197],[-46.4557907,-23.6409865],[-46.456085,-23.6410643],[-46.4563434,-23.6411327],[-46.456696,-23.6412259],[-46.4569223,-23.6412858]]],[[[-46.4569223,-23.6412858],[-46.4569759,-23.6412858],[-46.4570725,-23.6414209],[-46.4571503,-23.641502],[-46.4574373,-23.6416273]]],[[[-46.4574373,-23.6416273],[-46.4575654,-23.6416783],[-46.4576379,-23.6417072],[-46.4577028,-23.641733]]],[[[-46.4577028,-23.641733],[-46.4580783,-23.6419172],[-46.4581964,-23.6419197],[-46.4583921,-23.6417453],[-46.4586335,-23.6415094],[-46.4588749,-23.6413619],[-46.4590466,-23.6413669],[-46.4591888,-23.641217],[-46.4594945,-23.6410499],[-46.4596796,-23.6408337],[-46.4597547,-23.6408288],[-46.4599371,-23.6406617],[-46.4600712,-23.6406961],[-46.4601463,-23.6406568],[-46.4605299,-23.640529],[-46.4605996,-23.6404921],[-46.4606935,-23.6402931],[-46.4606398,-23.6402145],[-46.4606425,-23.6401506],[-46.4607498,-23.6400916],[-46.4610422,-23.6399294],[-46.4611253,-23.639868],[-46.4612165,-23.6398729],[-46.4613332,-23.6399663],[-46.4614485,-23.6399688],[-46.4615129,-23.6398508],[-46.4617355,-23.6396887],[-46.4617664,-23.63954],[-46.461951,-23.6394158],[-46.4623477,-23.6392492],[-46.4626718,-23.6392301],[-46.4628339,-23.6391055],[-46.4630273,-23.638914],[-46.463094,-23.6388655],[-46.4631789,-23.6388038],[-46.463388,-23.63889],[-46.4636337,-23.6387895],[-46.4639003,-23.6387081],[-46.4639892,-23.6387895],[-46.4641408,-23.6387512],[-46.464214,-23.638641],[-46.4643603,-23.6386171],[-46.4645485,-23.6386889],[-46.4645956,-23.6385883],[-46.4647367,-23.6385452],[-46.4648674,-23.6385644],[-46.4650033,-23.6386219],[-46.4650765,-23.6385165],[-46.4651915,-23.6385357],[-46.4654268,-23.638459],[-46.4655627,-23.6386266],[-46.4657509,-23.6388182],[-46.4659809,-23.6388517],[-46.4661586,-23.6387847],[-46.4663364,-23.6386362],[-46.4665716,-23.6384111],[-46.4667389,-23.638392],[-46.4668696,-23.6384638],[-46.4669166,-23.6386362],[-46.466948,-23.638799],[-46.4670316,-23.6388853],[-46.46711,-23.6389092],[-46.4672198,-23.6388517],[-46.4673819,-23.638823],[-46.4676328,-23.6387895],[-46.4681556,-23.6387943],[-46.4686313,-23.638823],[-46.4690077,-23.638799],[-46.4693893,-23.6388326],[-46.46975,-23.6387751],[-46.4700061,-23.6387128],[-46.4703825,-23.6386793],[-46.4708791,-23.6385931],[-46.4710857,-23.6385879],[-46.4713026,-23.6386266],[-46.4715483,-23.6386362],[-46.4717731,-23.6386841],[-46.4719978,-23.6387703],[-46.4721285,-23.6388517],[-46.4722085,-23.6388449],[-46.4722958,-23.6388374],[-46.4724108,-23.6387512],[-46.4725102,-23.6385931],[-46.4726879,-23.6384351],[-46.4728813,-23.6383537],[-46.4730904,-23.638119],[-46.4732263,-23.6379514],[-46.4732211,-23.6377024],[-46.4733675,-23.6376449],[-46.4735139,-23.6375108],[-46.4736393,-23.6373193],[-46.4736236,-23.6371564],[-46.4735034,-23.6369457],[-46.4735086,-23.6367637],[-46.473678,-23.6366043],[-46.4737371,-23.636369],[-46.4738189,-23.6362843],[-46.4739561,-23.6360583],[-46.4742743,-23.6354125],[-46.4744628,-23.6352061],[-46.4748102,-23.6348636],[-46.4750509,-23.6346526],[-46.4751032,-23.6344736],[-46.4753859,-23.6338024],[-46.4754556,-23.6336042],[-46.4754312,-23.6335147],[-46.4753859,-23.6333708],[-46.4753405,-23.6332302],[-46.475351,-23.6331343],[-46.4754138,-23.6330576],[-46.4755431,-23.6328943],[-46.4756389,-23.6327084],[-46.4755973,-23.6325378],[-46.4755763,-23.6321966],[-46.4755361,-23.6318269],[-46.475516,-23.6316396],[-46.4756032,-23.6314756],[-46.4756234,-23.6313509],[-46.4756231,-23.6312644],[-46.4755847,-23.6311493],[-46.4755254,-23.6310534],[-46.4754347,-23.6309799],[-46.4754312,-23.6308872],[-46.4755013,-23.6308453],[-46.4755866,-23.6307435],[-46.4757285,-23.6305272],[-46.4759964,-23.6302168],[-46.4760935,-23.6301072],[-46.4762023,-23.6300273],[-46.4763733,-23.6299602],[-46.4765024,-23.6298099],[-46.4765463,-23.6296985],[-46.4769797,-23.6285663],[-46.4770592,-23.6283101],[-46.4771592,-23.6279702],[-46.4771599,-23.6277718],[-46.4772087,-23.6275119],[-46.4772246,-23.6273147],[-46.4772641,-23.62701],[-46.4772752,-23.6266412],[-46.4772364,-23.6263642],[-46.477248,-23.6262611],[-46.477276,-23.6261583],[-46.4773368,-23.6260294],[-46.4773616,-23.6259769],[-46.4774463,-23.6259161],[-46.4776328,-23.6258749],[-46.4778596,-23.6257822],[-46.4782993,-23.6255584],[-46.4784493,-23.6255169],[-46.4788706,-23.6255501],[-46.4789791,-23.6255383],[-46.4790599,-23.6255073],[-46.4794246,-23.6253159],[-46.4797538,-23.6251815],[-46.4798438,-23.625133]]]]},"properties":{"name":"São Rafael","admin_level":"9"}},{"type":"Feature","geometry":{"type":"MultiPolygon","coordinates":[[[[-46.6077231,-23.3992673],[-46.6078235,-23.3997473],[-46.6081624,-23.4006126],[-46.609,-23.402]]],[[[-46.609,-23.402],[-46.611,-23.41],[-46.614,-23.412],[-46.612,-23.417],[-46.6221496,-23.4166634]]],[[[-46.6221496,-23.4166634],[-46.621,-23.42],[-46.621,-23.421],[-46.631032,-23.4265086],[-46.6312549,-23.4282072],[-46.6338087,-23.4288063]]],[[[-46.629538,-23.461995],[-46.629562,-23.462007],[-46.629597,-23.462007],[-46.629744,-23.461954],[-46.629873,-23.461888],[-46.630014,-23.461767],[-46.630102,-23.461621],[-46.630121,-23.461553],[-46.630129,-23.461242],[-46.630131,-23.460929],[-46.630127,-23.460577],[-46.630132,-23.460489],[-46.630154,-23.460422],[-46.630246,-23.460269],[-46.630372,-23.460126],[-46.630607,-23.459873],[-46.63072,-23.459781],[-46.630839,-23.459694],[-46.631132,-23.45957],[-46.63124,-23.459535],[-46.631339,-23.459518],[-46.631956,-23.459485],[-46.632158,-23.459465],[-46.632866,-23.459321],[-46.633146,-23.459255],[-46.633217,-23.459205],[-46.63341,-23.458985],[-46.633526,-23.4589],[-46.633628,-23.458812],[-46.633708,-23.458716],[-46.63374,-23.458588],[-46.633757,-23.458348],[-46.633781,-23.458181],[-46.633821,-23.457978],[-46.633896,-23.457538],[-46.633911,-23.4574725],[-46.63394,-23.457356],[-46.633995,-23.457177],[-46.63413,-23.456906],[-46.634201,-23.4567495],[-46.634253,-23.456651],[-46.634391,-23.456459],[-46.634543,-23.456281],[-46.634794,-23.455979],[-46.635046,-23.455656],[-46.635538,-23.454986],[-46.6356,-23.454895],[-46.6357964,-23.4546699],[-46.635815,-23.454642],[-46.635841,-23.454597],[-46.63587,-23.454509],[-46.635932,-23.454355],[-46.636135,-23.453369],[-46.636243,-23.452996],[-46.63632,-23.452815],[-46.636647,-23.452405],[-46.636694,-23.452276],[-46.636708,-23.452182],[-46.636637,-23.451932],[-46.636445,-23.451593],[-46.636385,-23.451465],[-46.636384,-23.451317],[-46.636399,-23.451206],[-46.636463,-23.450895],[-46.636502,-23.450685],[-46.636599,-23.450371],[-46.636618,-23.450298],[-46.636635,-23.450109],[-46.636612,-23.450023],[-46.636593,-23.449987],[-46.636512,-23.449905],[-46.636356,-23.449787],[-46.636243,-23.449694],[-46.636177,-23.449621],[-46.636057,-23.449523],[-46.636002,-23.449466],[-46.635945,-23.449381],[-46.635869,-23.449287],[-46.635863,-23.449264],[-46.635856,-23.449114],[-46.635873,-23.449013],[-46.635908,-23.448937],[-46.635986,-23.448821],[-46.636394,-23.448396],[-46.637411,-23.447485],[-46.63753,-23.447345],[-46.637615,-23.447191],[-46.637643,-23.447069],[-46.637641,-23.446878],[-46.637586,-23.44667],[-46.637512,-23.446528],[-46.637417,-23.446408],[-46.636767,-23.445959],[-46.636534,-23.445722],[-46.636514,-23.445614],[-46.636496,-23.445378],[-46.636493,-23.445163],[-46.636473,-23.445069],[-46.636404,-23.444969],[-46.636183,-23.44477],[-46.636092,-23.444649],[-46.635657,-23.443906],[-46.635481,-23.443682],[-46.635188,-23.443428],[-46.63484,-23.443195],[-46.63464,-23.443058],[-46.633475,-23.44233],[-46.633212,-23.442086],[-46.632966,-23.441658],[-46.632526,-23.440849],[-46.632304,-23.440553],[-46.631473,-23.439392],[-46.631406,-23.439212],[-46.631394,-23.439107],[-46.6314,-23.439031],[-46.631543,-23.438724],[-46.631591,-23.438605],[-46.631636,-23.438309],[-46.6316623,-23.4381071],[-46.631712,-23.437979],[-46.631785,-23.437848],[-46.631921,-23.437755],[-46.632095,-23.437646],[-46.632244,-23.437572],[-46.632438,-23.437502],[-46.63263,-23.437445],[-46.632794,-23.437386],[-46.632867,-23.437288],[-46.632895,-23.437114],[-46.632842,-23.43697],[-46.63276,-23.436682],[-46.632758,-23.436596],[-46.632778,-23.436219],[-46.632772,-23.436132],[-46.632684,-23.435879],[-46.632624,-23.435734],[-46.632592,-23.435623],[-46.632598,-23.435536],[-46.632714,-23.435276],[-46.632803,-23.4351],[-46.632916,-23.434945],[-46.633258,-23.434595],[-46.633383,-23.434471],[-46.633495,-23.434343],[-46.633593,-23.434213],[-46.633755,-23.43385],[-46.633897,-23.433585],[-46.633963,-23.433434],[-46.634031,-23.433256],[-46.634076,-23.433107],[-46.634103,-23.432946],[-46.634106,-23.432879],[-46.634093,-23.432787],[-46.634054,-23.43263],[-46.633982,-23.432468],[-46.633942,-23.432323],[-46.633831,-23.4319985],[-46.633785,-23.431843],[-46.633766,-23.431707],[-46.633766,-23.431583],[-46.633795,-23.431481],[-46.633866,-23.431365],[-46.633948,-23.431273],[-46.634047,-23.431184],[-46.634113,-23.43114],[-46.634146,-23.431105],[-46.634166,-23.431051],[-46.634169,-23.430994],[-46.634124,-23.430853],[-46.634058,-23.430745],[-46.633959,-23.430633],[-46.633892,-23.43051],[-46.633815,-23.430327],[-46.633775,-23.430188],[-46.633789,-23.430001],[-46.633838,-23.429745],[-46.633851,-23.429565],[-46.633859,-23.429191],[-46.6338087,-23.4288063]]],[[[-46.629538,-23.461995],[-46.628758,-23.462493],[-46.628635,-23.462536],[-46.628557,-23.462571],[-46.628423,-23.462705],[-46.628297,-23.462863],[-46.627631,-23.463756],[-46.627584,-23.463781],[-46.627532,-23.463798],[-46.627405,-23.463799],[-46.626715,-23.46352],[-46.626662,-23.463475],[-46.626519,-23.463316],[-46.626378,-23.463181],[-46.626211,-23.463129],[-46.625674,-23.463005],[-46.624969,-23.462837],[-46.624897,-23.462818],[-46.624706,-23.462722],[-46.62465,-23.46272],[-46.624577,-23.462743],[-46.624137,-23.462952],[-46.623617,-23.463207],[-46.623249,-23.463344],[-46.622704,-23.463521],[-46.622457,-23.463581],[-46.622008,-23.463539],[-46.621829,-23.463569],[-46.621606,-23.463614],[-46.621423,-23.463635],[-46.621141,-23.463585],[-46.62103,-23.463539],[-46.620826,-23.463473],[-46.620596,-23.463408],[-46.620304,-23.463351],[-46.620036,-23.463355],[-46.61964,-23.463392],[-46.619399,-23.463421],[-46.619299,-23.463444],[-46.618355,-23.46377],[-46.617755,-23.464006],[-46.616552,-23.46457],[-46.616552,-23.464386],[-46.616601,-23.463921],[-46.616522,-23.463552],[-46.616473,-23.463367],[-46.615427,-23.463599],[-46.615249,-23.463064],[-46.614017,-23.462085],[-46.61394,-23.462049],[-46.61384,-23.462025],[-46.613716,-23.462014],[-46.613531,-23.462021],[-46.613406,-23.462012],[-46.613222,-23.461941],[-46.612314,-23.462322],[-46.611514,-23.463056],[-46.610718,-23.464266],[-46.61029,-23.46397],[-46.610083,-23.463844],[-46.609816,-23.463737],[-46.609472,-23.463662],[-46.609043,-23.463608],[-46.608654,-23.463542],[-46.608081,-23.463457],[-46.607533,-23.463392],[-46.607387,-23.463362],[-46.606941,-23.463298],[-46.60603,-23.46317],[-46.605012,-23.463017],[-46.604848,-23.462964],[-46.604575,-23.462415]]],[[[-46.604575,-23.462415],[-46.604215,-23.462582],[-46.603274,-23.463077],[-46.60318,-23.462835],[-46.60308,-23.462982],[-46.602982,-23.463159],[-46.602898,-23.46329],[-46.602814,-23.463395],[-46.602675,-23.463516],[-46.602524,-23.46362],[-46.602312,-23.463719],[-46.602169,-23.463756],[-46.6021384,-23.4637617],[-46.602006,-23.463765],[-46.601846,-23.463765],[-46.6014988,-23.4637394],[-46.601323,-23.463701],[-46.601182,-23.463687],[-46.601008,-23.463686],[-46.600837,-23.463709],[-46.600704,-23.463751],[-46.600561,-23.463808],[-46.600326,-23.463971],[-46.600173,-23.464143],[-46.600108,-23.464238],[-46.600036,-23.464359],[-46.599873,-23.46467],[-46.599818,-23.464746],[-46.599665,-23.464894],[-46.59954,-23.464991],[-46.599357,-23.465095],[-46.59912,-23.465144],[-46.598192,-23.465259],[-46.598073,-23.465307],[-46.597127,-23.465822],[-46.596065,-23.466402],[-46.595502,-23.466716]]],[[[-46.595502,-23.466716],[-46.594882,-23.465734],[-46.594674,-23.465787],[-46.594455,-23.465831],[-46.594037,-23.465941],[-46.593834,-23.465946],[-46.593727,-23.465934],[-46.59362,-23.465878],[-46.593519,-23.465775],[-46.593289,-23.465502],[-46.593152,-23.465361],[-46.592976,-23.465204],[-46.592768,-23.465034],[-46.592577,-23.464872],[-46.592163,-23.464415],[-46.592052,-23.464275],[-46.591962,-23.464187],[-46.591722,-23.464022],[-46.591161,-23.463644],[-46.590807,-23.463458],[-46.590673,-23.463403],[-46.590554,-23.463393],[-46.590407,-23.463389],[-46.590286,-23.463412],[-46.590211,-23.463453],[-46.590125,-23.463535],[-46.589889,-23.463787],[-46.589845,-23.463817],[-46.589748,-23.463858],[-46.589456,-23.463934],[-46.589261,-23.463967],[-46.589097,-23.463982],[-46.588884,-23.463981],[-46.588647,-23.463947],[-46.588482,-23.463898],[-46.588363,-23.463838],[-46.588225,-23.463746],[-46.588158,-23.46368],[-46.588089,-23.463578],[-46.587848,-23.463195],[-46.587376,-23.462529],[-46.586961,-23.462004],[-46.586853,-23.461853],[-46.586773,-23.461702],[-46.586643,-23.461415],[-46.586339,-23.460862],[-46.586064,-23.460435],[-46.585677,-23.459861],[-46.585404,-23.459442],[-46.585277,-23.459267],[-46.585014,-23.458841],[-46.58492,-23.45871],[-46.58483,-23.458613],[-46.584701,-23.458493],[-46.584568,-23.458389],[-46.58439,-23.458299],[-46.58428,-23.458267],[-46.583957,-23.458189],[-46.583776,-23.458125],[-46.583481,-23.458015],[-46.583392,-23.457972],[-46.583108,-23.457808],[-46.582577,-23.457519],[-46.582459,-23.45744],[-46.582281,-23.457262],[-46.582101,-23.457069],[-46.58232,-23.457007],[-46.582661,-23.456936],[-46.583132,-23.456855],[-46.583627,-23.456767],[-46.584293,-23.456641],[-46.584507,-23.456579],[-46.584794,-23.456456],[-46.58493,-23.456422],[-46.585144,-23.456382],[-46.5854,-23.456378],[-46.585731,-23.456352],[-46.585753,-23.456255],[-46.585741,-23.456192],[-46.585621,-23.455914],[-46.58554,-23.455755],[-46.585481,-23.455679],[-46.585426,-23.455631],[-46.585239,-23.455551],[-46.585195,-23.45552],[-46.585128,-23.455411],[-46.58494,-23.455011],[-46.584886,-23.454883],[-46.584802,-23.454776],[-46.584627,-23.454631],[-46.584467,-23.454438],[-46.584059,-23.454019],[-46.583905,-23.453812],[-46.583825,-23.453712],[-46.583706,-23.453511],[-46.583629,-23.45339],[-46.583523,-23.453298],[-46.583195,-23.452995],[-46.582927,-23.452806],[-46.582775,-23.452672],[-46.582712,-23.452634],[-46.582582,-23.452585],[-46.582487,-23.452529],[-46.582335,-23.452414],[-46.58231,-23.452379],[-46.5822,-23.452123],[-46.582147,-23.451967],[-46.581962,-23.451615],[-46.581823,-23.451359],[-46.581743,-23.451245],[-46.581655,-23.451166],[-46.5815,-23.451091],[-46.581317,-23.45094],[-46.581089,-23.450758],[-46.580831,-23.450559],[-46.580572,-23.450349],[-46.580287,-23.450109],[-46.580128,-23.449903],[-46.580035,-23.449716],[-46.57997,-23.449653],[-46.579787,-23.44942],[-46.57971,-23.449268],[-46.579535,-23.449017],[-46.579543,-23.448992],[-46.579453,-23.448746],[-46.579401,-23.448493],[-46.579407,-23.448295],[-46.57938,-23.448253],[-46.579285,-23.448223],[-46.579018,-23.448215],[-46.578674,-23.448173],[-46.578157,-23.448085],[-46.577756,-23.447943],[-46.577234,-23.447715],[-46.576843,-23.447535],[-46.576757,-23.447518],[-46.576497,-23.447511],[-46.576286,-23.447561],[-46.576177,-23.447601],[-46.576058,-23.447699],[-46.57562,-23.448232],[-46.575528,-23.448346],[-46.575423,-23.448439],[-46.575336,-23.448496],[-46.5752913,-23.4485126]]],[[[-46.5752913,-23.4485126],[-46.575212,-23.448542]]],[[[-46.575212,-23.448542],[-46.575097,-23.448556],[-46.574976,-23.448555],[-46.574951,-23.448427],[-46.574915,-23.448086],[-46.574874,-23.447908],[-46.574865,-23.447842],[-46.574871,-23.447722],[-46.574819,-23.447562],[-46.574796,-23.447448],[-46.574805,-23.447352],[-46.574734,-23.447268],[-46.574689,-23.447155],[-46.574649,-23.447093],[-46.57462,-23.447],[-46.57464,-23.446951],[-46.574685,-23.446921],[-46.574726,-23.446875],[-46.574736,-23.446835],[-46.574734,-23.446788],[-46.574697,-23.446703],[-46.574632,-23.446645],[-46.574586,-23.446543],[-46.574564,-23.446437],[-46.574555,-23.446323],[-46.574531,-23.446199],[-46.574508,-23.446128],[-46.574414,-23.446009],[-46.574389,-23.445952],[-46.574392,-23.44589],[-46.574416,-23.445829],[-46.574405,-23.445712],[-46.574387,-23.445655],[-46.574328,-23.445581],[-46.574255,-23.445505],[-46.574205,-23.445417],[-46.574101,-23.445197],[-46.574072,-23.445118],[-46.574066,-23.445064],[-46.574083,-23.44496],[-46.574061,-23.444824],[-46.57403,-23.444771],[-46.573954,-23.444671],[-46.573909,-23.444544],[-46.57389,-23.444407],[-46.573871,-23.444223],[-46.57386,-23.444053],[-46.573866,-23.44394],[-46.573863,-23.443822],[-46.573838,-23.443685],[-46.573769,-23.443536],[-46.573725,-23.44347],[-46.573578,-23.443307],[-46.573358,-23.443081],[-46.573271,-23.442901],[-46.573177,-23.442739],[-46.572995,-23.442492],[-46.572887,-23.442396],[-46.572817,-23.442343],[-46.572691,-23.442222],[-46.572645,-23.442169],[-46.572628,-23.442127],[-46.572633,-23.442084],[-46.5726765,-23.442026]]],[[[-46.5726765,-23.442026],[-46.572696,-23.442],[-46.5727347,-23.4419704],[-46.572853,-23.44188],[-46.572871,-23.441847],[-46.572871,-23.441805],[-46.5727986,-23.4416297]]],[[[-46.5727986,-23.4416297],[-46.5725585,-23.4413143],[-46.5724073,-23.441109],[-46.5723099,-23.4408915],[-46.5722252,-23.4407285],[-46.5721163,-23.4406092],[-46.572021,-23.440509],[-46.571866,-23.440361],[-46.571642,-23.440208],[-46.571468,-23.44008],[-46.571346,-23.4399655]]],[[[-46.571346,-23.4399655],[-46.5712634,-23.439888]]],[[[-46.5712634,-23.439888],[-46.5711102,-23.4397443],[-46.5709393,-23.4395848],[-46.570668,-23.439367],[-46.5706649,-23.4392797],[-46.5706437,-23.4391779],[-46.5706724,-23.4390197],[-46.5706588,-23.4388444],[-46.5706126,-23.4386817],[-46.5705386,-23.438627],[-46.570461,-23.438586],[-46.570262,-23.438503],[-46.570135,-23.438442],[-46.570037,-23.438402],[-46.569948,-23.438387],[-46.56977,-23.438393],[-46.569458,-23.43838],[-46.569338,-23.438359],[-46.569215,-23.438323],[-46.569137,-23.438282],[-46.569036,-23.438163],[-46.568839,-23.437973],[-46.568782,-23.437901]]],[[[-46.568782,-23.437901],[-46.568712,-23.437761],[-46.568668,-23.437707],[-46.568605,-23.43766],[-46.56847,-23.437621],[-46.568298,-23.437595],[-46.568022,-23.4375675]]],[[[-46.568022,-23.4375675],[-46.5680363,-23.4373625],[-46.5680886,-23.436854],[-46.5681586,-23.4363868],[-46.5682176,-23.4360004],[-46.5683509,-23.4352818],[-46.5684616,-23.4348212],[-46.568605,-23.4342728],[-46.5688066,-23.4335958],[-46.5690447,-23.4329085],[-46.5694273,-23.4319189],[-46.5696636,-23.4314308],[-46.569813,-23.430852],[-46.570059,-23.430364],[-46.570315,-23.429883],[-46.570554,-23.429449],[-46.57077,-23.429069],[-46.5704503,-23.4289392],[-46.570248,-23.428857]]],[[[-46.570248,-23.428857],[-46.570026,-23.428764],[-46.569926,-23.428735],[-46.569738,-23.42871],[-46.56934,-23.428672],[-46.569188,-23.428667],[-46.569053,-23.428678],[-46.568957,-23.428721],[-46.568815,-23.428821],[-46.568655,-23.428926],[-46.568555,-23.428969],[-46.568385,-23.429008],[-46.568266,-23.429062],[-46.568094,-23.429174],[-46.567862,-23.429343],[-46.567499,-23.429583],[-46.5671006,-23.4298611],[-46.5670451,-23.429886]]],[[[-46.5670451,-23.429886],[-46.567036,-23.42979],[-46.566986,-23.429672],[-46.566971,-23.429552],[-46.566967,-23.429483],[-46.566982,-23.42939],[-46.566982,-23.429285],[-46.566978,-23.429245],[-46.566948,-23.42918],[-46.566872,-23.429119],[-46.566811,-23.429071],[-46.56673,-23.429014],[-46.566662,-23.42898],[-46.566608,-23.428947],[-46.566551,-23.428919],[-46.566505,-23.428898],[-46.566414,-23.428844],[-46.566345,-23.428793],[-46.566296,-23.42874],[-46.566235,-23.428593],[-46.566212,-23.428492],[-46.566196,-23.428434],[-46.566166,-23.428307],[-46.566086,-23.428173],[-46.56601,-23.42808],[-46.565929,-23.427958],[-46.565899,-23.427902],[-46.565819,-23.427731],[-46.565769,-23.427616],[-46.565727,-23.42753],[-46.565681,-23.427423],[-46.565643,-23.427326],[-46.565613,-23.427177],[-46.565594,-23.427055],[-46.565598,-23.426952],[-46.565582,-23.426708],[-46.565559,-23.426569],[-46.565571,-23.426405],[-46.565632,-23.42613],[-46.565704,-23.426041],[-46.565784,-23.425961],[-46.565887,-23.425816],[-46.566002,-23.42561],[-46.566128,-23.42544],[-46.566208,-23.425299],[-46.566212,-23.425194],[-46.5662,-23.425064],[-46.566189,-23.424971],[-46.566116,-23.424847],[-46.566006,-23.424713],[-46.565899,-23.424589],[-46.565826,-23.424486],[-46.565777,-23.424393],[-46.565762,-23.424334],[-46.565739,-23.424225],[-46.565762,-23.424114],[-46.56583,-23.424025],[-46.56604,-23.423887],[-46.56617,-23.423786],[-46.566292,-23.423672],[-46.566357,-23.423615],[-46.566383,-23.423565],[-46.566479,-23.423307],[-46.566486,-23.423126],[-46.566479,-23.422974],[-46.566475,-23.422783],[-46.56649,-23.422602],[-46.566559,-23.422384],[-46.566654,-23.422167],[-46.566715,-23.421728],[-46.566616,-23.421434],[-46.566502,-23.421112],[-46.566471,-23.420748],[-46.566486,-23.420368],[-46.56654,-23.420052],[-46.566654,-23.419743],[-46.566971,-23.419043],[-46.567299,-23.418722],[-46.567738,-23.41861],[-46.56768,-23.418158],[-46.567619,-23.417845],[-46.567436,-23.417358],[-46.567169,-23.417042],[-46.567162,-23.416906],[-46.56712,-23.416733],[-46.567024,-23.416456],[-46.567066,-23.416283],[-46.567093,-23.416162],[-46.567036,-23.415989],[-46.566948,-23.415703],[-46.566933,-23.415522],[-46.566868,-23.415251],[-46.566723,-23.41518],[-46.566452,-23.414991],[-46.566231,-23.414951],[-46.565964,-23.414852],[-46.565876,-23.414751],[-46.56572,-23.414631],[-46.565517,-23.414469],[-46.565205,-23.414309],[-46.56485,-23.414169],[-46.564625,-23.413946],[-46.564224,-23.413809],[-46.563999,-23.413464],[-46.563889,-23.41326],[-46.563774,-23.413076],[-46.563572,-23.412935],[-46.563286,-23.412958],[-46.562855,-23.413107],[-46.562191,-23.413036],[-46.561939,-23.412758],[-46.561768,-23.412352],[-46.5616,-23.412071],[-46.561264,-23.411896],[-46.560875,-23.411722],[-46.56065,-23.411493],[-46.560429,-23.411394],[-46.560287,-23.411165],[-46.559837,-23.410709],[-46.559505,-23.410458],[-46.558979,-23.410414],[-46.558563,-23.410494],[-46.55843,-23.4107],[-46.558041,-23.410805],[-46.557793,-23.410706],[-46.557568,-23.410503],[-46.55748,-23.410172],[-46.557423,-23.409866],[-46.557114,-23.409691],[-46.556534,-23.409569],[-46.556393,-23.409416],[-46.556389,-23.409187],[-46.556358,-23.40888],[-46.556137,-23.40873],[-46.556023,-23.408449],[-46.556103,-23.408142],[-46.556038,-23.407429],[-46.555782,-23.406895],[-46.555611,-23.406385],[-46.555588,-23.405947],[-46.5557824,-23.4049488],[-46.5556728,-23.4038109],[-46.5558769,-23.4024271],[-46.556285,-23.4021801],[-46.55727,-23.40217],[-46.5580022,-23.4021346],[-46.5581378,-23.4017575],[-46.5585441,-23.4014065],[-46.5592108,-23.4013301],[-46.5595181,-23.4010405]]],[[[-46.5595181,-23.4010405],[-46.559845,-23.400797],[-46.560108,-23.400652],[-46.560085,-23.400488],[-46.560081,-23.400223],[-46.559788,-23.399755],[-46.559452,-23.399513],[-46.559135,-23.39929],[-46.558861,-23.399269],[-46.558483,-23.399057],[-46.558121,-23.398775],[-46.557693,-23.398466],[-46.557487,-23.398348],[-46.557156,-23.398073],[-46.556419,-23.39736],[-46.555973,-23.396894],[-46.555477,-23.396421],[-46.554916,-23.395855],[-46.554668,-23.3955],[-46.554211,-23.394966],[-46.553886,-23.39451],[-46.553337,-23.393639],[-46.552841,-23.392965],[-46.552498,-23.392561],[-46.552052,-23.392166],[-46.551617,-23.391945],[-46.551208,-23.391714],[-46.550674,-23.391233],[-46.550446,-23.39094],[-46.550125,-23.390665],[-46.549812,-23.390537],[-46.549377,-23.390299],[-46.548939,-23.389894],[-46.548603,-23.389412],[-46.548431,-23.389074],[-46.548103,-23.388575],[-46.547874,-23.388178],[-46.547722,-23.387901],[-46.547352,-23.387566],[-46.546932,-23.387327],[-46.546646,-23.386974]]],[[[-46.546646,-23.386974],[-46.546509,-23.386515],[-46.546204,-23.385988],[-46.545898,-23.385635],[-46.545612,-23.385324],[-46.545113,-23.384626],[-46.54475,-23.384048],[-46.544739,-23.383726],[-46.544777,-23.383215],[-46.544724,-23.382538],[-46.544659,-23.381868],[-46.544662,-23.381445],[-46.544659,-23.380959],[-46.544682,-23.380556],[-46.544762,-23.379963],[-46.544884,-23.379377],[-46.544983,-23.378927],[-46.545425,-23.37829],[-46.545689,-23.377846],[-46.545788,-23.377373],[-46.54586,-23.376923],[-46.545719,-23.376488],[-46.545486,-23.376148],[-46.545212,-23.375811],[-46.544891,-23.37553],[-46.544388,-23.375254],[-46.544163,-23.375166],[-46.5439,-23.375044],[-46.543556,-23.374943],[-46.543243,-23.374826],[-46.543022,-23.374601],[-46.542679,-23.374233],[-46.542393,-23.373932],[-46.541992,-23.373568],[-46.541527,-23.373217],[-46.541092,-23.372831],[-46.540634,-23.372452],[-46.540085,-23.372007],[-46.539814,-23.371767],[-46.539509,-23.371538],[-46.539196,-23.371317],[-46.539028,-23.371145],[-46.538895,-23.370899],[-46.538883,-23.370544],[-46.53883,-23.370293],[-46.538712,-23.370087],[-46.538319,-23.369844],[-46.538078,-23.369751],[-46.537724,-23.369577],[-46.537407,-23.369328],[-46.537376,-23.369055],[-46.537415,-23.368811],[-46.537445,-23.368509],[-46.537479,-23.368233],[-46.537567,-23.367926],[-46.537621,-23.367638],[-46.537682,-23.367393],[-46.537682,-23.367174],[-46.537689,-23.366909],[-46.537643,-23.366474],[-46.537521,-23.366182],[-46.537308,-23.365656],[-46.536999,-23.365122],[-46.536755,-23.364632],[-46.536613,-23.364326],[-46.536446,-23.363922],[-46.536209,-23.363668]]],[[[-46.5455835,-23.358563],[-46.545141,-23.3586906],[-46.5447166,-23.3588129],[-46.5435362,-23.3593897],[-46.5420561,-23.3602021],[-46.5406358,-23.3611183],[-46.5398244,-23.3616212],[-46.5397493,-23.3618011],[-46.5395153,-23.3620186],[-46.5390961,-23.362259],[-46.5385659,-23.3625796],[-46.5381465,-23.3627513],[-46.5376903,-23.3629918],[-46.5373204,-23.3632322],[-46.5370445,-23.3634105],[-46.536209,-23.363668]]],[[[-46.5636188,-23.369831],[-46.5625159,-23.3691801],[-46.5613177,-23.3685903],[-46.559851,-23.3678363],[-46.5592773,-23.367496],[-46.5586709,-23.3668921],[-46.5582711,-23.3664744],[-46.5578341,-23.3660675],[-46.5574363,-23.365878],[-46.5569168,-23.3656306],[-46.5562438,-23.3653345],[-46.5557729,-23.3647441],[-46.5553407,-23.36404],[-46.5551965,-23.3638205],[-46.5549814,-23.3634056],[-46.5543332,-23.3623551],[-46.5537659,-23.361626],[-46.5528451,-23.3606629],[-46.5519734,-23.3597119],[-46.5514054,-23.3590286],[-46.5506759,-23.3584229],[-46.5498328,-23.3578386],[-46.5497986,-23.3578149],[-46.549627,-23.3577551],[-46.5492199,-23.3577833],[-46.5486902,-23.3578162],[-46.5481612,-23.357849],[-46.5473294,-23.3580748],[-46.5455835,-23.358563]]],[[[-46.5799799,-23.3731371],[-46.5797806,-23.3730142],[-46.5795333,-23.3731548],[-46.5791817,-23.3733548],[-46.5787794,-23.3736466],[-46.5778208,-23.3738552],[-46.5773389,-23.3738051],[-46.5764366,-23.3736811],[-46.5752951,-23.3740475],[-46.5741696,-23.3748559],[-46.5737985,-23.3749492],[-46.5726267,-23.375244],[-46.5722387,-23.3753416],[-46.5702988,-23.3756327],[-46.5688933,-23.375646],[-46.5684256,-23.375607],[-46.5680563,-23.3755762],[-46.5672927,-23.3747871],[-46.5669721,-23.3740389],[-46.566618,-23.3730844],[-46.5662786,-23.3725289],[-46.5660538,-23.372161],[-46.5655699,-23.3716048],[-46.5652955,-23.3713026],[-46.5650856,-23.3710715],[-46.5648562,-23.3707821],[-46.5642117,-23.3702463],[-46.5636188,-23.369831]]],[[[-46.6077231,-23.3992673],[-46.6072705,-23.3988961],[-46.6065237,-23.3979574],[-46.6055634,-23.3971084],[-46.6050761,-23.3967467],[-46.6046482,-23.3965231],[-46.604316,-23.3964839],[-46.6030713,-23.396454],[-46.6019601,-23.3965634],[-46.6006396,-23.3958587],[-46.6006093,-23.3959095],[-46.5996224,-23.3947448],[-46.5993452,-23.3943519],[-46.5989994,-23.3936263],[-46.5988374,-23.392972],[-46.5988001,-23.3927535],[-46.5987011,-23.3921743],[-46.5991555,-23.391593],[-46.5996548,-23.3912116],[-46.6003652,-23.3907303],[-46.6009822,-23.3899275],[-46.6009694,-23.3891954],[-46.6008236,-23.3887164],[-46.6007352,-23.3884257],[-46.6005686,-23.3880573],[-46.5996925,-23.3875381],[-46.5984347,-23.3868213],[-46.5969051,-23.3859103],[-46.5956691,-23.3853544],[-46.5950205,-23.3850589],[-46.5935808,-23.3849003],[-46.592621,-23.3847946],[-46.5916278,-23.3846628],[-46.590275,-23.3835132],[-46.5889008,-23.3823606],[-46.5873232,-23.3808275],[-46.5865451,-23.3801641],[-46.5860009,-23.3795156],[-46.5854696,-23.3792894],[-46.5850016,-23.3793307],[-46.5843218,-23.3789604],[-46.5839106,-23.3782259],[-46.5836805,-23.3777261],[-46.5833024,-23.3772284],[-46.5829895,-23.3769471],[-46.5822488,-23.3769123],[-46.5817179,-23.3768744],[-46.5808754,-23.3766466],[-46.5806128,-23.3764218],[-46.5805846,-23.3762049],[-46.5805921,-23.3759074],[-46.5806552,-23.3752316],[-46.5806686,-23.3745338],[-46.5803853,-23.3737945],[-46.5799799,-23.3731371]]]]},"properties":{"name":"Tremembé","admin_level":"9"}},{"type":"Feature","geometry":{"type":"MultiPolygon","coordinates":[[[[-46.6218099,-23.4792964],[-46.621748,-23.479155],[-46.62159,-23.478873],[-46.621312,-23.478595],[-46.621166,-23.47838],[-46.620689,-23.477504],[-46.620279,-23.476971],[-46.619847,-23.476543],[-46.619649,-23.476316],[-46.619549,-23.476107],[-46.6193115,-23.475594],[-46.619208,-23.4753354],[-46.6190395,-23.4749297],[-46.6189836,-23.4748354],[-46.618893,-23.474581],[-46.618811,-23.474403],[-46.618595,-23.473962],[-46.619212,-23.473786],[-46.620762,-23.47341],[-46.621048,-23.473316],[-46.621299,-23.473242],[-46.621597,-23.473168],[-46.621974,-23.473101],[-46.623151,-23.472903],[-46.624441,-23.472587],[-46.625045,-23.472484],[-46.625839,-23.472312],[-46.62618,-23.472255],[-46.626627,-23.472122],[-46.627026,-23.471989],[-46.627188,-23.471967],[-46.627357,-23.471963],[-46.627786,-23.471978],[-46.627499,-23.471475],[-46.627387,-23.47125],[-46.627334,-23.471011],[-46.627282,-23.470522],[-46.62728,-23.470375],[-46.627339,-23.470199],[-46.627552,-23.469836],[-46.627734,-23.469667],[-46.628015,-23.469496],[-46.628684,-23.469467],[-46.629322,-23.469438],[-46.630428,-23.469409],[-46.63046,-23.469229],[-46.630584,-23.468617],[-46.630607,-23.468424],[-46.630693,-23.468021],[-46.630801,-23.467476],[-46.630812,-23.467369],[-46.630813,-23.467223],[-46.63082,-23.467084],[-46.630794,-23.466955],[-46.630748,-23.466832],[-46.630683,-23.466729],[-46.630624,-23.46666],[-46.630509,-23.46655],[-46.630437,-23.466497],[-46.630256,-23.466383],[-46.630142,-23.466293],[-46.630074,-23.466224],[-46.62996,-23.46608],[-46.629878,-23.465878],[-46.629863,-23.465768],[-46.629833,-23.46542],[-46.629829,-23.465288],[-46.629796,-23.465154],[-46.629739,-23.465028],[-46.62968,-23.464926],[-46.629622,-23.464852],[-46.629501,-23.464785],[-46.629379,-23.4647],[-46.629231,-23.464535],[-46.629158,-23.4644],[-46.629131,-23.46431],[-46.629129,-23.464167],[-46.629222,-23.463876],[-46.629257,-23.46369],[-46.629281,-23.46352],[-46.6293,-23.463194],[-46.629351,-23.462483],[-46.629368,-23.462429],[-46.629444,-23.462261],[-46.629517,-23.462085],[-46.629538,-23.461995]]],[[[-46.629538,-23.461995],[-46.628758,-23.462493],[-46.628635,-23.462536],[-46.628557,-23.462571],[-46.628423,-23.462705],[-46.628297,-23.462863],[-46.627631,-23.463756],[-46.627584,-23.463781],[-46.627532,-23.463798],[-46.627405,-23.463799],[-46.626715,-23.46352],[-46.626662,-23.463475],[-46.626519,-23.463316],[-46.626378,-23.463181],[-46.626211,-23.463129],[-46.625674,-23.463005],[-46.624969,-23.462837],[-46.624897,-23.462818],[-46.624706,-23.462722],[-46.62465,-23.46272],[-46.624577,-23.462743],[-46.624137,-23.462952],[-46.623617,-23.463207],[-46.623249,-23.463344],[-46.622704,-23.463521],[-46.622457,-23.463581],[-46.622008,-23.463539],[-46.621829,-23.463569],[-46.621606,-23.463614],[-46.621423,-23.463635],[-46.621141,-23.463585],[-46.62103,-23.463539],[-46.620826,-23.463473],[-46.620596,-23.463408],[-46.620304,-23.463351],[-46.620036,-23.463355],[-46.61964,-23.463392],[-46.619399,-23.463421],[-46.619299,-23.463444],[-46.618355,-23.46377],[-46.617755,-23.464006],[-46.616552,-23.46457],[-46.616552,-23.464386],[-46.616601,-23.463921],[-46.616522,-23.463552],[-46.616473,-23.463367],[-46.615427,-23.463599],[-46.615249,-23.463064],[-46.614017,-23.462085],[-46.61394,-23.462049],[-46.61384,-23.462025],[-46.613716,-23.462014],[-46.613531,-23.462021],[-46.613406,-23.462012],[-46.613222,-23.461941],[-46.612314,-23.462322],[-46.611514,-23.463056],[-46.610718,-23.464266],[-46.61029,-23.46397],[-46.610083,-23.463844],[-46.609816,-23.463737],[-46.609472,-23.463662],[-46.609043,-23.463608],[-46.608654,-23.463542],[-46.608081,-23.463457],[-46.607533,-23.463392],[-46.607387,-23.463362],[-46.606941,-23.463298],[-46.60603,-23.46317],[-46.605012,-23.463017],[-46.604848,-23.462964],[-46.604575,-23.462415]]],[[[-46.604575,-23.462415],[-46.604215,-23.462582],[-46.603274,-23.463077],[-46.60318,-23.462835],[-46.60308,-23.462982],[-46.602982,-23.463159],[-46.602898,-23.46329],[-46.602814,-23.463395],[-46.602675,-23.463516],[-46.602524,-23.46362],[-46.602312,-23.463719],[-46.602169,-23.463756],[-46.6021384,-23.4637617],[-46.602006,-23.463765],[-46.601846,-23.463765],[-46.6014988,-23.4637394],[-46.601323,-23.463701],[-46.601182,-23.463687],[-46.601008,-23.463686],[-46.600837,-23.463709],[-46.600704,-23.463751],[-46.600561,-23.463808],[-46.600326,-23.463971],[-46.600173,-23.464143],[-46.600108,-23.464238],[-46.600036,-23.464359],[-46.599873,-23.46467],[-46.599818,-23.464746],[-46.599665,-23.464894],[-46.59954,-23.464991],[-46.599357,-23.465095],[-46.59912,-23.465144],[-46.598192,-23.465259],[-46.598073,-23.465307],[-46.597127,-23.465822],[-46.596065,-23.466402],[-46.595502,-23.466716]]],[[[-46.595502,-23.466716],[-46.594945,-23.467028],[-46.594149,-23.467647],[-46.594066,-23.467725],[-46.593876,-23.467885],[-46.593744,-23.467967],[-46.593495,-23.468053],[-46.593243,-23.468167],[-46.592957,-23.468317],[-46.592679,-23.46843],[-46.592377,-23.468525],[-46.592034,-23.468612],[-46.591829,-23.468632],[-46.591634,-23.46863],[-46.591421,-23.468584],[-46.591185,-23.468502],[-46.590992,-23.468411],[-46.590388,-23.468132],[-46.590247,-23.468072],[-46.590167,-23.468341],[-46.590104,-23.468577],[-46.589967,-23.469042],[-46.589902,-23.469229],[-46.589811,-23.469434],[-46.589764,-23.469563],[-46.589726,-23.469701],[-46.589631,-23.47001],[-46.589269,-23.469904],[-46.589223,-23.469869],[-46.588607,-23.470468],[-46.588161,-23.470896],[-46.587891,-23.47116],[-46.587487,-23.47155],[-46.587263,-23.471775],[-46.587207,-23.471824],[-46.586656,-23.472358],[-46.585858,-23.47314],[-46.585444,-23.473536],[-46.585208,-23.473785],[-46.585067,-23.473974],[-46.584816,-23.474438],[-46.58474,-23.474587],[-46.58471,-23.474665],[-46.584646,-23.474894],[-46.584593,-23.475137],[-46.58457,-23.475295],[-46.584545,-23.475534],[-46.584538,-23.475825],[-46.584561,-23.475947],[-46.584771,-23.476787],[-46.58481,-23.477004],[-46.584253,-23.477457],[-46.583491,-23.478098]]],[[[-46.5846438,-23.4788044],[-46.583491,-23.478098]]],[[[-46.5853983,-23.479237],[-46.5853425,-23.4792072],[-46.5850385,-23.479045],[-46.5846438,-23.4788044]]],[[[-46.5858277,-23.479496],[-46.5853983,-23.479237]]],[[[-46.5862839,-23.4797711],[-46.5858277,-23.479496]]],[[[-46.5905121,-23.4822247],[-46.5904045,-23.482047],[-46.5901868,-23.4817436],[-46.58929,-23.48159],[-46.588061,-23.480906],[-46.587706,-23.480651],[-46.587407,-23.480443],[-46.587013,-23.480206],[-46.586559,-23.479937],[-46.5862839,-23.4797711]]],[[[-46.5960241,-23.4900883],[-46.5959809,-23.4900647],[-46.595815,-23.489992],[-46.5954821,-23.4897565],[-46.595207,-23.48959],[-46.5950843,-23.4895013],[-46.5949696,-23.4894097],[-46.5949124,-23.4892755],[-46.5947592,-23.4889956],[-46.5944696,-23.4885069],[-46.5943616,-23.4883189],[-46.5942602,-23.4881418],[-46.5941089,-23.4878805],[-46.593715,-23.4870195],[-46.5936532,-23.4868717],[-46.5936165,-23.4867273],[-46.5935506,-23.4865543],[-46.593469,-23.486186],[-46.5934117,-23.4860037],[-46.593347,-23.4858942],[-46.5932573,-23.4857244],[-46.5928821,-23.4851276],[-46.5927978,-23.4850111],[-46.5925003,-23.4845929],[-46.592219,-23.484163],[-46.5921196,-23.4839671],[-46.5917432,-23.4834118],[-46.591652,-23.4832568],[-46.5916445,-23.4831847],[-46.5915891,-23.4830499],[-46.5915138,-23.4829441],[-46.5914396,-23.4828634],[-46.591361,-23.48282],[-46.591194,-23.48271],[-46.5908795,-23.4825201],[-46.590622,-23.4823506],[-46.5905385,-23.4822684],[-46.5905121,-23.4822247]]],[[[-46.5961515,-23.4901777],[-46.5960241,-23.4900883]]],[[[-46.5984146,-23.4914313],[-46.598383,-23.491324],[-46.598331,-23.491262],[-46.598243,-23.491207],[-46.598019,-23.491105],[-46.597799,-23.491021],[-46.597404,-23.490775],[-46.596757,-23.490428],[-46.596429,-23.490299],[-46.596247,-23.49022],[-46.5961515,-23.4901777]]],[[[-46.5990364,-23.4916583],[-46.5986886,-23.4916208],[-46.5985001,-23.4915725],[-46.598434,-23.491497],[-46.5984146,-23.4914313]]],[[[-46.611285,-23.492596],[-46.610617,-23.492507],[-46.610521,-23.492531],[-46.6091596,-23.4928275],[-46.6081344,-23.4929865],[-46.6077378,-23.4930534],[-46.6072268,-23.4931449],[-46.606698,-23.493185],[-46.6063,-23.493166],[-46.605786,-23.493097],[-46.605248,-23.493],[-46.60446,-23.492834],[-46.604088,-23.492761],[-46.602117,-23.49231],[-46.601989,-23.492245],[-46.601829,-23.492204],[-46.60159,-23.492136],[-46.6007159,-23.4919785],[-46.5999708,-23.4918536],[-46.599555,-23.491774],[-46.5993478,-23.491726],[-46.5992733,-23.4917119],[-46.5992055,-23.4917091],[-46.5990364,-23.4916583]]],[[[-46.611285,-23.492596],[-46.610948,-23.491734],[-46.610711,-23.491197],[-46.610274,-23.490272],[-46.609912,-23.489471],[-46.609611,-23.488788],[-46.609237,-23.487967],[-46.610239,-23.487565],[-46.610876,-23.487308],[-46.610986,-23.487275],[-46.611079,-23.487272],[-46.611173,-23.487316],[-46.611331,-23.487465],[-46.611424,-23.487381],[-46.61167,-23.487194],[-46.612167,-23.486921],[-46.612361,-23.486783],[-46.612535,-23.486635],[-46.61355,-23.486018],[-46.614319,-23.485549],[-46.615464,-23.484835],[-46.615235,-23.484626],[-46.614982,-23.484385],[-46.614689,-23.484131],[-46.614325,-23.48388],[-46.613822,-23.483555],[-46.613681,-23.483392],[-46.613154,-23.482526],[-46.612749,-23.481858],[-46.612478,-23.481419],[-46.612327,-23.481247],[-46.612439,-23.481211],[-46.614259,-23.480839],[-46.616539,-23.480378],[-46.616918,-23.4803],[-46.619052,-23.479865],[-46.620496,-23.479565],[-46.6218099,-23.4792964]]]]},"properties":{"name":"Tucuruvi","admin_level":"9"}},{"type":"Feature","geometry":{"type":"MultiPolygon","coordinates":[[[[-46.611285,-23.492596],[-46.610617,-23.492507],[-46.610521,-23.492531],[-46.6091596,-23.4928275],[-46.6081344,-23.4929865],[-46.6077378,-23.4930534],[-46.6072268,-23.4931449],[-46.606698,-23.493185],[-46.6063,-23.493166],[-46.605786,-23.493097],[-46.605248,-23.493],[-46.60446,-23.492834],[-46.604088,-23.492761],[-46.602117,-23.49231],[-46.601989,-23.492245],[-46.601829,-23.492204],[-46.60159,-23.492136],[-46.6007159,-23.4919785],[-46.5999708,-23.4918536],[-46.599555,-23.491774],[-46.5993478,-23.491726],[-46.5992733,-23.4917119],[-46.5992055,-23.4917091],[-46.5990364,-23.4916583]]],[[[-46.611285,-23.492596],[-46.611354,-23.492818],[-46.611462,-23.493205],[-46.611594,-23.493788],[-46.611648,-23.494073],[-46.611707,-23.494447],[-46.611849,-23.495745],[-46.611881,-23.495997],[-46.611917,-23.496223],[-46.611945,-23.496357],[-46.612034,-23.496649],[-46.612164,-23.497001],[-46.612262,-23.497204],[-46.61252,-23.497607],[-46.612682,-23.497847],[-46.613387,-23.498822],[-46.613573,-23.499076],[-46.614199,-23.499899],[-46.614738,-23.500634],[-46.615122,-23.501142],[-46.615447,-23.501472],[-46.615483,-23.501503],[-46.615066,-23.504222],[-46.6150532,-23.5043608],[-46.6150701,-23.5045724],[-46.6151055,-23.5048444],[-46.6153745,-23.5075104],[-46.615395,-23.507832],[-46.615416,-23.507958],[-46.615448,-23.508083],[-46.615569,-23.508354],[-46.615757,-23.5086],[-46.615898,-23.508732],[-46.616107,-23.508883],[-46.616264,-23.508966],[-46.62045,-23.510956],[-46.620785,-23.511108],[-46.621087,-23.511242],[-46.621215,-23.511294],[-46.621208,-23.511709],[-46.621179,-23.513716],[-46.621163,-23.514018],[-46.62115,-23.514138],[-46.621098,-23.514387],[-46.621028,-23.514583],[-46.620949,-23.514746],[-46.620842,-23.514928],[-46.620669,-23.515177],[-46.619113,-23.517123],[-46.619008,-23.517262],[-46.61895,-23.517379],[-46.6189,-23.517511],[-46.618865,-23.517668],[-46.61885,-23.517786],[-46.6188552,-23.5179216],[-46.6188672,-23.5180801],[-46.6188755,-23.5181901],[-46.6188861,-23.5183289],[-46.61892,-23.518777]]],[[[-46.607066,-23.523001],[-46.607442,-23.523085],[-46.608263,-23.523238],[-46.608755,-23.523287],[-46.609081,-23.523306],[-46.609512,-23.523295],[-46.609973,-23.523262],[-46.610277,-23.523216],[-46.610645,-23.523126],[-46.611066,-23.523003],[-46.61158,-23.522823],[-46.611947,-23.522663],[-46.612263,-23.522504],[-46.612623,-23.522298],[-46.612915,-23.522097],[-46.6131,-23.521957],[-46.614328,-23.520945],[-46.615433,-23.520064],[-46.615706,-23.519875],[-46.616011,-23.519683],[-46.616584,-23.519402],[-46.617247,-23.519123],[-46.617668,-23.518983],[-46.617941,-23.518906],[-46.618223,-23.518855],[-46.618488,-23.518817],[-46.61892,-23.518777]]],[[[-46.5969457,-23.5276256],[-46.597898,-23.526849],[-46.599081,-23.525889],[-46.600814,-23.524505],[-46.601565,-23.523896],[-46.602059,-23.52357],[-46.602428,-23.523354],[-46.602716,-23.523215],[-46.602915,-23.52313],[-46.603225,-23.523017],[-46.60409,-23.522807],[-46.604441,-23.522751],[-46.604747,-23.522726],[-46.605231,-23.522718],[-46.605534,-23.522737],[-46.605851,-23.522776],[-46.606586,-23.522893],[-46.607066,-23.523001]]],[[[-46.593194,-23.499937],[-46.593273,-23.500208],[-46.593356,-23.500479],[-46.59338,-23.500592],[-46.593384,-23.500719],[-46.593378,-23.500857],[-46.593335,-23.501401],[-46.59334,-23.501551],[-46.593351,-23.501688],[-46.5934,-23.501928],[-46.593436,-23.502053],[-46.59351,-23.502237],[-46.593613,-23.502371],[-46.593726,-23.502459],[-46.594123,-23.50275],[-46.594529,-23.503051],[-46.594622,-23.503114],[-46.59473,-23.503215],[-46.594843,-23.503285],[-46.595137,-23.503481],[-46.595504,-23.503713],[-46.595663,-23.503811],[-46.595984,-23.503986],[-46.595984,-23.5039881],[-46.596048,-23.504125],[-46.596194,-23.504459],[-46.596285,-23.504684],[-46.59641,-23.504961],[-46.596517,-23.505208],[-46.596649,-23.505523],[-46.596723,-23.505688],[-46.596814,-23.505904],[-46.59688,-23.50599],[-46.5966,-23.50641],[-46.596502,-23.506553],[-46.596249,-23.506951],[-46.596138,-23.5071448],[-46.5960092,-23.5073465],[-46.5958858,-23.5075507],[-46.5957759,-23.507772],[-46.5957356,-23.5079049],[-46.595723,-23.5080366],[-46.595387,-23.508086],[-46.595371,-23.508097],[-46.595115,-23.508731],[-46.594967,-23.509168],[-46.594861,-23.509445],[-46.594832,-23.509768],[-46.59483,-23.50994],[-46.594841,-23.509974],[-46.594893,-23.510024],[-46.594904,-23.510041],[-46.594915,-23.510077],[-46.594981,-23.513657],[-46.595024,-23.515758],[-46.595053,-23.517315],[-46.595082,-23.5188],[-46.595088,-23.519167],[-46.595107,-23.52009],[-46.595123,-23.520218],[-46.595167,-23.520376],[-46.595247,-23.520552],[-46.595333,-23.520675],[-46.595777,-23.521242],[-46.595875,-23.52138],[-46.595988,-23.521609],[-46.596024,-23.52171],[-46.596074,-23.521939],[-46.596086,-23.522057],[-46.596089,-23.522201],[-46.596077,-23.522319],[-46.595885,-23.523438],[-46.595848,-23.523585],[-46.5958,-23.523708],[-46.595757,-23.523797],[-46.595657,-23.523961],[-46.595559,-23.524087],[-46.595469,-23.524184],[-46.595388,-23.52426],[-46.595313,-23.524357],[-46.595273,-23.524462],[-46.595078,-23.525269],[-46.5969457,-23.5276256]]],[[[-46.5990364,-23.4916583],[-46.5990401,-23.4918223],[-46.5990151,-23.4918604],[-46.5989199,-23.4919095],[-46.597817,-23.492571],[-46.597568,-23.492722],[-46.597891,-23.494564],[-46.59802,-23.495287],[-46.598142,-23.496012],[-46.598017,-23.496085],[-46.597579,-23.496349],[-46.597157,-23.496599],[-46.596889,-23.496762],[-46.596871,-23.497293],[-46.596834,-23.497819],[-46.596818,-23.498179],[-46.596239,-23.498118],[-46.596048,-23.498121],[-46.595891,-23.498139],[-46.595742,-23.498162],[-46.595578,-23.49821],[-46.595505,-23.498253],[-46.595353,-23.498409],[-46.595157,-23.498626],[-46.595079,-23.498703],[-46.594817,-23.49892],[-46.594694,-23.499005],[-46.59457,-23.499077],[-46.594142,-23.499306],[-46.594058,-23.499347],[-46.593826,-23.499483],[-46.593437,-23.499811],[-46.593194,-23.499937]]]]},"properties":{"name":"Vila Guilherme","admin_level":"9"}},{"type":"Feature","geometry":{"type":"MultiPolygon","coordinates":[[[[-46.7262422,-23.5146778],[-46.7260058,-23.5159856],[-46.725617,-23.5172554],[-46.7254272,-23.5176525],[-46.7252465,-23.5179559],[-46.7250886,-23.5181521],[-46.7248779,-23.5184182],[-46.724601,-23.518672],[-46.7236649,-23.5194648],[-46.723592,-23.519634],[-46.723592,-23.519655],[-46.723473,-23.519762],[-46.723388,-23.519859],[-46.723221,-23.52009],[-46.72315,-23.520154],[-46.723033,-23.52033],[-46.722319,-23.52123],[-46.722243,-23.521312],[-46.722131,-23.521474],[-46.722213,-23.521585],[-46.722164,-23.521813],[-46.722024,-23.522322],[-46.721538,-23.52393],[-46.721355,-23.524577],[-46.721001,-23.525756],[-46.720848,-23.526305],[-46.72076,-23.526521],[-46.720693,-23.526631],[-46.720614,-23.526729],[-46.720484,-23.526956],[-46.720298,-23.527243],[-46.720172,-23.5273789],[-46.720144,-23.527436],[-46.720087,-23.52756],[-46.719923,-23.528353],[-46.719878,-23.528657],[-46.719888,-23.528716],[-46.719918,-23.528782],[-46.719963,-23.528839],[-46.720016,-23.528875],[-46.720071,-23.528899],[-46.719591,-23.530574],[-46.71946,-23.53098],[-46.7192142,-23.5318016],[-46.719159,-23.531986],[-46.719192,-23.532109],[-46.719397,-23.532653],[-46.719442,-23.532806],[-46.719468,-23.53293],[-46.719493,-23.53312],[-46.719491,-23.533455],[-46.719472,-23.533595],[-46.719383,-23.534156],[-46.719191,-23.535173],[-46.719152,-23.53558],[-46.719156,-23.535663],[-46.719132,-23.536139],[-46.719294,-23.536479]]],[[[-46.747045,-23.520377],[-46.746819,-23.520031],[-46.74646,-23.519608],[-46.745905,-23.51907],[-46.745401,-23.518678],[-46.744891,-23.518354],[-46.744311,-23.518064],[-46.743774,-23.517865],[-46.743348,-23.517733],[-46.743068,-23.517657],[-46.742721,-23.517606],[-46.7422,-23.51756],[-46.741751,-23.517535],[-46.741104,-23.517549],[-46.734255,-23.517828],[-46.733569,-23.517829],[-46.733042,-23.517799],[-46.732702,-23.51775],[-46.731964,-23.517586],[-46.73141,-23.517409],[-46.731055,-23.51727],[-46.730656,-23.517056],[-46.7262422,-23.5146778]]],[[[-46.747045,-23.520377],[-46.7476682,-23.5217976],[-46.7485887,-23.5240089],[-46.7501618,-23.5250509],[-46.7518723,-23.5256344]]],[[[-46.74993,-23.526598],[-46.750031,-23.526519],[-46.750177,-23.526457],[-46.7513197,-23.5261986],[-46.751495,-23.525917],[-46.7516337,-23.5257725],[-46.7518723,-23.5256344]]],[[[-46.7345708,-23.5457406],[-46.7348463,-23.5455038],[-46.734933,-23.5454233],[-46.7360774,-23.5443604],[-46.742499,-23.538683],[-46.7441189,-23.5372336],[-46.7450591,-23.5363923],[-46.7460119,-23.5355398],[-46.747375,-23.53432],[-46.7475598,-23.5341409],[-46.747768,-23.533939],[-46.747997,-23.533676],[-46.748146,-23.533484],[-46.74824,-23.5333375],[-46.748323,-23.533208],[-46.748451,-23.53296],[-46.7485307,-23.532743],[-46.748631,-23.53247],[-46.7487634,-23.5319044],[-46.7487949,-23.5316235],[-46.748838,-23.531287],[-46.748931,-23.52957],[-46.748995,-23.528705],[-46.7490159,-23.528552],[-46.749046,-23.528332],[-46.7492157,-23.5279565],[-46.7494065,-23.5275735],[-46.7496403,-23.5270937],[-46.7498138,-23.5267811],[-46.74993,-23.526598]]],[[[-46.719294,-23.536479],[-46.7193165,-23.5365136],[-46.719565,-23.536895],[-46.719938,-23.537135],[-46.720089,-23.537206],[-46.720333,-23.537278],[-46.720531,-23.537313],[-46.720718,-23.537335],[-46.720881,-23.537339],[-46.721313,-23.537304],[-46.723582,-23.536979],[-46.723914,-23.536962],[-46.724157,-23.536969],[-46.724572,-23.537019],[-46.724811,-23.537081],[-46.725085,-23.537167],[-46.725577,-23.537366],[-46.72573,-23.53745],[-46.725995,-23.537621],[-46.726133,-23.537727],[-46.727592,-23.539194],[-46.7277969,-23.539406],[-46.7278866,-23.5395388],[-46.7279413,-23.5396484],[-46.727988,-23.539767],[-46.728042,-23.540175],[-46.728046,-23.540325],[-46.728035,-23.540553],[-46.728004,-23.540819],[-46.727933,-23.540973],[-46.727914,-23.541052],[-46.727925,-23.54111],[-46.727956,-23.541163],[-46.728019,-23.541209],[-46.7280874,-23.5412263],[-46.728146,-23.541222],[-46.728188,-23.541207],[-46.728406,-23.541065],[-46.728499,-23.541165],[-46.7287832,-23.5411913],[-46.7289151,-23.5412224],[-46.7290352,-23.5412346],[-46.729272,-23.541251],[-46.729394,-23.541214],[-46.7294976,-23.541144],[-46.729711,-23.541197],[-46.729841,-23.541282],[-46.730037,-23.541459],[-46.732008,-23.543336],[-46.7345708,-23.5457406]]]]},"properties":{"name":"Vila Leopoldina","admin_level":"9"}},{"type":"Feature","geometry":{"type":"MultiPolygon","coordinates":[[[[-46.55547,-23.510097],[-46.555685,-23.510621],[-46.555933,-23.511273],[-46.556145,-23.512068],[-46.556277,-23.512672],[-46.556349,-23.513192],[-46.556382,-23.513668],[-46.556401,-23.5143],[-46.556381,-23.51481],[-46.556323,-23.515471],[-46.556251,-23.515833],[-46.556084,-23.516452],[-46.55567,-23.518267],[-46.555622,-23.518711],[-46.555606,-23.519054],[-46.555641,-23.519454],[-46.555714,-23.519876],[-46.555817,-23.520257],[-46.555976,-23.520702],[-46.556081,-23.52096],[-46.556266,-23.52129],[-46.556421,-23.521515],[-46.556594,-23.521727],[-46.556815,-23.521954],[-46.557109,-23.522233],[-46.557487,-23.522499],[-46.557729,-23.522659],[-46.558012,-23.522821],[-46.558226,-23.522932]]],[[[-46.55547,-23.510097],[-46.556133,-23.50951],[-46.55661,-23.509159],[-46.557415,-23.508574],[-46.55785,-23.508242],[-46.558235,-23.507969],[-46.558636,-23.507586],[-46.558903,-23.507284],[-46.559082,-23.507097],[-46.559189,-23.506931],[-46.559269,-23.506777],[-46.559319,-23.506636],[-46.559383,-23.506351],[-46.559422,-23.506142],[-46.559448,-23.505919],[-46.559444,-23.505724],[-46.559437,-23.505564],[-46.559402,-23.505396],[-46.559345,-23.505186],[-46.559296,-23.504993],[-46.559273,-23.504824],[-46.559277,-23.504681],[-46.559292,-23.504511],[-46.559319,-23.504393],[-46.559456,-23.504128],[-46.559937,-23.503485],[-46.561131,-23.50149],[-46.561417,-23.501066],[-46.561852,-23.500422],[-46.562045,-23.50008]]],[[[-46.593194,-23.499937],[-46.592977,-23.500037],[-46.5928549,-23.5000873],[-46.59218,-23.50035],[-46.5921203,-23.5003129],[-46.591829,-23.500132],[-46.591559,-23.499987],[-46.591232,-23.499826],[-46.590877,-23.499626],[-46.590589,-23.499449],[-46.590064,-23.499141],[-46.589925,-23.499075],[-46.589824,-23.499037],[-46.589611,-23.4990025],[-46.589398,-23.498968],[-46.5888993,-23.4988875],[-46.588668,-23.498849],[-46.588477,-23.498792],[-46.588408,-23.498746],[-46.588291,-23.498636],[-46.5882324,-23.4985648],[-46.588142,-23.498455],[-46.587774,-23.497997],[-46.587626,-23.497816],[-46.587241,-23.4974325],[-46.586943,-23.497175],[-46.585867,-23.496147],[-46.584791,-23.495127],[-46.5846196,-23.4950639],[-46.584444,-23.495007],[-46.5843264,-23.4949671],[-46.5842767,-23.4949499],[-46.5842392,-23.4949431],[-46.5842077,-23.4949394],[-46.5841299,-23.4949366],[-46.583938,-23.494864],[-46.583294,-23.494773],[-46.582926,-23.494733],[-46.582403,-23.494793],[-46.5813822,-23.4949371],[-46.581114,-23.4949523],[-46.581032,-23.4949576],[-46.580275,-23.494992],[-46.580203,-23.494992],[-46.579913,-23.495006],[-46.579455,-23.49502],[-46.578726,-23.495129],[-46.577492,-23.495326],[-46.577247,-23.495402],[-46.57701,-23.495523],[-46.576636,-23.49586],[-46.576533,-23.49594],[-46.576183,-23.496225],[-46.575634,-23.496684],[-46.575107,-23.497159],[-46.574327,-23.497879],[-46.574106,-23.498093],[-46.573023,-23.499212],[-46.572614,-23.499622],[-46.572176,-23.500093],[-46.57139,-23.500899],[-46.571163,-23.50112],[-46.570905,-23.501354],[-46.5706201,-23.5015153],[-46.5706261,-23.5023861],[-46.5706027,-23.5024143],[-46.569924,-23.503183],[-46.569546,-23.503482],[-46.569277,-23.503683],[-46.568989,-23.503828],[-46.568628,-23.503971],[-46.568452,-23.504008],[-46.568263,-23.504007],[-46.567525,-23.503915],[-46.566971,-23.5035],[-46.566539,-23.503181],[-46.565693,-23.5026],[-46.562045,-23.50008]]],[[[-46.593194,-23.499937],[-46.593273,-23.500208],[-46.593356,-23.500479],[-46.59338,-23.500592],[-46.593384,-23.500719],[-46.593378,-23.500857],[-46.593335,-23.501401],[-46.59334,-23.501551],[-46.593351,-23.501688],[-46.5934,-23.501928],[-46.593436,-23.502053],[-46.59351,-23.502237],[-46.593613,-23.502371],[-46.593726,-23.502459],[-46.594123,-23.50275],[-46.594529,-23.503051],[-46.594622,-23.503114],[-46.59473,-23.503215],[-46.594843,-23.503285],[-46.595137,-23.503481],[-46.595504,-23.503713],[-46.595663,-23.503811],[-46.595984,-23.503986],[-46.595984,-23.5039881],[-46.596048,-23.504125],[-46.596194,-23.504459],[-46.596285,-23.504684],[-46.59641,-23.504961],[-46.596517,-23.505208],[-46.596649,-23.505523],[-46.596723,-23.505688],[-46.596814,-23.505904],[-46.59688,-23.50599],[-46.5966,-23.50641],[-46.596502,-23.506553],[-46.596249,-23.506951],[-46.596138,-23.5071448],[-46.5960092,-23.5073465],[-46.5958858,-23.5075507],[-46.5957759,-23.507772],[-46.5957356,-23.5079049],[-46.595723,-23.5080366],[-46.595387,-23.508086],[-46.595371,-23.508097],[-46.595115,-23.508731],[-46.594967,-23.509168],[-46.594861,-23.509445],[-46.594832,-23.509768],[-46.59483,-23.50994],[-46.594841,-23.509974],[-46.594893,-23.510024],[-46.594904,-23.510041],[-46.594915,-23.510077],[-46.594981,-23.513657],[-46.595024,-23.515758],[-46.595053,-23.517315],[-46.595082,-23.5188],[-46.595088,-23.519167],[-46.595107,-23.52009],[-46.595123,-23.520218],[-46.595167,-23.520376],[-46.595247,-23.520552],[-46.595333,-23.520675],[-46.595777,-23.521242],[-46.595875,-23.52138],[-46.595988,-23.521609],[-46.596024,-23.52171],[-46.596074,-23.521939],[-46.596086,-23.522057],[-46.596089,-23.522201],[-46.596077,-23.522319],[-46.595885,-23.523438],[-46.595848,-23.523585],[-46.5958,-23.523708],[-46.595757,-23.523797],[-46.595657,-23.523961],[-46.595559,-23.524087],[-46.595469,-23.524184],[-46.595388,-23.52426],[-46.595313,-23.524357],[-46.595273,-23.524462],[-46.595078,-23.525269],[-46.5969457,-23.5276256]]],[[[-46.585013,-23.528335],[-46.586056,-23.528593],[-46.588922,-23.5293],[-46.59054,-23.529713],[-46.590936,-23.529777],[-46.591269,-23.529805],[-46.591756,-23.529814],[-46.592275,-23.529789],[-46.592873,-23.52974],[-46.593301,-23.52966],[-46.593864,-23.529538],[-46.594279,-23.529416],[-46.594509,-23.529328],[-46.594896,-23.529141],[-46.595109,-23.529015],[-46.59527,-23.52891],[-46.5969457,-23.5276256]]],[[[-46.585013,-23.528335],[-46.584442,-23.528194],[-46.578311,-23.5266078],[-46.576534,-23.526229],[-46.576338,-23.526198],[-46.576127,-23.526172],[-46.575675,-23.526147],[-46.575136,-23.526142],[-46.574815,-23.526152],[-46.574478,-23.526178],[-46.5729587,-23.5263187],[-46.5725177,-23.5263566],[-46.5720623,-23.5263612],[-46.5710786,-23.5262586],[-46.570698,-23.5262065],[-46.570346,-23.526157],[-46.5694993,-23.5258929],[-46.569283,-23.5258093],[-46.568726,-23.525615],[-46.568431,-23.525467],[-46.566571,-23.524458],[-46.56568,-23.523992],[-46.565387,-23.523859],[-46.565149,-23.523775],[-46.564956,-23.523718],[-46.564523,-23.523608],[-46.564051,-23.523501],[-46.563684,-23.523438],[-46.563384,-23.523403],[-46.563004,-23.523382],[-46.562396,-23.523379],[-46.560548,-23.523454],[-46.560177,-23.523461],[-46.5599,-23.523441],[-46.55944,-23.523368],[-46.559108,-23.523289],[-46.558812,-23.523203],[-46.558472,-23.523065],[-46.558226,-23.522932]]]]},"properties":{"name":"Vila Maria","admin_level":"9"}},{"type":"Feature","geometry":{"type":"MultiPolygon","coordinates":[[[[-46.625435,-23.578266],[-46.6245335,-23.5782707],[-46.62261,-23.578248],[-46.621367,-23.57821],[-46.619283,-23.578186],[-46.619229,-23.5782],[-46.619174,-23.578237],[-46.618113,-23.579026]]],[[[-46.6339763,-23.5751717],[-46.634135,-23.575288],[-46.634219,-23.575334],[-46.634201,-23.575474],[-46.634177,-23.575525],[-46.634127,-23.575577],[-46.634077,-23.575597],[-46.63401,-23.575598],[-46.633858,-23.575566],[-46.633764,-23.575563],[-46.633668,-23.575588],[-46.633565,-23.575629],[-46.633503,-23.575683],[-46.633074,-23.576446],[-46.6330138,-23.5765724],[-46.632927,-23.576805],[-46.632772,-23.578168],[-46.6327527,-23.5782799],[-46.63261,-23.578502],[-46.6310371,-23.5786292],[-46.629624,-23.578752],[-46.629245,-23.578789],[-46.629077,-23.578773],[-46.628828,-23.578731],[-46.628574,-23.578747],[-46.628508,-23.578732],[-46.628246,-23.578628],[-46.628132,-23.578549],[-46.628044,-23.578467],[-46.627957,-23.578366],[-46.627945,-23.578283],[-46.6266574,-23.5782801],[-46.625435,-23.578266]]],[[[-46.633761,-23.575014],[-46.6339763,-23.5751717]]],[[[-46.641065,-23.573339],[-46.640796,-23.5734399],[-46.6407495,-23.5734593],[-46.640338,-23.573598],[-46.640098,-23.573629],[-46.6378619,-23.5743525],[-46.6364721,-23.5747826],[-46.63534,-23.575115],[-46.635062,-23.575083],[-46.634803,-23.575082],[-46.633995,-23.575043],[-46.633761,-23.575014]]],[[[-46.641065,-23.573339],[-46.64175,-23.573095],[-46.641913,-23.573006],[-46.6419747,-23.5729572],[-46.6420023,-23.5729354],[-46.642753,-23.572342],[-46.643863,-23.571574],[-46.644678,-23.570908],[-46.647518,-23.568743],[-46.648937,-23.567639]]],[[[-46.6536214,-23.5720593],[-46.6522978,-23.5708751],[-46.6515305,-23.5701717],[-46.6514477,-23.5700953],[-46.6507928,-23.5694947],[-46.649949,-23.568767],[-46.649382,-23.568143],[-46.648977,-23.567713],[-46.648937,-23.567639]]],[[[-46.6536214,-23.5720593],[-46.6527681,-23.5729483],[-46.6526838,-23.5730058],[-46.6525896,-23.5730543],[-46.6517475,-23.5734564],[-46.6515613,-23.5735462],[-46.6512892,-23.5736777],[-46.6512317,-23.5737086],[-46.6507108,-23.573989],[-46.650628,-23.5741465],[-46.6507007,-23.5751892],[-46.6507387,-23.5757712],[-46.6507848,-23.5762877],[-46.650842,-23.577067],[-46.6509679,-23.5773842],[-46.6509939,-23.5775357],[-46.6511406,-23.5787734],[-46.6511801,-23.5792128],[-46.6511699,-23.5794038],[-46.6511306,-23.5795893],[-46.6510623,-23.5797556],[-46.6509745,-23.5799188],[-46.6508832,-23.580034],[-46.6507885,-23.5801292],[-46.650553,-23.5803765],[-46.6502001,-23.5807073],[-46.6498819,-23.5810042],[-46.6494954,-23.5813607],[-46.6494462,-23.5814204],[-46.6493459,-23.5815149],[-46.6492345,-23.5824745]]],[[[-46.6492345,-23.5824745],[-46.6491964,-23.5825679],[-46.6491767,-23.5825954],[-46.6491469,-23.5826359]]],[[[-46.6491469,-23.5826359],[-46.6486175,-23.5833417]]],[[[-46.6486175,-23.5833417],[-46.6486102,-23.5833515],[-46.6485436,-23.5834356],[-46.6485014,-23.5834997]]],[[[-46.6485014,-23.5834997],[-46.6484974,-23.5835045],[-46.6481814,-23.5839143],[-46.6481312,-23.5839721],[-46.6480842,-23.5840299],[-46.647822,-23.5843781],[-46.6477587,-23.5844995],[-46.6477525,-23.5845236],[-46.6477233,-23.584921],[-46.6476714,-23.5859627],[-46.6477143,-23.5860624],[-46.6482765,-23.5872279],[-46.6482871,-23.5874294]]],[[[-46.6482871,-23.5874294],[-46.6480658,-23.5885421],[-46.6480541,-23.5886206],[-46.6481664,-23.5887226]]],[[[-46.6481664,-23.5887226],[-46.6492925,-23.5899155],[-46.6494254,-23.5901111],[-46.6496208,-23.5903072],[-46.6497811,-23.5904964],[-46.6498586,-23.5906828],[-46.649811,-23.5909409],[-46.6496973,-23.5911864],[-46.6495246,-23.5915449],[-46.6494416,-23.5917184],[-46.6493712,-23.591812],[-46.6492793,-23.5918804],[-46.6485973,-23.5923356],[-46.6488064,-23.5924357],[-46.6488636,-23.592443],[-46.6490834,-23.5924293],[-46.649322,-23.5924052],[-46.6495126,-23.592385],[-46.6496738,-23.592365],[-46.6497981,-23.5923646],[-46.649867,-23.5923832],[-46.6499163,-23.5923965],[-46.6500092,-23.5924501],[-46.6500674,-23.5925144],[-46.6501402,-23.592643],[-46.650188,-23.5927788],[-46.6505376,-23.5929499],[-46.6505174,-23.5934369],[-46.6505628,-23.5942578],[-46.6508345,-23.5976289],[-46.6509237,-23.5985493]]],[[[-46.6509237,-23.5985493],[-46.6493729,-23.5989096],[-46.6481178,-23.5991909],[-46.6468176,-23.5993051],[-46.6455217,-23.5994332],[-46.6442342,-23.599556],[-46.6441925,-23.5995602],[-46.6429199,-23.5996751],[-46.6414022,-23.5996663],[-46.6398587,-23.5996533],[-46.6394708,-23.5996504],[-46.6391122,-23.5996478],[-46.638372,-23.5996289],[-46.6376291,-23.5996065],[-46.6375319,-23.5996096],[-46.6368684,-23.5996128],[-46.6366604,-23.5996174],[-46.6348405,-23.5996585],[-46.631998,-23.599685],[-46.6308416,-23.5996993],[-46.6301179,-23.5997081],[-46.6296976,-23.5997197],[-46.6286452,-23.5997257],[-46.6279662,-23.5997367],[-46.6255493,-23.59971],[-46.624808,-23.5997238],[-46.6241387,-23.5997119],[-46.623868,-23.5997356]]],[[[-46.623868,-23.5997356],[-46.6236532,-23.5993233],[-46.622602,-23.5974593],[-46.6216582,-23.5956737]]],[[[-46.6216582,-23.5956737],[-46.6213658,-23.5951206]]],[[[-46.6213658,-23.5951206],[-46.6212494,-23.5948225],[-46.6211766,-23.5945461],[-46.6211038,-23.5942276],[-46.6207469,-23.5926811]]],[[[-46.618113,-23.579026],[-46.617177,-23.579709],[-46.614573,-23.581631],[-46.614213,-23.58187],[-46.614767,-23.582736],[-46.614922,-23.582929],[-46.615034,-23.583032],[-46.61519,-23.583135],[-46.615377,-23.583217],[-46.615547,-23.583265],[-46.616712,-23.583511],[-46.61693,-23.58359],[-46.617061,-23.583652],[-46.617209,-23.583748],[-46.617363,-23.583871],[-46.61751,-23.584012],[-46.617612,-23.584126],[-46.617785,-23.584385],[-46.617932,-23.584626],[-46.619433,-23.58724],[-46.619515,-23.587402],[-46.619665,-23.587783],[-46.61976,-23.588059],[-46.619944,-23.588778],[-46.6201227,-23.5897671],[-46.620398,-23.59115],[-46.620563,-23.591899],[-46.6207469,-23.5926811]]]]},"properties":{"name":"Vila Mariana","admin_level":"9"}},{"type":"Feature","geometry":{"type":"MultiPolygon","coordinates":[[[[-46.5990364,-23.4916583],[-46.5986886,-23.4916208],[-46.5985001,-23.4915725],[-46.598434,-23.491497],[-46.5984146,-23.4914313]]],[[[-46.5984146,-23.4914313],[-46.598383,-23.491324],[-46.598331,-23.491262],[-46.598243,-23.491207],[-46.598019,-23.491105],[-46.597799,-23.491021],[-46.597404,-23.490775],[-46.596757,-23.490428],[-46.596429,-23.490299],[-46.596247,-23.49022],[-46.5961515,-23.4901777]]],[[[-46.5961515,-23.4901777],[-46.5960241,-23.4900883]]],[[[-46.5960241,-23.4900883],[-46.5959809,-23.4900647],[-46.595815,-23.489992],[-46.5954821,-23.4897565],[-46.595207,-23.48959],[-46.5950843,-23.4895013],[-46.5949696,-23.4894097],[-46.5949124,-23.4892755],[-46.5947592,-23.4889956],[-46.5944696,-23.4885069],[-46.5943616,-23.4883189],[-46.5942602,-23.4881418],[-46.5941089,-23.4878805],[-46.593715,-23.4870195],[-46.5936532,-23.4868717],[-46.5936165,-23.4867273],[-46.5935506,-23.4865543],[-46.593469,-23.486186],[-46.5934117,-23.4860037],[-46.593347,-23.4858942],[-46.5932573,-23.4857244],[-46.5928821,-23.4851276],[-46.5927978,-23.4850111],[-46.5925003,-23.4845929],[-46.592219,-23.484163],[-46.5921196,-23.4839671],[-46.5917432,-23.4834118],[-46.591652,-23.4832568],[-46.5916445,-23.4831847],[-46.5915891,-23.4830499],[-46.5915138,-23.4829441],[-46.5914396,-23.4828634],[-46.591361,-23.48282],[-46.591194,-23.48271],[-46.5908795,-23.4825201],[-46.590622,-23.4823506],[-46.5905385,-23.4822684],[-46.5905121,-23.4822247]]],[[[-46.5905121,-23.4822247],[-46.5904045,-23.482047],[-46.5901868,-23.4817436],[-46.58929,-23.48159],[-46.588061,-23.480906],[-46.587706,-23.480651],[-46.587407,-23.480443],[-46.587013,-23.480206],[-46.586559,-23.479937],[-46.5862839,-23.4797711]]],[[[-46.5862839,-23.4797711],[-46.5858277,-23.479496]]],[[[-46.5858277,-23.479496],[-46.5853983,-23.479237]]],[[[-46.5853983,-23.479237],[-46.5853425,-23.4792072],[-46.5850385,-23.479045],[-46.5846438,-23.4788044]]],[[[-46.5846438,-23.4788044],[-46.583491,-23.478098]]],[[[-46.561108,-23.487316],[-46.561371,-23.487159],[-46.562848,-23.486195],[-46.5644248,-23.4851797],[-46.5645118,-23.4851306],[-46.564585,-23.48502],[-46.564859,-23.484483],[-46.565343,-23.483612],[-46.5654763,-23.4833734],[-46.565928,-23.482565],[-46.56631,-23.481876],[-46.567556,-23.479623],[-46.568114,-23.478607],[-46.568699,-23.477589],[-46.569747,-23.475654],[-46.569938,-23.475325],[-46.5701534,-23.4749507],[-46.570521,-23.474312],[-46.570993,-23.473464],[-46.571006,-23.473421],[-46.571033,-23.473392],[-46.571122,-23.473236],[-46.571207,-23.473076],[-46.571436,-23.472662],[-46.5716741,-23.472219],[-46.571764,-23.472311],[-46.57182,-23.472389],[-46.571922,-23.472611],[-46.571965,-23.472653],[-46.572081,-23.472707],[-46.572125,-23.472715],[-46.572179,-23.472708],[-46.572313,-23.472657],[-46.572367,-23.47265],[-46.572463,-23.47266],[-46.573024,-23.472741],[-46.573301,-23.472792],[-46.573357,-23.472813],[-46.573392,-23.472835],[-46.573435,-23.472893],[-46.573496,-23.473001],[-46.573602,-23.473142],[-46.57365,-23.47319],[-46.573719,-23.47322],[-46.573944,-23.473283],[-46.574013,-23.473297],[-46.574463,-23.473333],[-46.574933,-23.47335],[-46.575052,-23.47334],[-46.575301,-23.473291],[-46.575501,-23.473219],[-46.575572,-23.473213],[-46.575686,-23.473225],[-46.575796,-23.473255],[-46.576005,-23.473301],[-46.576084,-23.473328],[-46.576334,-23.473448],[-46.576409,-23.473498],[-46.576534,-23.473552],[-46.576585,-23.473554],[-46.576687,-23.473533],[-46.576867,-23.473551],[-46.577057,-23.473618],[-46.577237,-23.473712],[-46.577426,-23.473829],[-46.57753,-23.473876],[-46.577589,-23.473893],[-46.577633,-23.473897],[-46.57785,-23.473884],[-46.578113,-23.473879],[-46.57825,-23.473888],[-46.57847,-23.47391],[-46.578714,-23.473922],[-46.578916,-23.47392],[-46.57905,-23.473929],[-46.579149,-23.47396],[-46.579221,-23.473995],[-46.579383,-23.474119],[-46.579735,-23.474434],[-46.579832,-23.474491],[-46.580101,-23.47463],[-46.580142,-23.474661],[-46.580403,-23.475008],[-46.580463,-23.475074],[-46.580571,-23.475172],[-46.580762,-23.475307],[-46.581018,-23.475442],[-46.5813,-23.475585],[-46.581441,-23.475676],[-46.581503,-23.475739],[-46.581676,-23.47599],[-46.581918,-23.476422],[-46.582083,-23.476624],[-46.582264,-23.476825],[-46.582637,-23.47713],[-46.582743,-23.477245],[-46.582793,-23.477322],[-46.582839,-23.477433],[-46.5829665,-23.4776894],[-46.5830455,-23.4777944],[-46.583182,-23.477928],[-46.583396,-23.478049],[-46.583491,-23.478098]]],[[[-46.562045,-23.50008],[-46.562057,-23.499401],[-46.562019,-23.499298],[-46.56197,-23.499199],[-46.561619,-23.498674],[-46.561573,-23.498596],[-46.561489,-23.498438],[-46.561443,-23.498323],[-46.56142,-23.498255],[-46.561417,-23.498234],[-46.561394,-23.498104],[-46.561382,-23.498026],[-46.561378,-23.497984],[-46.561375,-23.497942],[-46.561371,-23.497896],[-46.561356,-23.497046],[-46.561378,-23.496855],[-46.561394,-23.49674],[-46.561398,-23.496683],[-46.561405,-23.49658],[-46.561417,-23.496456],[-46.561432,-23.496252],[-46.561432,-23.496126],[-46.561428,-23.495987],[-46.561428,-23.495867],[-46.561424,-23.495737],[-46.56142,-23.495592],[-46.561405,-23.49548],[-46.561394,-23.495367],[-46.561337,-23.495272],[-46.561272,-23.495178],[-46.561195,-23.495054],[-46.561111,-23.494955],[-46.561001,-23.494854],[-46.560875,-23.494772],[-46.560745,-23.494701],[-46.560616,-23.494642],[-46.56049,-23.494595],[-46.560425,-23.494568],[-46.560425,-23.494553],[-46.559982,-23.49394],[-46.559963,-23.493879],[-46.559937,-23.493792],[-46.559925,-23.493753],[-46.559914,-23.493706],[-46.559898,-23.493639],[-46.559879,-23.493561],[-46.559868,-23.493486],[-46.559856,-23.493441],[-46.559845,-23.493347],[-46.55983,-23.49324],[-46.559822,-23.49316],[-46.559818,-23.492632],[-46.559822,-23.492521],[-46.559822,-23.492369],[-46.55983,-23.492241],[-46.5597937,-23.492142],[-46.55981,-23.4919224],[-46.5597989,-23.491449],[-46.5597602,-23.4912544],[-46.55978,-23.49061],[-46.55975,-23.490515],[-46.559723,-23.490393],[-46.5597,-23.490309],[-46.559677,-23.490211],[-46.559669,-23.490143],[-46.559669,-23.490015],[-46.559673,-23.489882],[-46.559677,-23.489794],[-46.559715,-23.489664],[-46.55975,-23.489601],[-46.559814,-23.489468],[-46.55986,-23.489378],[-46.559906,-23.489294],[-46.55994,-23.489229],[-46.559944,-23.489208],[-46.560009,-23.489086],[-46.560032,-23.489038],[-46.560059,-23.489002],[-46.560081,-23.488958],[-46.56036,-23.488514],[-46.560402,-23.488449],[-46.560448,-23.488373],[-46.560509,-23.488283],[-46.560574,-23.488197],[-46.560642,-23.48811],[-46.560726,-23.488024],[-46.560787,-23.487963],[-46.560867,-23.487869],[-46.561024,-23.487566],[-46.561108,-23.487316]]],[[[-46.593194,-23.499937],[-46.592977,-23.500037],[-46.5928549,-23.5000873],[-46.59218,-23.50035],[-46.5921203,-23.5003129],[-46.591829,-23.500132],[-46.591559,-23.499987],[-46.591232,-23.499826],[-46.590877,-23.499626],[-46.590589,-23.499449],[-46.590064,-23.499141],[-46.589925,-23.499075],[-46.589824,-23.499037],[-46.589611,-23.4990025],[-46.589398,-23.498968],[-46.5888993,-23.4988875],[-46.588668,-23.498849],[-46.588477,-23.498792],[-46.588408,-23.498746],[-46.588291,-23.498636],[-46.5882324,-23.4985648],[-46.588142,-23.498455],[-46.587774,-23.497997],[-46.587626,-23.497816],[-46.587241,-23.4974325],[-46.586943,-23.497175],[-46.585867,-23.496147],[-46.584791,-23.495127],[-46.5846196,-23.4950639],[-46.584444,-23.495007],[-46.5843264,-23.4949671],[-46.5842767,-23.4949499],[-46.5842392,-23.4949431],[-46.5842077,-23.4949394],[-46.5841299,-23.4949366],[-46.583938,-23.494864],[-46.583294,-23.494773],[-46.582926,-23.494733],[-46.582403,-23.494793],[-46.5813822,-23.4949371],[-46.581114,-23.4949523],[-46.581032,-23.4949576],[-46.580275,-23.494992],[-46.580203,-23.494992],[-46.579913,-23.495006],[-46.579455,-23.49502],[-46.578726,-23.495129],[-46.577492,-23.495326],[-46.577247,-23.495402],[-46.57701,-23.495523],[-46.576636,-23.49586],[-46.576533,-23.49594],[-46.576183,-23.496225],[-46.575634,-23.496684],[-46.575107,-23.497159],[-46.574327,-23.497879],[-46.574106,-23.498093],[-46.573023,-23.499212],[-46.572614,-23.499622],[-46.572176,-23.500093],[-46.57139,-23.500899],[-46.571163,-23.50112],[-46.570905,-23.501354],[-46.5706201,-23.5015153],[-46.5706261,-23.5023861],[-46.5706027,-23.5024143],[-46.569924,-23.503183],[-46.569546,-23.503482],[-46.569277,-23.503683],[-46.568989,-23.503828],[-46.568628,-23.503971],[-46.568452,-23.504008],[-46.568263,-23.504007],[-46.567525,-23.503915],[-46.566971,-23.5035],[-46.566539,-23.503181],[-46.565693,-23.5026],[-46.562045,-23.50008]]],[[[-46.5990364,-23.4916583],[-46.5990401,-23.4918223],[-46.5990151,-23.4918604],[-46.5989199,-23.4919095],[-46.597817,-23.492571],[-46.597568,-23.492722],[-46.597891,-23.494564],[-46.59802,-23.495287],[-46.598142,-23.496012],[-46.598017,-23.496085],[-46.597579,-23.496349],[-46.597157,-23.496599],[-46.596889,-23.496762],[-46.596871,-23.497293],[-46.596834,-23.497819],[-46.596818,-23.498179],[-46.596239,-23.498118],[-46.596048,-23.498121],[-46.595891,-23.498139],[-46.595742,-23.498162],[-46.595578,-23.49821],[-46.595505,-23.498253],[-46.595353,-23.498409],[-46.595157,-23.498626],[-46.595079,-23.498703],[-46.594817,-23.49892],[-46.594694,-23.499005],[-46.59457,-23.499077],[-46.594142,-23.499306],[-46.594058,-23.499347],[-46.593826,-23.499483],[-46.593437,-23.499811],[-46.593194,-23.499937]]]]},"properties":{"name":"Vila Medeiros","admin_level":"9"}},{"type":"Feature","geometry":{"type":"MultiPolygon","coordinates":[[[[-46.5068236,-23.5899956],[-46.5068269,-23.5898702],[-46.5067911,-23.5895419],[-46.5066999,-23.5892494],[-46.5066152,-23.5891002],[-46.5054982,-23.5874795],[-46.5052897,-23.5871244],[-46.5051432,-23.586814],[-46.5050618,-23.5865782],[-46.5049803,-23.5862827],[-46.504938,-23.5860977],[-46.5048924,-23.5857126],[-46.5048859,-23.5851903],[-46.5048663,-23.5849277],[-46.5048436,-23.5847725],[-46.5047882,-23.5845814],[-46.504684,-23.5842949],[-46.5044683,-23.5839088],[-46.5039994,-23.5830671],[-46.503475,-23.5821627],[-46.502934,-23.581325],[-46.502547,-23.580755],[-46.502285,-23.580446],[-46.5020193,-23.5800823],[-46.5019476,-23.5799719],[-46.5018727,-23.5798256],[-46.5018304,-23.5796047],[-46.5018434,-23.5794286],[-46.50213,-23.578181],[-46.5024068,-23.5769273],[-46.5024134,-23.5768139],[-46.5024036,-23.5767005],[-46.5023938,-23.5764139],[-46.502338,-23.575862]]],[[[-46.517149,-23.555133],[-46.516335,-23.5563],[-46.5162,-23.556477],[-46.51603,-23.556679],[-46.515726,-23.556995],[-46.514447,-23.558262],[-46.513873,-23.558806],[-46.513489,-23.559191],[-46.512855,-23.559845],[-46.5119595,-23.5607329],[-46.511786,-23.560905],[-46.511539,-23.561143],[-46.511199,-23.561422],[-46.510415,-23.561978],[-46.510052,-23.562211],[-46.509512,-23.56259],[-46.509243,-23.562807],[-46.50896,-23.563061],[-46.50877,-23.563247],[-46.508576,-23.563458],[-46.508401,-23.56368],[-46.508251,-23.563897],[-46.508022,-23.564259],[-46.507924,-23.564436],[-46.507832,-23.564629],[-46.507532,-23.565356],[-46.507265,-23.565889],[-46.507103,-23.566191],[-46.506959,-23.566391],[-46.50675,-23.566664],[-46.506536,-23.566891],[-46.505807,-23.567523],[-46.505657,-23.567645],[-46.505468,-23.567777],[-46.50518,-23.568057],[-46.504947,-23.5683],[-46.504727,-23.568577],[-46.504543,-23.568842],[-46.504434,-23.569063],[-46.504331,-23.569338],[-46.5042,-23.569788],[-46.504133,-23.570046],[-46.504102,-23.570259],[-46.504096,-23.570765],[-46.504116,-23.571024],[-46.504142,-23.571579],[-46.504146,-23.57205],[-46.504124,-23.572545],[-46.504104,-23.572757],[-46.504044,-23.573042],[-46.503916,-23.573411],[-46.503784,-23.573713],[-46.503559,-23.574123],[-46.503259,-23.574625],[-46.50295,-23.575095],[-46.502596,-23.575573],[-46.502338,-23.575862]]],[[[-46.5299508,-23.5704925],[-46.529377,-23.570191],[-46.528745,-23.569769],[-46.528425,-23.569468],[-46.528168,-23.569192],[-46.527944,-23.56892],[-46.527701,-23.568561],[-46.527558,-23.568302],[-46.527451,-23.568086],[-46.527175,-23.567424],[-46.526994,-23.56707],[-46.526628,-23.566591],[-46.526389,-23.566322],[-46.526078,-23.566041],[-46.525821,-23.565851],[-46.525472,-23.565655],[-46.524944,-23.565334],[-46.524371,-23.565002],[-46.524001,-23.564752],[-46.523764,-23.564561],[-46.523519,-23.564322],[-46.523068,-23.563826],[-46.522888,-23.563574],[-46.522728,-23.563298],[-46.522549,-23.562958],[-46.522304,-23.562335],[-46.522227,-23.562051],[-46.522071,-23.561385],[-46.522009,-23.561205],[-46.521909,-23.560951],[-46.52175,-23.56059],[-46.520905,-23.559046],[-46.521,-23.558977],[-46.521636,-23.558572],[-46.521541,-23.558422],[-46.521211,-23.558157],[-46.520419,-23.557664],[-46.520016,-23.557424],[-46.519625,-23.557238],[-46.519079,-23.556955],[-46.518659,-23.556674],[-46.518414,-23.556467],[-46.518104,-23.55617],[-46.517737,-23.555689],[-46.517493,-23.555401],[-46.517345,-23.555263],[-46.517247,-23.555192],[-46.517149,-23.555133]]],[[[-46.5299508,-23.5704925],[-46.530066,-23.57056],[-46.530933,-23.570935],[-46.531227,-23.571109],[-46.531415,-23.571209],[-46.531729,-23.57147],[-46.531874,-23.571624],[-46.531965,-23.571752],[-46.532259,-23.57223],[-46.5325828,-23.572716],[-46.5326687,-23.5728336],[-46.5327367,-23.5728993],[-46.5328389,-23.5729659],[-46.5329222,-23.5730012],[-46.5330784,-23.5730308],[-46.5326765,-23.5734416],[-46.532373,-23.573628],[-46.532235,-23.573714],[-46.532143,-23.573762],[-46.532054,-23.573795],[-46.531845,-23.573854],[-46.531654,-23.573856],[-46.530074,-23.574654],[-46.529124,-23.57527],[-46.528794,-23.575475],[-46.528712,-23.575563],[-46.528694,-23.575615],[-46.528681,-23.575718],[-46.528713,-23.576029],[-46.528176,-23.576178],[-46.527163,-23.576439],[-46.52664,-23.576637],[-46.526493,-23.576714],[-46.525351,-23.577414],[-46.525258,-23.577464],[-46.525087,-23.577516],[-46.524825,-23.577568],[-46.524799,-23.577694],[-46.524763,-23.578193],[-46.524782,-23.578347],[-46.524816,-23.578514],[-46.524962,-23.579082],[-46.525002,-23.579223],[-46.525059,-23.579371],[-46.5251448,-23.579579],[-46.5253783,-23.5800541],[-46.5259527,-23.5811198],[-46.5264243,-23.5819116],[-46.52684,-23.582498],[-46.5270501,-23.5828062],[-46.5273023,-23.5831015],[-46.527833,-23.583862],[-46.528053,-23.584217],[-46.528115,-23.584336]]],[[[-46.528115,-23.584336],[-46.528048,-23.584362],[-46.527878,-23.584484],[-46.527479,-23.584798],[-46.527076,-23.585103],[-46.526957,-23.585158],[-46.5258044,-23.5851363],[-46.525311,-23.585097],[-46.5247231,-23.5850106],[-46.522356,-23.58478],[-46.521063,-23.584648],[-46.520972,-23.584652],[-46.52086,-23.584699],[-46.520404,-23.58496],[-46.519922,-23.585222],[-46.519732,-23.58531],[-46.519359,-23.585455],[-46.518459,-23.585783],[-46.518291,-23.585877],[-46.518133,-23.585983],[-46.517793,-23.586275],[-46.516895,-23.587004],[-46.516803,-23.587064],[-46.5166705,-23.5871136],[-46.5166084,-23.5871385],[-46.51625,-23.587192],[-46.515979,-23.587186],[-46.515785,-23.587159],[-46.515637,-23.587117],[-46.514731,-23.586783],[-46.514613,-23.586749],[-46.514358,-23.586695],[-46.514135,-23.58668],[-46.513746,-23.586685],[-46.513504,-23.586719],[-46.513317,-23.586756],[-46.513147,-23.58681],[-46.512841,-23.586928],[-46.512586,-23.58708],[-46.512378,-23.587234],[-46.511586,-23.587887],[-46.510244,-23.588975],[-46.510154,-23.589032],[-46.509795,-23.589224],[-46.509736,-23.589252],[-46.509404,-23.589361],[-46.509274,-23.589391],[-46.508999,-23.589444],[-46.508661,-23.589493],[-46.5079162,-23.5896508],[-46.507422,-23.589774],[-46.5070699,-23.5899017],[-46.5068236,-23.5899956]]]]},"properties":{"name":"Aricanduva","admin_level":"9"}},{"type":"Feature","geometry":{"type":"MultiPolygon","coordinates":[[[[-46.578843,-23.549299],[-46.578858,-23.549261],[-46.578966,-23.548913],[-46.579143,-23.548151],[-46.579708,-23.545672],[-46.580438,-23.542332],[-46.581121,-23.539757],[-46.581228,-23.539449],[-46.581344,-23.539201],[-46.58147,-23.539012],[-46.581793,-23.538595],[-46.581964,-23.538356],[-46.582077,-23.538131],[-46.582179,-23.537818],[-46.583772,-23.531444],[-46.58391,-23.530926],[-46.58398,-23.530717],[-46.584129,-23.530331],[-46.585013,-23.528335]]],[[[-46.583664,-23.554021],[-46.583605,-23.553942],[-46.581945,-23.552424],[-46.581307,-23.551821],[-46.580221,-23.550764],[-46.580161,-23.550715],[-46.580589,-23.550047],[-46.580656,-23.549962],[-46.578843,-23.549299]]],[[[-46.604451,-23.545851],[-46.600995,-23.545159],[-46.59363,-23.543686],[-46.593409,-23.544209],[-46.593255,-23.544495],[-46.593074,-23.54473],[-46.592475,-23.54539],[-46.59239,-23.545504],[-46.592362,-23.54568],[-46.592107,-23.545976],[-46.591154,-23.547036],[-46.58836,-23.550058],[-46.5867599,-23.5514272],[-46.58519,-23.552715],[-46.583664,-23.554021]]],[[[-46.612544,-23.533614],[-46.611571,-23.53446],[-46.610835,-23.535103],[-46.609552,-23.536206],[-46.608623,-23.537042],[-46.607986,-23.5392],[-46.607049,-23.542565],[-46.6069351,-23.5427432],[-46.6068517,-23.5428307],[-46.606583,-23.543045],[-46.606122,-23.543453],[-46.604451,-23.545851]]],[[[-46.6095786,-23.530655],[-46.6095763,-23.5306699],[-46.611537,-23.532623],[-46.612544,-23.533614]]],[[[-46.608738,-23.529871],[-46.6095521,-23.5306463],[-46.6095786,-23.530655]]],[[[-46.607066,-23.523001],[-46.606852,-23.523825],[-46.606238,-23.526194],[-46.606195,-23.526463],[-46.6061354,-23.5265372],[-46.605747,-23.526896],[-46.606805,-23.52797],[-46.608738,-23.529871]]],[[[-46.5969457,-23.5276256],[-46.597898,-23.526849],[-46.599081,-23.525889],[-46.600814,-23.524505],[-46.601565,-23.523896],[-46.602059,-23.52357],[-46.602428,-23.523354],[-46.602716,-23.523215],[-46.602915,-23.52313],[-46.603225,-23.523017],[-46.60409,-23.522807],[-46.604441,-23.522751],[-46.604747,-23.522726],[-46.605231,-23.522718],[-46.605534,-23.522737],[-46.605851,-23.522776],[-46.606586,-23.522893],[-46.607066,-23.523001]]],[[[-46.585013,-23.528335],[-46.586056,-23.528593],[-46.588922,-23.5293],[-46.59054,-23.529713],[-46.590936,-23.529777],[-46.591269,-23.529805],[-46.591756,-23.529814],[-46.592275,-23.529789],[-46.592873,-23.52974],[-46.593301,-23.52966],[-46.593864,-23.529538],[-46.594279,-23.529416],[-46.594509,-23.529328],[-46.594896,-23.529141],[-46.595109,-23.529015],[-46.59527,-23.52891],[-46.5969457,-23.5276256]]]]},"properties":{"name":"Belém","admin_level":"9"}},{"type":"Feature","geometry":{"type":"MultiPolygon","coordinates":[[[[-46.520985,-23.514194],[-46.521421,-23.513936],[-46.521698,-23.5138],[-46.521948,-23.513682],[-46.52218,-23.513602],[-46.522555,-23.513502],[-46.522841,-23.513444],[-46.523131,-23.513399],[-46.523395,-23.513375],[-46.523688,-23.51337],[-46.52403,-23.513383],[-46.524303,-23.513415],[-46.524666,-23.513481],[-46.525024,-23.513558],[-46.5266,-23.513916],[-46.526782,-23.513945],[-46.527068,-23.513999],[-46.527406,-23.514045],[-46.528119,-23.514131],[-46.529188,-23.514255],[-46.530212,-23.514377],[-46.531875,-23.514572],[-46.532231,-23.514607],[-46.532791,-23.514651],[-46.533812,-23.514719],[-46.534267,-23.514753],[-46.534635,-23.514766],[-46.535241,-23.514756],[-46.535698,-23.514732],[-46.536077,-23.514695],[-46.536677,-23.514611],[-46.537726,-23.514398],[-46.538762,-23.514182],[-46.539259,-23.51408],[-46.539837,-23.513983],[-46.540158,-23.513937],[-46.540822,-23.513879],[-46.541172,-23.513863],[-46.541486,-23.513858],[-46.541943,-23.513857],[-46.542576,-23.513876],[-46.54346,-23.513909],[-46.544035,-23.513916],[-46.544154,-23.513921],[-46.54433,-23.513944],[-46.544706,-23.514017],[-46.54511,-23.514079],[-46.545817,-23.514205],[-46.545833,-23.513146],[-46.545844,-23.512818],[-46.545775,-23.512642],[-46.545745,-23.512594],[-46.545798,-23.512395],[-46.545833,-23.512319],[-46.545871,-23.512183],[-46.545943,-23.512007],[-46.546248,-23.511521],[-46.546289,-23.511442],[-46.546332,-23.51125],[-46.546416,-23.510991],[-46.546459,-23.510896],[-46.546637,-23.510539],[-46.546744,-23.510373],[-46.546937,-23.510008],[-46.547199,-23.509442],[-46.54726,-23.509296],[-46.548216,-23.50923],[-46.5487967,-23.5092077],[-46.5490479,-23.5092038],[-46.5492462,-23.5092233],[-46.549414,-23.509253],[-46.549642,-23.50932],[-46.549857,-23.509401],[-46.55,-23.509466],[-46.550099,-23.509518],[-46.550215,-23.509604],[-46.550507,-23.509867],[-46.5506039,-23.5097417],[-46.5506788,-23.5096491],[-46.5507214,-23.5096014],[-46.550763,-23.509449],[-46.55078,-23.509232],[-46.550797,-23.50882],[-46.550819,-23.508551],[-46.55087,-23.508307],[-46.55107,-23.507152],[-46.551094,-23.507035]]],[[[-46.532288,-23.492537],[-46.532791,-23.492838],[-46.533386,-23.49324],[-46.533756,-23.493673],[-46.534065,-23.49419],[-46.534382,-23.494774],[-46.534836,-23.495291],[-46.535347,-23.495699],[-46.535976,-23.49614],[-46.536743,-23.496605],[-46.537136,-23.496948],[-46.537682,-23.497433],[-46.538605,-23.498348],[-46.539539,-23.499384],[-46.540131,-23.499985],[-46.540672,-23.500671],[-46.541313,-23.5012966],[-46.5417646,-23.5016747],[-46.5421632,-23.5021679],[-46.5426905,-23.5028261],[-46.5432925,-23.5036422],[-46.543556,-23.503988],[-46.544121,-23.504477],[-46.545033,-23.505184],[-46.545433,-23.50551],[-46.545944,-23.505863],[-46.546398,-23.506144],[-46.54678,-23.50633],[-46.547138,-23.506487],[-46.547394,-23.506594],[-46.547737,-23.50668],[-46.548149,-23.506721],[-46.548588,-23.506777],[-46.549011,-23.506813],[-46.549744,-23.506836],[-46.550114,-23.5068923],[-46.5505441,-23.5069457],[-46.551094,-23.507035]]],[[[-46.512638,-23.479773],[-46.513172,-23.48004],[-46.514091,-23.480375],[-46.51516,-23.480816],[-46.516804,-23.481461],[-46.518047,-23.482109],[-46.518654,-23.482473],[-46.518974,-23.482868],[-46.519268,-23.483368],[-46.519562,-23.483814],[-46.519909,-23.484129],[-46.520321,-23.484268],[-46.520779,-23.484262],[-46.52121,-23.484259],[-46.521698,-23.484306],[-46.52216,-23.484463],[-46.522537,-23.484695],[-46.522884,-23.484957],[-46.523293,-23.485376],[-46.523815,-23.486059],[-46.525272,-23.488005],[-46.52615,-23.489054],[-46.526787,-23.489761],[-46.527397,-23.490286],[-46.528236,-23.490833],[-46.529015,-23.491276],[-46.529968,-23.491556],[-46.530834,-23.491892],[-46.531639,-23.492149],[-46.532288,-23.492537]]],[[[-46.512638,-23.479773],[-46.512447,-23.479677],[-46.511639,-23.47913],[-46.511261,-23.478922],[-46.510715,-23.478767],[-46.509422,-23.478674],[-46.507984,-23.478476],[-46.50642,-23.478115],[-46.50423,-23.477581],[-46.502735,-23.477331],[-46.501617,-23.4771577],[-46.4998273,-23.4770098]]],[[[-46.4998273,-23.4770098],[-46.5000502,-23.4772944],[-46.5002173,-23.4775284],[-46.5004428,-23.4778263],[-46.500361,-23.4779],[-46.50031,-23.477965],[-46.500289,-23.478028],[-46.500273,-23.478151],[-46.500323,-23.478242],[-46.500398,-23.47835],[-46.500315,-23.47871],[-46.500302,-23.478726],[-46.500257,-23.478844]]],[[[-46.500257,-23.478844],[-46.496921,-23.483748],[-46.496783,-23.483945],[-46.496718,-23.484011],[-46.4966,-23.484065]]],[[[-46.4966,-23.484065],[-46.496641,-23.484214],[-46.496711,-23.484403],[-46.496751,-23.484469],[-46.496975,-23.484739],[-46.497078,-23.484908],[-46.497164,-23.485004],[-46.497389,-23.485169],[-46.497637,-23.48526],[-46.497885,-23.485334],[-46.498073,-23.485381],[-46.498218,-23.485404],[-46.498449,-23.48542],[-46.498756,-23.485424],[-46.499323,-23.485399],[-46.50003,-23.485394],[-46.501904,-23.485407],[-46.502405,-23.485453],[-46.502658,-23.485498],[-46.502932,-23.485557],[-46.503217,-23.485651],[-46.503547,-23.485797],[-46.503766,-23.485914],[-46.503985,-23.486072],[-46.504183,-23.486227],[-46.504372,-23.486411],[-46.504505,-23.486572],[-46.504754,-23.486956],[-46.504847,-23.487156],[-46.5053256,-23.4883413]]],[[[-46.5053256,-23.4883413],[-46.505602,-23.489026],[-46.5052,-23.489134],[-46.505097,-23.489148],[-46.504973,-23.489143],[-46.5046,-23.489236],[-46.503237,-23.489598],[-46.502448,-23.489786],[-46.502053,-23.489855],[-46.501898,-23.489926],[-46.501367,-23.490334],[-46.500869,-23.490669],[-46.500798,-23.490704],[-46.500379,-23.490859],[-46.500113,-23.49094],[-46.499455,-23.491116],[-46.498511,-23.491419],[-46.4983893,-23.49149]]],[[[-46.4962434,-23.4979097],[-46.496377,-23.497725],[-46.4965901,-23.497465],[-46.4971632,-23.4967614],[-46.4974081,-23.4964397],[-46.4975352,-23.4963025],[-46.4976292,-23.4961956],[-46.4977232,-23.4960585],[-46.4978185,-23.4958011],[-46.4980886,-23.4949816],[-46.498172,-23.4946611],[-46.498213,-23.4944499],[-46.4982726,-23.4931545],[-46.498288,-23.4927578],[-46.4983893,-23.49149]]],[[[-46.4962434,-23.4979097],[-46.4961172,-23.4980457],[-46.4958917,-23.4977757],[-46.495815,-23.497878],[-46.4955989,-23.498235],[-46.495344,-23.4986428],[-46.494924,-23.499052],[-46.494614,-23.499267],[-46.494415,-23.499384],[-46.494156,-23.499576],[-46.493871,-23.499922],[-46.493809,-23.500304],[-46.493823,-23.500439],[-46.493972,-23.501169],[-46.493988,-23.501562],[-46.493873,-23.503306],[-46.493825,-23.503523],[-46.493802,-23.50369],[-46.493797,-23.503854],[-46.49382,-23.504024],[-46.494104,-23.505325],[-46.494231,-23.505763],[-46.49442,-23.5062],[-46.494465,-23.50635],[-46.494469,-23.506416],[-46.494339,-23.506703]]],[[[-46.520985,-23.514194],[-46.5017306,-23.508781],[-46.4971908,-23.5075048],[-46.494339,-23.506703]]]]},"properties":{"name":"Cangaíba","admin_level":"9"}},{"type":"Feature","geometry":{"type":"MultiPolygon","coordinates":[[[[-46.517149,-23.555133],[-46.518108,-23.553775],[-46.518229,-23.553617],[-46.518469,-23.553347],[-46.518611,-23.553213],[-46.518823,-23.553031],[-46.519001,-23.552905],[-46.519215,-23.552771],[-46.523614,-23.550297],[-46.523845,-23.550155],[-46.523998,-23.550044],[-46.524135,-23.549933],[-46.524272,-23.549799],[-46.524392,-23.549666],[-46.524751,-23.549184],[-46.525272,-23.54846],[-46.525505,-23.548202],[-46.52575,-23.547991],[-46.526079,-23.547742],[-46.526633,-23.5474],[-46.527143,-23.547032],[-46.527449,-23.546785],[-46.527608,-23.546634],[-46.527912,-23.546323],[-46.529036,-23.545121],[-46.529262,-23.544897],[-46.529589,-23.544609],[-46.529701,-23.544528],[-46.529844,-23.544438],[-46.530006,-23.544351],[-46.532594,-23.543193],[-46.53339,-23.542809],[-46.533549,-23.542716],[-46.53401,-23.542412],[-46.534841,-23.541771],[-46.535099,-23.541583],[-46.535351,-23.541441],[-46.53553,-23.54136],[-46.535727,-23.541285],[-46.53591,-23.54123],[-46.536123,-23.541184],[-46.536449,-23.541141],[-46.536751,-23.541114],[-46.537301,-23.541105],[-46.538099,-23.541141],[-46.538566,-23.541192],[-46.538699,-23.541194],[-46.538793,-23.541188],[-46.539059,-23.541143],[-46.539253,-23.541091],[-46.539471,-23.541024],[-46.5443447,-23.5390917],[-46.544392,-23.539073],[-46.544599,-23.538972],[-46.544968,-23.538769],[-46.5454869,-23.538512],[-46.546011,-23.538315],[-46.5465073,-23.5381067],[-46.546687,-23.53801],[-46.546824,-23.537919],[-46.546982,-23.537793],[-46.5470365,-23.5377433],[-46.54713,-23.537658],[-46.547338,-23.537418],[-46.547418,-23.5373028],[-46.547438,-23.537274],[-46.5474792,-23.5372022],[-46.547528,-23.537117],[-46.547645,-23.536845],[-46.547706,-23.536671],[-46.5479125,-23.5359745],[-46.5480262,-23.5355547],[-46.548245,-23.534897]]],[[[-46.5299508,-23.5704925],[-46.529377,-23.570191],[-46.528745,-23.569769],[-46.528425,-23.569468],[-46.528168,-23.569192],[-46.527944,-23.56892],[-46.527701,-23.568561],[-46.527558,-23.568302],[-46.527451,-23.568086],[-46.527175,-23.567424],[-46.526994,-23.56707],[-46.526628,-23.566591],[-46.526389,-23.566322],[-46.526078,-23.566041],[-46.525821,-23.565851],[-46.525472,-23.565655],[-46.524944,-23.565334],[-46.524371,-23.565002],[-46.524001,-23.564752],[-46.523764,-23.564561],[-46.523519,-23.564322],[-46.523068,-23.563826],[-46.522888,-23.563574],[-46.522728,-23.563298],[-46.522549,-23.562958],[-46.522304,-23.562335],[-46.522227,-23.562051],[-46.522071,-23.561385],[-46.522009,-23.561205],[-46.521909,-23.560951],[-46.52175,-23.56059],[-46.520905,-23.559046],[-46.521,-23.558977],[-46.521636,-23.558572],[-46.521541,-23.558422],[-46.521211,-23.558157],[-46.520419,-23.557664],[-46.520016,-23.557424],[-46.519625,-23.557238],[-46.519079,-23.556955],[-46.518659,-23.556674],[-46.518414,-23.556467],[-46.518104,-23.55617],[-46.517737,-23.555689],[-46.517493,-23.555401],[-46.517345,-23.555263],[-46.517247,-23.555192],[-46.517149,-23.555133]]],[[[-46.5540249,-23.5554],[-46.5537285,-23.5554212],[-46.553529,-23.555493],[-46.5533985,-23.5556376],[-46.552838,-23.5563039],[-46.5526763,-23.5561595],[-46.5526345,-23.5561208],[-46.5520194,-23.5555873],[-46.550985,-23.5546586],[-46.5508396,-23.5545509],[-46.5506322,-23.5544657],[-46.5504437,-23.5544247],[-46.5502845,-23.5544198],[-46.5500682,-23.5544328],[-46.5498857,-23.554464],[-46.549732,-23.554525],[-46.54962,-23.554593],[-46.549532,-23.554677],[-46.549457,-23.554784],[-46.549384,-23.554959],[-46.549289,-23.555296],[-46.549204,-23.5557179],[-46.5488348,-23.5555881],[-46.5483128,-23.5555084],[-46.5474982,-23.5553996],[-46.5471581,-23.5553344],[-46.5468497,-23.5553126],[-46.546563,-23.555361],[-46.546072,-23.555466],[-46.545827,-23.555532],[-46.545716,-23.55559],[-46.545673,-23.555512],[-46.545615,-23.555316],[-46.545572,-23.555216],[-46.5454862,-23.5547771],[-46.5454502,-23.5547834],[-46.5453413,-23.5551906],[-46.5452474,-23.5553912],[-46.5448547,-23.5563882],[-46.543691,-23.559451],[-46.543363,-23.560344],[-46.543282,-23.560767],[-46.5433011,-23.560943],[-46.5414573,-23.5602927],[-46.5411602,-23.5601967],[-46.5410056,-23.5601586],[-46.540551,-23.561207],[-46.540612,-23.561659],[-46.539815,-23.56174],[-46.5395054,-23.561757],[-46.539241,-23.561748],[-46.538822,-23.561705],[-46.538708,-23.561713],[-46.5386309,-23.5617189],[-46.538581,-23.561733],[-46.538485,-23.561767],[-46.538374,-23.561822],[-46.538278,-23.561886],[-46.537828,-23.562225],[-46.537721,-23.562252],[-46.537634,-23.562265],[-46.537398,-23.562236],[-46.537271,-23.562188],[-46.537125,-23.562117],[-46.536999,-23.562019],[-46.536913,-23.561911],[-46.536861,-23.56183],[-46.5368005,-23.561632],[-46.5367423,-23.5616377],[-46.5363837,-23.5616986],[-46.5361838,-23.5617343],[-46.535602,-23.561866],[-46.535648,-23.561589],[-46.535632,-23.561401],[-46.535564,-23.561191],[-46.533074,-23.562485],[-46.532141,-23.56298],[-46.531094,-23.563514],[-46.531136,-23.563578],[-46.531379,-23.56388],[-46.531323,-23.563971],[-46.531318,-23.564035],[-46.531327,-23.564093],[-46.531364,-23.564184],[-46.53239,-23.565859],[-46.532573,-23.566196],[-46.532495,-23.566579],[-46.532458,-23.566681],[-46.532406,-23.566756],[-46.532189,-23.566956],[-46.532137,-23.567049],[-46.531391,-23.568817],[-46.531319,-23.56895],[-46.531308,-23.569031],[-46.531329,-23.569152],[-46.531524,-23.569787],[-46.530545,-23.569344],[-46.5299508,-23.5704925]]],[[[-46.5540249,-23.5554],[-46.5539201,-23.554139],[-46.553811,-23.552877],[-46.553831,-23.552764],[-46.554854,-23.548938],[-46.555123,-23.54783],[-46.555131,-23.547755],[-46.555963,-23.544727],[-46.556306,-23.543696],[-46.556684,-23.542881],[-46.5571941,-23.5406618],[-46.5581874,-23.5369089],[-46.557647,-23.536817],[-46.557256,-23.536765],[-46.556941,-23.536689],[-46.5566265,-23.5366243],[-46.5564087,-23.5365894],[-46.5559211,-23.536491],[-46.555402,-23.536369],[-46.554394,-23.536167],[-46.548245,-23.534897]]]]},"properties":{"name":"Carrão","admin_level":"9"}},{"type":"Feature","geometry":{"type":"MultiPolygon","coordinates":[[[[-46.3835059,-23.57053],[-46.3840631,-23.5706621],[-46.384584,-23.5706389],[-46.385152,-23.57124],[-46.385616,-23.571534],[-46.385791,-23.571621],[-46.38595,-23.571642],[-46.386341,-23.571625],[-46.386692,-23.571664],[-46.386894,-23.571664],[-46.387028,-23.571675],[-46.38725,-23.571752],[-46.38737,-23.571841],[-46.387476,-23.571868],[-46.387539,-23.571865],[-46.387796,-23.571784],[-46.387859,-23.571716],[-46.387909,-23.571695],[-46.387929,-23.571697],[-46.387965,-23.571734],[-46.388054,-23.571793],[-46.388132,-23.571809],[-46.388228,-23.571789],[-46.388341,-23.571751],[-46.388469,-23.571729],[-46.388713,-23.571657],[-46.389115,-23.571468],[-46.389413,-23.57134],[-46.389652,-23.571247],[-46.3898039,-23.5711961],[-46.389825,-23.571189],[-46.390461,-23.570909],[-46.390541,-23.570909],[-46.39062,-23.570929],[-46.390693,-23.570965],[-46.390756,-23.570981],[-46.390925,-23.570956],[-46.390986,-23.57096],[-46.391107,-23.570985],[-46.391333,-23.571092],[-46.391618,-23.571173],[-46.391825,-23.571202],[-46.392425,-23.57134],[-46.392592,-23.571413],[-46.392771,-23.571461],[-46.392872,-23.571462],[-46.392955,-23.57145],[-46.393056,-23.571412],[-46.393373,-23.571378],[-46.393592,-23.571346],[-46.393658,-23.571325],[-46.393715,-23.571282],[-46.39376,-23.571191],[-46.393827,-23.571093],[-46.393863,-23.570963],[-46.39395,-23.570801],[-46.394027,-23.570724],[-46.394147,-23.570653],[-46.394556,-23.570378],[-46.394643,-23.570328],[-46.394689,-23.57033],[-46.394739,-23.570343],[-46.394778,-23.570376],[-46.394848,-23.570398],[-46.395101,-23.570438],[-46.395162,-23.57044],[-46.395287,-23.570404],[-46.395481,-23.570311],[-46.395594,-23.570315],[-46.39576,-23.570383],[-46.395894,-23.570452],[-46.39598,-23.570472],[-46.396099,-23.570469],[-46.396247,-23.570428],[-46.396368,-23.57038],[-46.396428,-23.570335],[-46.396455,-23.570268],[-46.396524,-23.570149],[-46.396622,-23.570064],[-46.396704,-23.570012],[-46.397462,-23.569685],[-46.398202,-23.56928],[-46.398678,-23.56899],[-46.399204,-23.568611],[-46.400885,-23.567548],[-46.401173,-23.567333],[-46.401556,-23.567074],[-46.401868,-23.566844],[-46.402128,-23.566576],[-46.402295,-23.566389],[-46.402387,-23.566269],[-46.40322,-23.565441],[-46.40356,-23.565087],[-46.404072,-23.564611],[-46.404446,-23.564214],[-46.404621,-23.564073],[-46.404791,-23.563963],[-46.405741,-23.563457],[-46.40602,-23.563361],[-46.407262,-23.562982],[-46.407458,-23.562932],[-46.408757,-23.562502],[-46.408913,-23.562435],[-46.409252,-23.562323],[-46.409499,-23.56226],[-46.409632,-23.56224],[-46.410512,-23.562221],[-46.410761,-23.562188],[-46.410943,-23.562145],[-46.411041,-23.562142],[-46.41118,-23.562166],[-46.411296,-23.562216],[-46.411375,-23.562266],[-46.411437,-23.56235],[-46.411481,-23.562526],[-46.411507,-23.5626],[-46.41155,-23.56263],[-46.411583,-23.562643],[-46.411866,-23.562646],[-46.412285,-23.562679],[-46.412436,-23.56271],[-46.412507,-23.562733],[-46.41252,-23.562751],[-46.412523,-23.562777],[-46.412508,-23.56284],[-46.412509,-23.562886],[-46.412532,-23.562918],[-46.412664,-23.562954],[-46.412732,-23.562982],[-46.412945,-23.563129],[-46.413148,-23.563224],[-46.413353,-23.563262],[-46.413464,-23.563245],[-46.413612,-23.563195],[-46.413705,-23.563187],[-46.413872,-23.563192],[-46.414005,-23.563207],[-46.414076,-23.563237],[-46.414147,-23.563294],[-46.414326,-23.563479],[-46.414461,-23.563587],[-46.414491,-23.563593],[-46.414647,-23.563549],[-46.41483,-23.563473],[-46.415124,-23.563319],[-46.41575,-23.562886],[-46.415865,-23.562799],[-46.415973,-23.562777],[-46.416359,-23.562783],[-46.416694,-23.562803],[-46.417701,-23.562882],[-46.417868,-23.562892],[-46.417923,-23.56288],[-46.417966,-23.562859],[-46.418008,-23.562816],[-46.418053,-23.56273],[-46.418194,-23.562515],[-46.418266,-23.562375],[-46.418376,-23.562422],[-46.418419,-23.562456],[-46.41844,-23.562489],[-46.418456,-23.562549],[-46.41854,-23.56269],[-46.418544,-23.562781],[-46.41859,-23.563054],[-46.418658,-23.563337],[-46.418674,-23.563361],[-46.418798,-23.563434],[-46.418836,-23.563468],[-46.418862,-23.563554],[-46.418853,-23.56361],[-46.418811,-23.563675],[-46.418761,-23.563706],[-46.418751,-23.563734],[-46.418772,-23.563806],[-46.418856,-23.563894],[-46.419062,-23.564045],[-46.41927,-23.56419],[-46.419496,-23.564329],[-46.419547,-23.564341],[-46.419663,-23.564328],[-46.419698,-23.564339],[-46.419734,-23.564399],[-46.419729,-23.564455],[-46.41974,-23.564495],[-46.419786,-23.564527]]],[[[-46.417995,-23.592739],[-46.417531,-23.59214],[-46.417092,-23.591535],[-46.4169113,-23.5911326],[-46.416888,-23.591087],[-46.416689,-23.590541],[-46.416564,-23.59016],[-46.416508,-23.590046],[-46.416437,-23.58994],[-46.416215,-23.589708],[-46.415575,-23.589238],[-46.4154,-23.589064],[-46.415307,-23.588945],[-46.415192,-23.588773],[-46.415112,-23.588558],[-46.415024,-23.58815],[-46.414885,-23.587441],[-46.41481,-23.5869685],[-46.414769,-23.586798],[-46.414742,-23.586511],[-46.414734,-23.586235],[-46.414773,-23.585596],[-46.4150936,-23.5827223],[-46.4152336,-23.5818858],[-46.415478,-23.582008],[-46.415566,-23.58192],[-46.415684,-23.58185],[-46.415754,-23.581776],[-46.415771,-23.581739],[-46.415813,-23.581525],[-46.415797,-23.581424],[-46.415795,-23.581322],[-46.415779,-23.581287],[-46.415781,-23.58122],[-46.41581,-23.581077],[-46.415813,-23.580963],[-46.415847,-23.580807],[-46.415851,-23.580731],[-46.415775,-23.580202],[-46.415782,-23.580016],[-46.415773,-23.579997],[-46.415699,-23.579952],[-46.415666,-23.579903],[-46.41566,-23.57984],[-46.415685,-23.579759],[-46.415729,-23.579451],[-46.415773,-23.579279],[-46.415786,-23.579132],[-46.415796,-23.579091],[-46.415846,-23.579018],[-46.415885,-23.578934],[-46.415919,-23.578787],[-46.416093,-23.578293],[-46.416117,-23.578246],[-46.41618,-23.578194],[-46.416256,-23.578003],[-46.416301,-23.577956],[-46.416316,-23.577951],[-46.416475,-23.577966],[-46.416556,-23.577965],[-46.416601,-23.577951],[-46.41666,-23.577869],[-46.416716,-23.577662],[-46.416746,-23.577631],[-46.416929,-23.57752],[-46.417076,-23.577331],[-46.417251,-23.577238],[-46.417379,-23.577135],[-46.4173925,-23.5771025],[-46.417516,-23.576994],[-46.417585,-23.576861],[-46.4176845,-23.5766395],[-46.417748,-23.576577],[-46.417791,-23.576639],[-46.417854,-23.576667],[-46.418094,-23.576632],[-46.418315,-23.576576],[-46.418363,-23.576555],[-46.418415,-23.576506],[-46.418477,-23.576408],[-46.418664,-23.576201],[-46.418759,-23.576156],[-46.419127,-23.576053],[-46.419217,-23.57601],[-46.419437,-23.575862],[-46.41953,-23.575819],[-46.419704,-23.575783],[-46.41986,-23.575732],[-46.42018,-23.575591],[-46.420708,-23.575382],[-46.421149,-23.57515],[-46.42171,-23.574754],[-46.422084,-23.574393],[-46.422348,-23.574083],[-46.422626,-23.573658],[-46.42276,-23.573419],[-46.422919,-23.573241],[-46.423264,-23.572968],[-46.423408,-23.572721],[-46.423462,-23.572609],[-46.42347,-23.572399],[-46.423359,-23.571956],[-46.423162,-23.571437],[-46.423064,-23.571224],[-46.422809,-23.57099],[-46.422443,-23.570695],[-46.422264,-23.570506],[-46.42211,-23.570271],[-46.421981,-23.569998],[-46.421887,-23.569706],[-46.421723,-23.568977],[-46.421758,-23.568275],[-46.421698,-23.567843],[-46.42163,-23.56762],[-46.421599,-23.567481],[-46.421571,-23.56727],[-46.421516,-23.567112],[-46.421426,-23.566946],[-46.421273,-23.566754],[-46.421128,-23.566597],[-46.420732,-23.566206],[-46.42061,-23.566061],[-46.420528,-23.565915],[-46.420169,-23.56517],[-46.420067,-23.564852],[-46.419995,-23.564695],[-46.419957,-23.564653],[-46.419786,-23.564527]]],[[[-46.405064,-23.605574],[-46.405157,-23.605505],[-46.405454,-23.605215],[-46.405529,-23.605126],[-46.405593,-23.605022],[-46.4058324,-23.6048417],[-46.406067,-23.604644],[-46.406319,-23.604543],[-46.406532,-23.604528],[-46.406661,-23.604541],[-46.406771,-23.604519],[-46.406835,-23.60446],[-46.406935,-23.604304],[-46.407024,-23.604193],[-46.407044,-23.604184],[-46.407132,-23.604192],[-46.4073043,-23.6042012],[-46.407424,-23.604228],[-46.407551,-23.604178],[-46.407751,-23.604039],[-46.40809,-23.603666],[-46.408176,-23.603592],[-46.408328,-23.603527],[-46.408408,-23.603501],[-46.409047,-23.603365],[-46.409705,-23.603168],[-46.410045,-23.603058],[-46.410209,-23.602983],[-46.41036,-23.602889],[-46.410496,-23.602776],[-46.4106346,-23.6027585],[-46.4108097,-23.6027108],[-46.4110805,-23.6026935],[-46.4114255,-23.6026289],[-46.4115937,-23.6025603],[-46.4118538,-23.6024603],[-46.4120395,-23.6024441],[-46.412178,-23.602465],[-46.41226,-23.602457],[-46.412318,-23.602415],[-46.4124876,-23.6023865],[-46.412487,-23.602252],[-46.412596,-23.602143],[-46.412732,-23.602023],[-46.412867,-23.601881],[-46.412939,-23.601792],[-46.41307,-23.601469],[-46.413128,-23.601393],[-46.4132,-23.601323],[-46.41342,-23.601186],[-46.413506,-23.601124],[-46.413604,-23.600989],[-46.413673,-23.600842],[-46.413788,-23.600383],[-46.413956,-23.599787],[-46.414036,-23.599606],[-46.414284,-23.599338],[-46.414358,-23.599106],[-46.414439,-23.599011],[-46.414633,-23.598834],[-46.414699,-23.598745],[-46.414824,-23.598406],[-46.414875,-23.598193],[-46.414966,-23.597878],[-46.415066,-23.597341],[-46.415261,-23.597077],[-46.415606,-23.596366],[-46.416079,-23.595363],[-46.416268,-23.594946],[-46.416363,-23.594808],[-46.416581,-23.59455],[-46.416767,-23.594352],[-46.41713,-23.593857],[-46.417254,-23.593712],[-46.41736,-23.593566],[-46.417596,-23.593281],[-46.417788,-23.593028],[-46.417837,-23.592892],[-46.417858,-23.592857],[-46.417995,-23.592739]]],[[[-46.404939,-23.605597],[-46.405064,-23.605574]]],[[[-46.3985027,-23.6115396],[-46.398631,-23.611442],[-46.39878,-23.611275],[-46.398857,-23.611166],[-46.398907,-23.610996],[-46.398949,-23.610947],[-46.399002,-23.610928],[-46.399094,-23.610924],[-46.39918,-23.610898],[-46.39926,-23.610834],[-46.399331,-23.610703],[-46.399408,-23.610643],[-46.399519,-23.610571],[-46.399658,-23.610532],[-46.399828,-23.610457],[-46.39987,-23.610409],[-46.399974,-23.610231],[-46.4000051,-23.6102057],[-46.4000513,-23.6101678],[-46.4000647,-23.6100768],[-46.400125,-23.6099684],[-46.4002536,-23.6099059],[-46.400381,-23.609775],[-46.400437,-23.609743],[-46.400517,-23.60973],[-46.400597,-23.609702],[-46.400872,-23.609575],[-46.400932,-23.609508],[-46.400968,-23.609392],[-46.401128,-23.609289],[-46.401184,-23.609233],[-46.401254,-23.609196],[-46.401381,-23.609155],[-46.401492,-23.609082],[-46.401625,-23.609007],[-46.401708,-23.608907],[-46.401817,-23.608853],[-46.401852,-23.608812],[-46.40189,-23.608679],[-46.40194,-23.608634],[-46.402026,-23.608586],[-46.402097,-23.608475],[-46.402161,-23.608412],[-46.402362,-23.608323],[-46.402422,-23.608288],[-46.402465,-23.608237],[-46.402522,-23.608098],[-46.402547,-23.608076],[-46.402635,-23.608035],[-46.402784,-23.607996],[-46.40284,-23.60799],[-46.402891,-23.607973],[-46.403004,-23.607873],[-46.403054,-23.607856],[-46.403173,-23.607783],[-46.403272,-23.607685],[-46.403346,-23.607592],[-46.40345,-23.60749],[-46.403649,-23.607346],[-46.403807,-23.607279],[-46.403965,-23.607081],[-46.404195,-23.606925],[-46.404249,-23.606925],[-46.404275,-23.606943],[-46.404351,-23.606935],[-46.404384,-23.606897],[-46.404429,-23.606813],[-46.404487,-23.606739],[-46.404595,-23.606633],[-46.404628,-23.606553],[-46.404623,-23.606522],[-46.404587,-23.60644],[-46.404508,-23.606327],[-46.404505,-23.606283],[-46.404532,-23.606254],[-46.404705,-23.606139],[-46.404725,-23.606117],[-46.404766,-23.605976],[-46.40486,-23.605708],[-46.40491,-23.605617],[-46.404939,-23.605597]]],[[[-46.398394,-23.611592],[-46.398472,-23.611563],[-46.3985027,-23.6115396]]],[[[-46.3975924,-23.6152786],[-46.3975139,-23.6151548],[-46.3973626,-23.6148244],[-46.3971865,-23.6144764],[-46.3971573,-23.614303],[-46.397124,-23.614059],[-46.397132,-23.613944],[-46.397196,-23.613773],[-46.397331,-23.613577],[-46.397417,-23.613413],[-46.397491,-23.613221],[-46.397563,-23.612897],[-46.397596,-23.612712],[-46.39773,-23.612361],[-46.397929,-23.612133],[-46.398118,-23.611813],[-46.398187,-23.611719],[-46.398394,-23.611592]]],[[[-46.3978979,-23.6161324],[-46.3979694,-23.6159329],[-46.3979657,-23.6157463],[-46.3979276,-23.6156159],[-46.3978211,-23.6154882],[-46.3975924,-23.6152786]]],[[[-46.3978979,-23.6161324],[-46.3975779,-23.6157865],[-46.3971879,-23.6155536],[-46.3962185,-23.6151298],[-46.3955521,-23.6142738],[-46.3954675,-23.6130261],[-46.3953213,-23.6128585],[-46.3948828,-23.612623],[-46.3947748,-23.612479]]],[[[-46.3947748,-23.612479],[-46.3953734,-23.6111849],[-46.3955505,-23.6107116],[-46.3959897,-23.6094975],[-46.3962012,-23.6091057],[-46.3962857,-23.6090348],[-46.3964768,-23.6089123],[-46.3967044,-23.6088124],[-46.3969051,-23.6087224],[-46.3973767,-23.6085601],[-46.3975523,-23.6084906],[-46.3976389,-23.6084816],[-46.3977327,-23.6084642],[-46.3977936,-23.6084401],[-46.3980018,-23.6083214],[-46.3983003,-23.6081361],[-46.3987425,-23.6077916],[-46.3989408,-23.6076644],[-46.3989419,-23.6075864],[-46.3989908,-23.6072277],[-46.3990475,-23.6071539],[-46.3991986,-23.6070757],[-46.3992248,-23.6070233],[-46.3991665,-23.6067739],[-46.3991881,-23.6067042],[-46.3996082,-23.6064578],[-46.3996612,-23.6063024],[-46.3996453,-23.6061208],[-46.3984998,-23.6053813],[-46.3979561,-23.6049649],[-46.3971863,-23.6044034],[-46.3971436,-23.6043006],[-46.3971654,-23.6042041],[-46.3972105,-23.6040064],[-46.3968665,-23.6038095],[-46.3966876,-23.6036553],[-46.3958996,-23.6025501],[-46.3956322,-23.6022487],[-46.3953905,-23.6021531],[-46.3949372,-23.6020447],[-46.3943993,-23.6019305],[-46.39407,-23.6019072],[-46.3935868,-23.6019288],[-46.3933496,-23.6019775],[-46.3931264,-23.6020344],[-46.3929484,-23.6021328],[-46.3928364,-23.6022643],[-46.3926393,-23.602498],[-46.3923439,-23.6027313],[-46.392135,-23.6028707],[-46.3920705,-23.6028838],[-46.3919954,-23.6028745],[-46.3915775,-23.6027242],[-46.3910251,-23.6024725],[-46.3902976,-23.6020963],[-46.3897197,-23.6016745],[-46.3892002,-23.6013763],[-46.3888068,-23.6012129],[-46.3881998,-23.6009885],[-46.3876873,-23.6008924],[-46.3873434,-23.600858],[-46.3869504,-23.6008492],[-46.3863873,-23.6010682],[-46.3860676,-23.6010908],[-46.3851223,-23.600923],[-46.3845839,-23.6007881],[-46.3837819,-23.6002834],[-46.383443,-23.5999877],[-46.38316,-23.5996727],[-46.382993,-23.59934],[-46.3829214,-23.5989726],[-46.382885,-23.5987842],[-46.3829196,-23.5986107],[-46.3829903,-23.5985161],[-46.3831705,-23.5983174],[-46.3831329,-23.598201],[-46.3831255,-23.5980779],[-46.383174,-23.5979307],[-46.38331,-23.5977919],[-46.3837294,-23.5973431],[-46.3837629,-23.5972032],[-46.3837622,-23.5970199],[-46.3837416,-23.5968871],[-46.3837532,-23.5967774],[-46.3837919,-23.5966994],[-46.3838731,-23.596645],[-46.3839903,-23.596607],[-46.384063,-23.5965606],[-46.384107,-23.5964892],[-46.3841197,-23.5963867],[-46.3840758,-23.5962602],[-46.3839639,-23.5961209],[-46.383827,-23.5959196],[-46.3837354,-23.5954859],[-46.3836597,-23.5952994],[-46.383577,-23.5951486],[-46.3834729,-23.5950008],[-46.3833795,-23.5949088],[-46.3832502,-23.5948135],[-46.3831532,-23.5946992],[-46.3830778,-23.594598],[-46.3829805,-23.594399],[-46.3829352,-23.5942279],[-46.3829284,-23.5941653],[-46.3829253,-23.5940913],[-46.3829347,-23.594014],[-46.3829478,-23.5939251],[-46.3829781,-23.5936619],[-46.3829887,-23.5934414],[-46.3829539,-23.5933264],[-46.3828992,-23.5931273],[-46.3828338,-23.5928085],[-46.3827967,-23.5927103],[-46.3827308,-23.5925989],[-46.3826923,-23.5925012],[-46.3826623,-23.592329],[-46.3826431,-23.5921832],[-46.3826572,-23.5918116],[-46.3826537,-23.5917413],[-46.3822574,-23.5910304],[-46.3820485,-23.5908931],[-46.3817485,-23.590562],[-46.3815659,-23.5904559],[-46.3813528,-23.5903071],[-46.3812858,-23.5902332],[-46.3810684,-23.5899749],[-46.3809327,-23.5894433],[-46.3808495,-23.5891345],[-46.3807974,-23.5889544],[-46.3807502,-23.5888419],[-46.3807493,-23.58884],[-46.3806672,-23.5887535],[-46.3803861,-23.5886033],[-46.3801087,-23.5885104],[-46.3797719,-23.5885073],[-46.3796708,-23.5885076],[-46.3794845,-23.5885566],[-46.3793174,-23.5885955],[-46.3791682,-23.5886195],[-46.3789431,-23.5887279],[-46.378666,-23.5888678],[-46.3783949,-23.5890384],[-46.3779666,-23.589432],[-46.3776524,-23.5896893],[-46.3771401,-23.5899052],[-46.3770233,-23.5899177],[-46.377326,-23.5888509],[-46.3774633,-23.5884067],[-46.3774963,-23.5881859],[-46.3774351,-23.5880861],[-46.3773461,-23.5879375],[-46.3772646,-23.587739],[-46.3772416,-23.5876534],[-46.377243,-23.5875741],[-46.377268,-23.587516],[-46.3773065,-23.5874641],[-46.3773754,-23.5873753],[-46.3774896,-23.5872579],[-46.3775984,-23.5872027],[-46.3779428,-23.5870916],[-46.3782725,-23.5870308],[-46.3784229,-23.586892],[-46.3787,-23.5866144],[-46.379079,-23.5862221],[-46.3793639,-23.5858818],[-46.3796769,-23.5854787],[-46.3797898,-23.585313],[-46.3798891,-23.5851146],[-46.3799365,-23.5849645],[-46.3799598,-23.5847745],[-46.3799551,-23.5846008],[-46.379917,-23.5842859],[-46.3798767,-23.5839642],[-46.3798737,-23.5839039],[-46.3798889,-23.5838427],[-46.379914,-23.5837877],[-46.3799894,-23.5836623],[-46.3803146,-23.5831536],[-46.3812677,-23.5817759],[-46.3815917,-23.581289],[-46.3818411,-23.5809802],[-46.3819764,-23.5808308],[-46.3820632,-23.5807354],[-46.3821483,-23.5806694],[-46.3822097,-23.5806315],[-46.3825735,-23.5804644],[-46.382966,-23.5803072],[-46.3830818,-23.5802842],[-46.3831748,-23.5802863],[-46.3834993,-23.5803285],[-46.3836608,-23.5797621],[-46.3837291,-23.5794859],[-46.3837716,-23.5792142],[-46.383707,-23.5791178],[-46.3836227,-23.5788435],[-46.3835426,-23.5785427],[-46.3835916,-23.5783202],[-46.3836971,-23.578234],[-46.3838299,-23.5781869],[-46.383742,-23.5780379],[-46.3835517,-23.5778866],[-46.382744,-23.5775246],[-46.3822276,-23.5773616],[-46.381971,-23.5772394],[-46.3816316,-23.5772211],[-46.3808238,-23.5771999],[-46.3804778,-23.577167],[-46.3801909,-23.5771145],[-46.3797554,-23.5769777],[-46.37938,-23.5767899],[-46.3789941,-23.5765365],[-46.3788414,-23.5763365],[-46.3786888,-23.5761221],[-46.3785725,-23.5759076],[-46.378502,-23.5756734],[-46.378405,-23.5754597],[-46.3783865,-23.5752881],[-46.3783404,-23.5751591],[-46.3782485,-23.5750414],[-46.3782171,-23.574919],[-46.3782278,-23.5748202],[-46.3781997,-23.5747332],[-46.3781909,-23.5746759],[-46.3781993,-23.574567],[-46.3782205,-23.5744819],[-46.3783907,-23.5743192],[-46.3785092,-23.5742453],[-46.3786345,-23.5741948],[-46.378954,-23.5741123],[-46.3792412,-23.5740654],[-46.3800579,-23.5739754],[-46.3805063,-23.5739047],[-46.3808056,-23.5738296],[-46.3810364,-23.5737112],[-46.3811304,-23.5736347],[-46.3812057,-23.5735292],[-46.3812548,-23.5733093],[-46.3813236,-23.5730354],[-46.381445,-23.5728556],[-46.3815942,-23.57272],[-46.3822851,-23.5723015],[-46.3826385,-23.5721162],[-46.3828586,-23.5720336],[-46.3829593,-23.5719865],[-46.383133,-23.5718214],[-46.3832655,-23.5715946],[-46.3833943,-23.5713495],[-46.3834822,-23.571093],[-46.3835233,-23.5709183],[-46.3835321,-23.5707614],[-46.3835059,-23.57053]]]]},"properties":{"name":"Cidade Tiradentes","admin_level":"9"}},{"type":"Feature","geometry":{"type":"MultiPolygon","coordinates":[[[[-46.4966,-23.484065],[-46.496641,-23.484214],[-46.496711,-23.484403],[-46.496751,-23.484469],[-46.496975,-23.484739],[-46.497078,-23.484908],[-46.497164,-23.485004],[-46.497389,-23.485169],[-46.497637,-23.48526],[-46.497885,-23.485334],[-46.498073,-23.485381],[-46.498218,-23.485404],[-46.498449,-23.48542],[-46.498756,-23.485424],[-46.499323,-23.485399],[-46.50003,-23.485394],[-46.501904,-23.485407],[-46.502405,-23.485453],[-46.502658,-23.485498],[-46.502932,-23.485557],[-46.503217,-23.485651],[-46.503547,-23.485797],[-46.503766,-23.485914],[-46.503985,-23.486072],[-46.504183,-23.486227],[-46.504372,-23.486411],[-46.504505,-23.486572],[-46.504754,-23.486956],[-46.504847,-23.487156],[-46.5053256,-23.4883413]]],[[[-46.500257,-23.478844],[-46.496921,-23.483748],[-46.496783,-23.483945],[-46.496718,-23.484011],[-46.4966,-23.484065]]],[[[-46.4998273,-23.4770098],[-46.5000502,-23.4772944],[-46.5002173,-23.4775284],[-46.5004428,-23.4778263],[-46.500361,-23.4779],[-46.50031,-23.477965],[-46.500289,-23.478028],[-46.500273,-23.478151],[-46.500323,-23.478242],[-46.500398,-23.47835],[-46.500315,-23.47871],[-46.500302,-23.478726],[-46.500257,-23.478844]]],[[[-46.5053256,-23.4883413],[-46.505602,-23.489026],[-46.5052,-23.489134],[-46.505097,-23.489148],[-46.504973,-23.489143],[-46.5046,-23.489236],[-46.503237,-23.489598],[-46.502448,-23.489786],[-46.502053,-23.489855],[-46.501898,-23.489926],[-46.501367,-23.490334],[-46.500869,-23.490669],[-46.500798,-23.490704],[-46.500379,-23.490859],[-46.500113,-23.49094],[-46.499455,-23.491116],[-46.498511,-23.491419],[-46.4983893,-23.49149]]],[[[-46.4962434,-23.4979097],[-46.496377,-23.497725],[-46.4965901,-23.497465],[-46.4971632,-23.4967614],[-46.4974081,-23.4964397],[-46.4975352,-23.4963025],[-46.4976292,-23.4961956],[-46.4977232,-23.4960585],[-46.4978185,-23.4958011],[-46.4980886,-23.4949816],[-46.498172,-23.4946611],[-46.498213,-23.4944499],[-46.4982726,-23.4931545],[-46.498288,-23.4927578],[-46.4983893,-23.49149]]],[[[-46.4962434,-23.4979097],[-46.4961172,-23.4980457],[-46.4958917,-23.4977757],[-46.495815,-23.497878],[-46.4955989,-23.498235],[-46.495344,-23.4986428],[-46.494924,-23.499052],[-46.494614,-23.499267],[-46.494415,-23.499384],[-46.494156,-23.499576],[-46.493871,-23.499922],[-46.493809,-23.500304],[-46.493823,-23.500439],[-46.493972,-23.501169],[-46.493988,-23.501562],[-46.493873,-23.503306],[-46.493825,-23.503523],[-46.493802,-23.50369],[-46.493797,-23.503854],[-46.49382,-23.504024],[-46.494104,-23.505325],[-46.494231,-23.505763],[-46.49442,-23.5062],[-46.494465,-23.50635],[-46.494469,-23.506416],[-46.494339,-23.506703]]],[[[-46.494339,-23.506703],[-46.494213,-23.506658],[-46.493926,-23.506448],[-46.49386,-23.506416],[-46.493801,-23.506407],[-46.493726,-23.506423],[-46.493671,-23.506449],[-46.493612,-23.506515],[-46.493597,-23.506597],[-46.493615,-23.506764],[-46.4935731,-23.5068535]]],[[[-46.4935731,-23.5068535],[-46.493535,-23.506882],[-46.493506,-23.506886],[-46.493429,-23.506876],[-46.493274,-23.506791],[-46.492984,-23.506696],[-46.492915,-23.506689],[-46.492844,-23.506704],[-46.49272,-23.506755],[-46.492454,-23.506849],[-46.491959,-23.507001],[-46.490987,-23.507198],[-46.490766,-23.507255],[-46.490721,-23.507281],[-46.490694,-23.50733],[-46.490699,-23.507583],[-46.490443,-23.507544],[-46.490212,-23.507526],[-46.485998,-23.50723],[-46.48561,-23.507212],[-46.485468,-23.507215],[-46.485341,-23.507231],[-46.484805,-23.50734],[-46.484515,-23.507368],[-46.48215,-23.507199],[-46.482053,-23.5072],[-46.481862,-23.507214],[-46.479953,-23.507462],[-46.479742,-23.507479],[-46.479568,-23.507473],[-46.479372,-23.507455],[-46.479209,-23.50742],[-46.47909,-23.507384],[-46.478031,-23.506912]]],[[[-46.478031,-23.506912],[-46.475697,-23.505861],[-46.474432,-23.505293],[-46.474207,-23.50518],[-46.473974,-23.505027],[-46.473719,-23.504835],[-46.471689,-23.503219],[-46.471587,-23.503121],[-46.471525,-23.503049],[-46.471458,-23.502942],[-46.470956,-23.501851],[-46.470877,-23.501726],[-46.470763,-23.501588],[-46.470617,-23.501431],[-46.469577,-23.500385],[-46.46937,-23.500203],[-46.469208,-23.500084],[-46.468952,-23.499919],[-46.467849,-23.499247],[-46.467639,-23.499127],[-46.467945,-23.497529],[-46.468076,-23.496342],[-46.4681,-23.496187],[-46.468159,-23.495955],[-46.46822,-23.495796],[-46.468321,-23.495627],[-46.468445,-23.495446],[-46.468594,-23.495269],[-46.468809,-23.495059],[-46.468991,-23.494906],[-46.46912,-23.494812],[-46.469336,-23.494684],[-46.469919,-23.4944184],[-46.470078,-23.494335],[-46.470184,-23.494157],[-46.470238,-23.494005],[-46.470256,-23.493877],[-46.470257,-23.49375],[-46.470222,-23.493528],[-46.470088,-23.49286],[-46.469915,-23.492168],[-46.469816,-23.491857],[-46.469681,-23.491365],[-46.469651,-23.491124],[-46.469644,-23.490945],[-46.469664,-23.490246],[-46.469688,-23.489912],[-46.469688,-23.489469],[-46.469657,-23.489319],[-46.469632,-23.489261],[-46.4693463,-23.489194],[-46.469071,-23.489121],[-46.468637,-23.489031],[-46.468025,-23.488872],[-46.467939,-23.488702],[-46.467804,-23.488529],[-46.467717,-23.48839],[-46.467998,-23.487698],[-46.46813,-23.487347],[-46.468684,-23.485961],[-46.468928,-23.485361],[-46.469051,-23.4851],[-46.469189,-23.484995],[-46.469574,-23.48465],[-46.470256,-23.484062],[-46.469865,-23.482645],[-46.469738,-23.482221],[-46.469631,-23.481891],[-46.469562,-23.481694],[-46.469495,-23.481531],[-46.469337,-23.481058]]],[[[-46.469337,-23.481058],[-46.4706314,-23.480555],[-46.471588,-23.480095],[-46.4729463,-23.4793081],[-46.473133,-23.4792],[-46.474792,-23.478359],[-46.475685,-23.478058],[-46.476955,-23.477861],[-46.478149,-23.477758],[-46.479401,-23.477564],[-46.480728,-23.477312],[-46.4812976,-23.4772014],[-46.48233,-23.477001],[-46.483757,-23.476973],[-46.48497,-23.47707],[-46.485867,-23.4770803],[-46.4867715,-23.4772799],[-46.4879037,-23.4775724]]],[[[-46.4879037,-23.4775724],[-46.4883491,-23.4776469],[-46.4889815,-23.4775327],[-46.4899912,-23.4771582],[-46.491177,-23.476833],[-46.492661,-23.476236],[-46.4935312,-23.4759532],[-46.4939855,-23.4759416],[-46.495132,-23.4761988],[-46.496433,-23.4764819],[-46.4973852,-23.4767527],[-46.4983786,-23.4769289],[-46.4998083,-23.4770029],[-46.4998273,-23.4770098]]]]},"properties":{"name":"Ermelino Matarazzo","admin_level":"9"}},{"type":"Feature","geometry":{"type":"MultiPolygon","coordinates":[[[[-46.6733446,-23.4797268],[-46.673385,-23.4798953],[-46.673387,-23.479906],[-46.673436,-23.48011],[-46.67353,-23.480344],[-46.673662,-23.480582],[-46.673806,-23.48077],[-46.673999,-23.48095],[-46.6741473,-23.4810682],[-46.674522,-23.481276],[-46.6754797,-23.4817344],[-46.6765613,-23.4822522],[-46.677714,-23.482804],[-46.678296,-23.483059],[-46.678577,-23.483226],[-46.678796,-23.483381],[-46.6789928,-23.4835685],[-46.679586,-23.484113],[-46.6806927,-23.4852852],[-46.6814962,-23.4861362],[-46.6825786,-23.4872668],[-46.683338,-23.48806],[-46.6834991,-23.4882326],[-46.683954,-23.48872],[-46.6842146,-23.4890231],[-46.684224,-23.489034],[-46.684569,-23.489466],[-46.684721,-23.489697],[-46.684843,-23.489948],[-46.685035,-23.490393],[-46.685178,-23.490832],[-46.68527,-23.491225],[-46.685314,-23.491597],[-46.685315,-23.491801],[-46.685291,-23.491996],[-46.685243,-23.492273],[-46.68505,-23.493309],[-46.684808,-23.49448],[-46.684573,-23.495513],[-46.684453,-23.496201],[-46.684445,-23.496459],[-46.68445,-23.496694],[-46.684546,-23.497255],[-46.684606,-23.497457],[-46.684686,-23.497646],[-46.684813,-23.49787],[-46.685078,-23.498286],[-46.6851128,-23.498337],[-46.6855409,-23.4989645],[-46.685679,-23.499167],[-46.685939,-23.499567],[-46.68612,-23.499878],[-46.6861285,-23.4998926],[-46.6861358,-23.4999051],[-46.6867091,-23.5008843],[-46.6868447,-23.5011159],[-46.6869542,-23.5013095],[-46.6872709,-23.5019359],[-46.6874166,-23.5022508],[-46.6876685,-23.5027862],[-46.6877981,-23.503056],[-46.6879135,-23.5033215],[-46.6880792,-23.5036955],[-46.688605,-23.504882],[-46.688739,-23.505261],[-46.688825,-23.505556],[-46.689299,-23.507564],[-46.6893316,-23.5078322],[-46.689613,-23.509038]]],[[[-46.6701718,-23.4740262],[-46.670069,-23.474416],[-46.670114,-23.474637],[-46.670154,-23.474745],[-46.670204,-23.474845],[-46.6702674,-23.474955],[-46.670335,-23.475043],[-46.670424,-23.475145],[-46.670565,-23.475266],[-46.670659,-23.475332],[-46.670777,-23.475402],[-46.6712348,-23.4756319],[-46.671282,-23.475657],[-46.671847,-23.475957],[-46.671994,-23.476058],[-46.672184,-23.476231],[-46.672268,-23.476335],[-46.672405,-23.476541],[-46.672456,-23.476652],[-46.672652,-23.477241],[-46.6732099,-23.479036],[-46.6732773,-23.4792889],[-46.6733446,-23.4797268]]],[[[-46.6701718,-23.4740262],[-46.67031,-23.474214],[-46.670753,-23.474387],[-46.670848,-23.474414],[-46.671131,-23.474448],[-46.67142,-23.474437],[-46.671724,-23.474406],[-46.672225,-23.474221],[-46.672335,-23.474198],[-46.672392,-23.474199],[-46.672588,-23.474244],[-46.672776,-23.474312],[-46.672955,-23.474437],[-46.673376,-23.474772],[-46.673536,-23.474913],[-46.673795,-23.475185],[-46.674295,-23.475738],[-46.674524,-23.476003],[-46.674619,-23.4761],[-46.674839,-23.476373],[-46.674996,-23.476488],[-46.675031,-23.476526],[-46.675252,-23.476683],[-46.675434,-23.476784],[-46.67595,-23.477121],[-46.6759692,-23.4771292],[-46.67618,-23.477219],[-46.676338,-23.47727],[-46.676616,-23.477304],[-46.676887,-23.477318],[-46.677052,-23.477334],[-46.677274,-23.477331],[-46.677808,-23.477304],[-46.67808,-23.477271],[-46.678554,-23.477148],[-46.679176,-23.477013],[-46.679455,-23.476985],[-46.679695,-23.476984],[-46.680192,-23.477025],[-46.6801927,-23.4770251],[-46.680662,-23.47708],[-46.68092,-23.477163],[-46.681212,-23.477273],[-46.681406,-23.477371],[-46.681589,-23.477494],[-46.681683,-23.477567],[-46.682003,-23.477855],[-46.682579,-23.478396],[-46.682635,-23.478585],[-46.68265,-23.47871],[-46.682653,-23.478842],[-46.682629,-23.47896],[-46.682436,-23.479281],[-46.682122,-23.479998],[-46.682052,-23.480182],[-46.682006,-23.480362],[-46.682008,-23.480516],[-46.682054,-23.480683],[-46.682105,-23.480775],[-46.682293,-23.481067],[-46.682353,-23.481144],[-46.682417,-23.481209],[-46.682665,-23.481402],[-46.682634,-23.48127],[-46.682638,-23.481185],[-46.68266,-23.481047],[-46.682743,-23.480912]]],[[[-46.682743,-23.480912],[-46.683563,-23.481211],[-46.684645,-23.481282],[-46.686083,-23.480906],[-46.686461,-23.480799],[-46.686386,-23.480548],[-46.686199,-23.479994],[-46.686088,-23.479693],[-46.685956,-23.479479],[-46.6860291,-23.4794528],[-46.6863041,-23.4793545],[-46.6865533,-23.4792591],[-46.6864709,-23.4789195],[-46.686632,-23.478776],[-46.686733,-23.47871],[-46.686824,-23.478674],[-46.687899,-23.478548],[-46.688559,-23.478482],[-46.688429,-23.47795],[-46.690946,-23.477685],[-46.690929,-23.477864],[-46.692194,-23.477942],[-46.693107,-23.477988],[-46.693468,-23.478017],[-46.693477,-23.477873],[-46.693504,-23.477822],[-46.693525,-23.477799],[-46.693978,-23.477635],[-46.69403,-23.477624],[-46.694068,-23.477624],[-46.694345,-23.477707],[-46.694406,-23.477737],[-46.695025,-23.477926],[-46.695292,-23.477966]]],[[[-46.696825,-23.470071],[-46.696794,-23.470117],[-46.696778,-23.470189],[-46.696768,-23.470346],[-46.696646,-23.471289],[-46.696713,-23.471316],[-46.696685,-23.471586],[-46.69659,-23.472944],[-46.696481,-23.472928],[-46.696253,-23.47291],[-46.696239,-23.473037],[-46.696117,-23.473457],[-46.695964,-23.473931],[-46.695959,-23.474045],[-46.695989,-23.474177],[-46.696144,-23.474582],[-46.696184,-23.47472],[-46.696214,-23.474871],[-46.696229,-23.47499],[-46.696238,-23.475227],[-46.696234,-23.475404],[-46.6962132,-23.4755095],[-46.696156,-23.475575],[-46.696035,-23.475647],[-46.69597,-23.475744],[-46.695731,-23.47627],[-46.695614,-23.476572],[-46.695484,-23.476942],[-46.695375,-23.477294],[-46.695317,-23.477586],[-46.695292,-23.477805],[-46.695292,-23.477966]]],[[[-46.693467,-23.508283],[-46.689613,-23.509038]]],[[[-46.7056412,-23.5087318],[-46.703868,-23.508544],[-46.701047,-23.508284],[-46.698514,-23.508101],[-46.696586,-23.507953],[-46.696337,-23.507947],[-46.695985,-23.507957],[-46.695156,-23.508007],[-46.69468,-23.508055],[-46.694251,-23.508117],[-46.693467,-23.508283]]],[[[-46.7056673,-23.5084424],[-46.7056412,-23.5087318]]],[[[-46.707157,-23.478218],[-46.707298,-23.478394],[-46.70738,-23.478517],[-46.707451,-23.47866],[-46.707531,-23.478862],[-46.708186,-23.481078],[-46.708229,-23.48127],[-46.708252,-23.481418],[-46.708259,-23.481618],[-46.708207,-23.482015],[-46.708157,-23.482328],[-46.70815,-23.48253],[-46.708171,-23.48267],[-46.708208,-23.482806],[-46.70826,-23.48295],[-46.708371,-23.483134],[-46.709482,-23.484798],[-46.709851,-23.485245],[-46.710402,-23.485823],[-46.710534,-23.485979],[-46.710616,-23.486124],[-46.710658,-23.486239],[-46.710696,-23.486404],[-46.710717,-23.486559],[-46.71071,-23.486794],[-46.710678,-23.487041],[-46.710553,-23.487788],[-46.7103152,-23.4892331],[-46.71015,-23.489915],[-46.709808,-23.492306],[-46.709738,-23.492717],[-46.709673,-23.493046],[-46.709602,-23.493239],[-46.709533,-23.493392],[-46.70942,-23.493594],[-46.709084,-23.494112],[-46.7088786,-23.4943919],[-46.707613,-23.496225],[-46.707347,-23.496668],[-46.7072355,-23.4969039],[-46.707034,-23.49733],[-46.7069221,-23.4977011],[-46.706909,-23.497754],[-46.7069042,-23.4977781],[-46.7068797,-23.4979006],[-46.706819,-23.4982049],[-46.706807,-23.498265],[-46.7067931,-23.4983926],[-46.7067852,-23.4984469],[-46.7067723,-23.4985689],[-46.706723,-23.499037],[-46.7066183,-23.4998401],[-46.7065271,-23.50054],[-46.706473,-23.500955],[-46.7064439,-23.5012662],[-46.706382,-23.501593],[-46.706325,-23.502099],[-46.7061366,-23.5052493],[-46.706104,-23.50531],[-46.706081,-23.50552],[-46.706034,-23.505775],[-46.7058835,-23.5063987],[-46.7058726,-23.5065564],[-46.7058358,-23.5067876],[-46.705783,-23.50716],[-46.7056673,-23.5084424]]],[[[-46.710417,-23.473977],[-46.710592,-23.474331],[-46.7106152,-23.4744116],[-46.710639,-23.474494],[-46.710633,-23.474614],[-46.710601,-23.47488],[-46.710522,-23.475336],[-46.710447,-23.475745],[-46.710388,-23.475904],[-46.710339,-23.475973],[-46.710079,-23.476178],[-46.709826,-23.476338],[-46.709328,-23.476731],[-46.709206,-23.476794],[-46.708928,-23.476966],[-46.708401,-23.477368],[-46.707858,-23.477896],[-46.707422,-23.478091],[-46.707157,-23.478218]]],[[[-46.7106582,-23.4699202],[-46.7107406,-23.470124],[-46.7108552,-23.4705932],[-46.7109357,-23.4709007],[-46.7110395,-23.4714845],[-46.71105,-23.4716227],[-46.7110131,-23.4718025],[-46.7108085,-23.4720612],[-46.710635,-23.4722453],[-46.7105222,-23.4723187],[-46.7104055,-23.4723771],[-46.7103674,-23.4724632],[-46.7103052,-23.4725613],[-46.71016,-23.472925],[-46.710094,-23.473246],[-46.710108,-23.473414],[-46.710172,-23.473627],[-46.710285,-23.473765],[-46.710417,-23.473977]]],[[[-46.7142988,-23.4622612],[-46.714106,-23.462791],[-46.714006,-23.463099],[-46.71378,-23.4638541],[-46.7137058,-23.4639933],[-46.7136298,-23.4641173],[-46.7135521,-23.4641846],[-46.713396,-23.4642982],[-46.7133059,-23.4643524],[-46.7131702,-23.4644839],[-46.7131466,-23.4645602],[-46.71305,-23.464672],[-46.712976,-23.464774],[-46.712939,-23.464883],[-46.712855,-23.465084],[-46.712739,-23.465304],[-46.71257,-23.465591],[-46.712408,-23.466003],[-46.712206,-23.466478],[-46.712029,-23.46685],[-46.711862,-23.467462],[-46.711818,-23.467709],[-46.711789,-23.468214],[-46.711822,-23.468776],[-46.711819,-23.468879],[-46.711805,-23.46892],[-46.711773,-23.468969],[-46.711738,-23.468999],[-46.711726,-23.469026],[-46.711737,-23.46908],[-46.711735,-23.469117],[-46.711723,-23.469154],[-46.711695,-23.469198],[-46.711666,-23.469292],[-46.71169,-23.469349],[-46.711691,-23.469392],[-46.711659,-23.469447],[-46.711593,-23.469524],[-46.711294,-23.469772],[-46.711148,-23.469828],[-46.710972,-23.469869],[-46.7106582,-23.4699202]]],[[[-46.7142988,-23.4622612],[-46.713649,-23.461941],[-46.713494,-23.461911],[-46.713413,-23.461918],[-46.713098,-23.461845],[-46.712769,-23.461704],[-46.712686,-23.461657],[-46.712248,-23.461364],[-46.71206,-23.461253],[-46.711851,-23.461135],[-46.711709,-23.461075],[-46.711633,-23.461052],[-46.711494,-23.461041],[-46.711375,-23.461068],[-46.71119,-23.461137],[-46.711061,-23.461238],[-46.710933,-23.461452],[-46.710873,-23.461535],[-46.710807,-23.461589],[-46.710752,-23.461608],[-46.710697,-23.461612],[-46.710141,-23.461548],[-46.709971,-23.46154],[-46.709793,-23.461542],[-46.708989,-23.461607],[-46.708732,-23.461621],[-46.708136,-23.461683],[-46.708019,-23.461687],[-46.707924,-23.461677],[-46.707451,-23.461564],[-46.707284,-23.461534],[-46.70535,-23.461317],[-46.705122,-23.461301],[-46.704963,-23.461307],[-46.704821,-23.461328],[-46.704681,-23.46137],[-46.704432,-23.461492],[-46.70435,-23.461545],[-46.70426,-23.46162],[-46.704135,-23.461767],[-46.703903,-23.46157],[-46.703849,-23.461535],[-46.703817,-23.461535],[-46.703705,-23.461572],[-46.70336,-23.461764],[-46.703191,-23.461866],[-46.702657,-23.462159],[-46.702503,-23.462224],[-46.702224,-23.462357],[-46.702185,-23.462392],[-46.701776,-23.462632],[-46.701675,-23.462671],[-46.701299,-23.462886],[-46.701193,-23.463581],[-46.700554,-23.464412],[-46.699335,-23.465785],[-46.699139,-23.466028],[-46.698938,-23.466243],[-46.698735,-23.466479],[-46.698464,-23.466852],[-46.698231,-23.467139],[-46.698054,-23.467328],[-46.697968,-23.467463],[-46.697846,-23.467686],[-46.697792,-23.467763],[-46.697725,-23.467832],[-46.697582,-23.467959],[-46.697425,-23.468174],[-46.697326,-23.468345],[-46.697322,-23.468396],[-46.697413,-23.4687],[-46.697508,-23.468908],[-46.697673,-23.469218],[-46.697523,-23.469357],[-46.69695,-23.469937],[-46.696825,-23.470071]]]]},"properties":{"name":"Freguesia do Ó","admin_level":"9"}},{"type":"Feature","geometry":{"type":"MultiPolygon","coordinates":[[[[-46.3835059,-23.57053],[-46.3834798,-23.5702398],[-46.3834867,-23.5701248],[-46.3838262,-23.5692956],[-46.3837908,-23.5690897],[-46.3836784,-23.5689308],[-46.3835423,-23.5688272],[-46.3833442,-23.5687431],[-46.3832303,-23.5687367],[-46.3830702,-23.5686938],[-46.3829017,-23.5686082],[-46.3827412,-23.5684656],[-46.3824441,-23.5683821],[-46.3823048,-23.5683275],[-46.3822076,-23.5682473],[-46.3821702,-23.5681428],[-46.382198,-23.5679266],[-46.3824887,-23.5674288],[-46.3825608,-23.5672687],[-46.3825967,-23.5671587],[-46.3825461,-23.5669167],[-46.382359,-23.5664365],[-46.3820274,-23.5658219],[-46.3819412,-23.5656983],[-46.3818451,-23.5656015],[-46.381683,-23.5654973],[-46.3813231,-23.5653331],[-46.3808165,-23.5651779],[-46.3806856,-23.5651429],[-46.3804987,-23.5651168],[-46.3803958,-23.5650907],[-46.3802638,-23.5650632],[-46.3801691,-23.5650186],[-46.3801182,-23.5649146],[-46.3801191,-23.5647234],[-46.3800609,-23.5643751],[-46.3799093,-23.5638385],[-46.3795209,-23.5626295],[-46.3797126,-23.562591],[-46.3799577,-23.5626015],[-46.380288,-23.5626693],[-46.3806083,-23.5627792],[-46.3810893,-23.5629288],[-46.3815049,-23.562978],[-46.3821156,-23.5629519],[-46.3822024,-23.5631235],[-46.3826622,-23.5633885],[-46.382972,-23.5632019],[-46.3832861,-23.5631792],[-46.3835077,-23.5632945],[-46.3837862,-23.5632039],[-46.3840348,-23.5630255],[-46.3843133,-23.5629541],[-46.3847146,-23.5626137],[-46.3855583,-23.5622143],[-46.3863018,-23.5620976],[-46.3867231,-23.5620479],[-46.3882818,-23.5613879],[-46.3885308,-23.5614897],[-46.388984,-23.561315],[-46.3891382,-23.5611269],[-46.3891383,-23.5610283],[-46.3901266,-23.5602707],[-46.3906795,-23.5600968],[-46.3909187,-23.5598352],[-46.3911098,-23.5590921],[-46.3914174,-23.5587553],[-46.391637,-23.5582281],[-46.3920516,-23.5580124],[-46.3922159,-23.5577524],[-46.3923996,-23.5575883],[-46.3925259,-23.5573387],[-46.3923642,-23.5571603],[-46.3922528,-23.5568505],[-46.3923791,-23.5566003],[-46.3927445,-23.556205],[-46.3927715,-23.5559799],[-46.3925928,-23.5555045],[-46.3926015,-23.5551866],[-46.3925706,-23.5547908],[-46.3925747,-23.5546352],[-46.3925659,-23.5545969],[-46.3924893,-23.5544596],[-46.3924301,-23.5543574],[-46.3924162,-23.5543047],[-46.3924127,-23.5542536],[-46.3924249,-23.5542217],[-46.3925938,-23.554086],[-46.3927088,-23.5539295],[-46.3927349,-23.5538609],[-46.3928852,-23.5537144],[-46.3929402,-23.5536382],[-46.3929643,-23.5535607],[-46.3929804,-23.553455],[-46.3929938,-23.553396],[-46.3930287,-23.5533382],[-46.3931159,-23.5532951],[-46.3931588,-23.5532669],[-46.3932004,-23.5532128],[-46.3932406,-23.5531378],[-46.3932674,-23.5530775],[-46.3932621,-23.553032],[-46.3932205,-23.5529411],[-46.393117,-23.5526313]]],[[[-46.3835059,-23.57053],[-46.3840631,-23.5706621],[-46.384584,-23.5706389],[-46.385152,-23.57124],[-46.385616,-23.571534],[-46.385791,-23.571621],[-46.38595,-23.571642],[-46.386341,-23.571625],[-46.386692,-23.571664],[-46.386894,-23.571664],[-46.387028,-23.571675],[-46.38725,-23.571752],[-46.38737,-23.571841],[-46.387476,-23.571868],[-46.387539,-23.571865],[-46.387796,-23.571784],[-46.387859,-23.571716],[-46.387909,-23.571695],[-46.387929,-23.571697],[-46.387965,-23.571734],[-46.388054,-23.571793],[-46.388132,-23.571809],[-46.388228,-23.571789],[-46.388341,-23.571751],[-46.388469,-23.571729],[-46.388713,-23.571657],[-46.389115,-23.571468],[-46.389413,-23.57134],[-46.389652,-23.571247],[-46.3898039,-23.5711961],[-46.389825,-23.571189],[-46.390461,-23.570909],[-46.390541,-23.570909],[-46.39062,-23.570929],[-46.390693,-23.570965],[-46.390756,-23.570981],[-46.390925,-23.570956],[-46.390986,-23.57096],[-46.391107,-23.570985],[-46.391333,-23.571092],[-46.391618,-23.571173],[-46.391825,-23.571202],[-46.392425,-23.57134],[-46.392592,-23.571413],[-46.392771,-23.571461],[-46.392872,-23.571462],[-46.392955,-23.57145],[-46.393056,-23.571412],[-46.393373,-23.571378],[-46.393592,-23.571346],[-46.393658,-23.571325],[-46.393715,-23.571282],[-46.39376,-23.571191],[-46.393827,-23.571093],[-46.393863,-23.570963],[-46.39395,-23.570801],[-46.394027,-23.570724],[-46.394147,-23.570653],[-46.394556,-23.570378],[-46.394643,-23.570328],[-46.394689,-23.57033],[-46.394739,-23.570343],[-46.394778,-23.570376],[-46.394848,-23.570398],[-46.395101,-23.570438],[-46.395162,-23.57044],[-46.395287,-23.570404],[-46.395481,-23.570311],[-46.395594,-23.570315],[-46.39576,-23.570383],[-46.395894,-23.570452],[-46.39598,-23.570472],[-46.396099,-23.570469],[-46.396247,-23.570428],[-46.396368,-23.57038],[-46.396428,-23.570335],[-46.396455,-23.570268],[-46.396524,-23.570149],[-46.396622,-23.570064],[-46.396704,-23.570012],[-46.397462,-23.569685],[-46.398202,-23.56928],[-46.398678,-23.56899],[-46.399204,-23.568611],[-46.400885,-23.567548],[-46.401173,-23.567333],[-46.401556,-23.567074],[-46.401868,-23.566844],[-46.402128,-23.566576],[-46.402295,-23.566389],[-46.402387,-23.566269],[-46.40322,-23.565441],[-46.40356,-23.565087],[-46.404072,-23.564611],[-46.404446,-23.564214],[-46.404621,-23.564073],[-46.404791,-23.563963],[-46.405741,-23.563457],[-46.40602,-23.563361],[-46.407262,-23.562982],[-46.407458,-23.562932],[-46.408757,-23.562502],[-46.408913,-23.562435],[-46.409252,-23.562323],[-46.409499,-23.56226],[-46.409632,-23.56224],[-46.410512,-23.562221],[-46.410761,-23.562188],[-46.410943,-23.562145],[-46.411041,-23.562142],[-46.41118,-23.562166],[-46.411296,-23.562216],[-46.411375,-23.562266],[-46.411437,-23.56235],[-46.411481,-23.562526],[-46.411507,-23.5626],[-46.41155,-23.56263],[-46.411583,-23.562643],[-46.411866,-23.562646],[-46.412285,-23.562679],[-46.412436,-23.56271],[-46.412507,-23.562733],[-46.41252,-23.562751],[-46.412523,-23.562777],[-46.412508,-23.56284],[-46.412509,-23.562886],[-46.412532,-23.562918],[-46.412664,-23.562954],[-46.412732,-23.562982],[-46.412945,-23.563129],[-46.413148,-23.563224],[-46.413353,-23.563262],[-46.413464,-23.563245],[-46.413612,-23.563195],[-46.413705,-23.563187],[-46.413872,-23.563192],[-46.414005,-23.563207],[-46.414076,-23.563237],[-46.414147,-23.563294],[-46.414326,-23.563479],[-46.414461,-23.563587],[-46.414491,-23.563593],[-46.414647,-23.563549],[-46.41483,-23.563473],[-46.415124,-23.563319],[-46.41575,-23.562886],[-46.415865,-23.562799],[-46.415973,-23.562777],[-46.416359,-23.562783],[-46.416694,-23.562803],[-46.417701,-23.562882],[-46.417868,-23.562892],[-46.417923,-23.56288],[-46.417966,-23.562859],[-46.418008,-23.562816],[-46.418053,-23.56273],[-46.418194,-23.562515],[-46.418266,-23.562375],[-46.418376,-23.562422],[-46.418419,-23.562456],[-46.41844,-23.562489],[-46.418456,-23.562549],[-46.41854,-23.56269],[-46.418544,-23.562781],[-46.41859,-23.563054],[-46.418658,-23.563337],[-46.418674,-23.563361],[-46.418798,-23.563434],[-46.418836,-23.563468],[-46.418862,-23.563554],[-46.418853,-23.56361],[-46.418811,-23.563675],[-46.418761,-23.563706],[-46.418751,-23.563734],[-46.418772,-23.563806],[-46.418856,-23.563894],[-46.419062,-23.564045],[-46.41927,-23.56419],[-46.419496,-23.564329],[-46.419547,-23.564341],[-46.419663,-23.564328],[-46.419698,-23.564339],[-46.419734,-23.564399],[-46.419729,-23.564455],[-46.41974,-23.564495],[-46.419786,-23.564527]]],[[[-46.419786,-23.564527],[-46.420056,-23.564575],[-46.420308,-23.56458],[-46.4205,-23.564569],[-46.420565,-23.564536],[-46.420969,-23.56439],[-46.421119,-23.564266],[-46.421222,-23.564221],[-46.421393,-23.564166],[-46.421736,-23.564118],[-46.421983,-23.564142],[-46.422256,-23.564209],[-46.42236,-23.564222],[-46.422584,-23.564187],[-46.42276,-23.564139],[-46.422853,-23.564148],[-46.42299,-23.5642],[-46.423061,-23.564211],[-46.423134,-23.564194],[-46.423261,-23.564111],[-46.423374,-23.564071],[-46.423752,-23.564027],[-46.424227,-23.5636798],[-46.4249036,-23.5630645],[-46.427026,-23.561032],[-46.427007,-23.560997],[-46.426985,-23.560881],[-46.426986,-23.560741],[-46.426975,-23.560646],[-46.426917,-23.560368],[-46.426897,-23.559982],[-46.426878,-23.559857],[-46.426842,-23.559771],[-46.426804,-23.559713],[-46.426758,-23.559683],[-46.426629,-23.559624],[-46.426575,-23.559567],[-46.426484,-23.55934],[-46.426417,-23.559124],[-46.426374,-23.558936],[-46.426348,-23.558878],[-46.426256,-23.558726],[-46.42623,-23.558403],[-46.426219,-23.55837],[-46.425931,-23.558085],[-46.425882,-23.558004],[-46.425882,-23.55796],[-46.425963,-23.557493],[-46.426048,-23.557248],[-46.426099,-23.557072],[-46.426125,-23.556865],[-46.426116,-23.556697],[-46.42602,-23.556445],[-46.425817,-23.556149],[-46.425786,-23.556077],[-46.425785,-23.55601],[-46.42582,-23.555928],[-46.425961,-23.555741],[-46.426048,-23.555589],[-46.426037,-23.555452],[-46.425928,-23.555207],[-46.425922,-23.555079],[-46.425946,-23.555002],[-46.426007,-23.554857],[-46.426009,-23.554806],[-46.425976,-23.554751],[-46.425844,-23.554654],[-46.425701,-23.55453],[-46.42566,-23.554484],[-46.42562,-23.554461],[-46.425549,-23.554457],[-46.425458,-23.554437],[-46.425341,-23.554368],[-46.425178,-23.55414],[-46.425094,-23.554089],[-46.424992,-23.554007],[-46.42491,-23.553905],[-46.424872,-23.553826],[-46.424823,-23.553748],[-46.424772,-23.553699],[-46.424638,-23.553635],[-46.424448,-23.553577],[-46.42472,-23.55305],[-46.424816,-23.552831],[-46.424872,-23.55268],[-46.42628,-23.548181],[-46.426393,-23.547411],[-46.426394,-23.547299],[-46.426363,-23.547004],[-46.4262648,-23.5466047],[-46.42614,-23.546098],[-46.426088,-23.545952],[-46.426042,-23.545877],[-46.425726,-23.545506],[-46.42566,-23.54541],[-46.425427,-23.544957],[-46.425378,-23.544842],[-46.425345,-23.544696],[-46.425366,-23.544507],[-46.425433,-23.544121],[-46.425436,-23.54404],[-46.425418,-23.543878],[-46.425334,-23.543491],[-46.424808,-23.542663],[-46.4249476,-23.5425316],[-46.4231371,-23.5397357],[-46.4230834,-23.5394948]]],[[[-46.393117,-23.5526313],[-46.3932404,-23.5525401],[-46.393542,-23.552322],[-46.394826,-23.551562],[-46.395101,-23.551385],[-46.395368,-23.551198],[-46.395566,-23.551044],[-46.395751,-23.550877],[-46.39599,-23.550636],[-46.397589,-23.548764],[-46.397806,-23.548536],[-46.397979,-23.54837],[-46.398162,-23.548215],[-46.398355,-23.548069],[-46.398482,-23.547984],[-46.400764,-23.546543],[-46.400985,-23.546409],[-46.401175,-23.546321],[-46.401366,-23.546245],[-46.40158,-23.546173],[-46.401892,-23.54608],[-46.405328,-23.545137],[-46.407742,-23.544488],[-46.408051,-23.54439],[-46.408727,-23.544147],[-46.411414,-23.543392],[-46.412456,-23.543181],[-46.41285,-23.543056],[-46.413699,-23.542711],[-46.414114,-23.542589],[-46.415993,-23.542209],[-46.416305,-23.542141],[-46.416894,-23.541985],[-46.417956,-23.541806],[-46.418398,-23.541713],[-46.418705,-23.541631],[-46.419014,-23.541526],[-46.419273,-23.541419],[-46.421365,-23.540482],[-46.421867,-23.540205],[-46.422588,-23.539773],[-46.422854,-23.539634],[-46.4230834,-23.5394948]]]]},"properties":{"name":"Guaianases","admin_level":"9"}},{"type":"Feature","geometry":{"type":"MultiPolygon","coordinates":[[[[-46.454509,-23.610245],[-46.454375,-23.610299],[-46.454014,-23.610418],[-46.453643,-23.610576],[-46.45322,-23.610747],[-46.45203,-23.611202],[-46.451958,-23.611246],[-46.451831,-23.611337],[-46.451206,-23.611822],[-46.451109,-23.611891],[-46.451038,-23.611924],[-46.450822,-23.612004],[-46.450633,-23.61213],[-46.450536,-23.612178],[-46.450458,-23.612226],[-46.450208,-23.612349],[-46.4501586,-23.6123813],[-46.450003,-23.612531],[-46.449803,-23.612748],[-46.449707,-23.612894],[-46.449665,-23.612999],[-46.449605,-23.613209],[-46.449547,-23.613325],[-46.4493979,-23.6136122],[-46.4493323,-23.6136999],[-46.4493031,-23.6137598],[-46.449199,-23.613895],[-46.449168,-23.61394],[-46.449028,-23.614045],[-46.448577,-23.61439],[-46.448498,-23.614467],[-46.448399,-23.614578],[-46.448305,-23.614734],[-46.448118,-23.615021],[-46.447976,-23.615161],[-46.447945,-23.615214],[-46.447918,-23.615243],[-46.447735,-23.615322],[-46.447573,-23.615405],[-46.44749,-23.615482],[-46.447299,-23.615723],[-46.447235,-23.615818],[-46.447186,-23.615865],[-46.447073,-23.615919],[-46.446851,-23.615966],[-46.446759,-23.616001],[-46.44658,-23.616089],[-46.446451,-23.616159],[-46.446319,-23.616276],[-46.446021,-23.616595],[-46.445957,-23.616648],[-46.445914,-23.616661],[-46.445847,-23.616649],[-46.445715,-23.616598],[-46.445369,-23.616503],[-46.445189,-23.616458],[-46.445057,-23.61645],[-46.445006,-23.61644],[-46.444907,-23.616376],[-46.444841,-23.616367],[-46.444747,-23.616397],[-46.444639,-23.616411],[-46.44449,-23.6164],[-46.444454,-23.616408],[-46.444401,-23.616444],[-46.444202,-23.616538],[-46.444143,-23.616555],[-46.444109,-23.616579],[-46.444077,-23.616656],[-46.443743,-23.616578],[-46.443664,-23.616567],[-46.44361,-23.616571],[-46.44354,-23.616593],[-46.442795,-23.6168],[-46.441646,-23.617126],[-46.441481,-23.617187],[-46.441392,-23.617241],[-46.44057,-23.617882],[-46.439722,-23.618541],[-46.439637,-23.618634],[-46.439515,-23.618725],[-46.439187,-23.618916],[-46.437508,-23.619865],[-46.436897,-23.620211],[-46.436773,-23.620259],[-46.436574,-23.620299],[-46.436442,-23.620338],[-46.436244,-23.620437],[-46.436008,-23.620574],[-46.43584,-23.620681],[-46.435707,-23.620793],[-46.435382,-23.620962],[-46.43527,-23.621039],[-46.435195,-23.621152],[-46.435131,-23.62129],[-46.435089,-23.621406],[-46.435006,-23.621571],[-46.434969,-23.621661],[-46.434801,-23.621834],[-46.434751,-23.621901],[-46.434654,-23.622089],[-46.434591,-23.622169],[-46.434364,-23.622345],[-46.434216,-23.622424],[-46.434148,-23.622451],[-46.434064,-23.622455],[-46.43392,-23.622442],[-46.433812,-23.622439],[-46.433735,-23.62245],[-46.433522,-23.622498],[-46.433316,-23.622538],[-46.432707,-23.622674],[-46.432436,-23.622743],[-46.432347,-23.62278],[-46.432283,-23.622827],[-46.432153,-23.622963],[-46.431925,-23.623155],[-46.431726,-23.623352],[-46.431494,-23.623602],[-46.431143,-23.624028],[-46.430939,-23.62427],[-46.430854,-23.624386],[-46.43082,-23.624464],[-46.430816,-23.624549],[-46.430832,-23.624681],[-46.430816,-23.624847],[-46.430762,-23.62506],[-46.430599,-23.625376],[-46.430483,-23.625631],[-46.430362,-23.625906],[-46.430231,-23.626118],[-46.430052,-23.626335],[-46.429791,-23.626594],[-46.429295,-23.627081],[-46.429178,-23.627237],[-46.429135,-23.627348],[-46.429103,-23.627564],[-46.429083,-23.627897],[-46.429074,-23.628208],[-46.429119,-23.628432],[-46.429217,-23.628631],[-46.429432,-23.62897],[-46.429666,-23.629352],[-46.429839,-23.629737],[-46.429914,-23.630034],[-46.429909,-23.630177],[-46.429814,-23.630376],[-46.429515,-23.63067],[-46.429352,-23.630811],[-46.429281,-23.630901],[-46.429253,-23.631019],[-46.429232,-23.631204],[-46.429247,-23.631269],[-46.429306,-23.631376],[-46.429433,-23.631548],[-46.42945,-23.631599],[-46.429449,-23.631669],[-46.429421,-23.631957],[-46.429411,-23.632141],[-46.429443,-23.632448],[-46.429478,-23.633044],[-46.4295,-23.633232],[-46.429536,-23.633429],[-46.429665,-23.634025],[-46.429706,-23.634185],[-46.429743,-23.634263],[-46.429815,-23.634345],[-46.42987,-23.634429],[-46.429929,-23.634575],[-46.429964,-23.634759],[-46.429989,-23.634922],[-46.430041,-23.635104],[-46.430062,-23.635223],[-46.430063,-23.635277],[-46.429991,-23.635589],[-46.429962,-23.63578],[-46.429965,-23.635884],[-46.4299702,-23.6360616],[-46.4299913,-23.6362861]]],[[[-46.4299913,-23.6362861],[-46.4291883,-23.6367229],[-46.4279814,-23.6371274],[-46.4274421,-23.6374969],[-46.4268238,-23.6379938],[-46.4256962,-23.6393295],[-46.4246727,-23.6399792],[-46.4243476,-23.6406652],[-46.4245761,-23.6426024],[-46.4245668,-23.6430868],[-46.4244817,-23.6435754],[-46.4241416,-23.6442103],[-46.4236089,-23.6446358],[-46.4234013,-23.6449902],[-46.4233464,-23.6450543],[-46.423274,-23.645136],[-46.4231452,-23.6450586],[-46.4230349,-23.6449779],[-46.4227415,-23.6446221],[-46.4225781,-23.6445005],[-46.4219489,-23.6441182],[-46.4214792,-23.6438068],[-46.4212545,-23.643629],[-46.421198,-23.6435487],[-46.4211858,-23.6434477],[-46.4212137,-23.6432231],[-46.4213006,-23.6427882],[-46.4213205,-23.6424422],[-46.4211601,-23.6419552],[-46.4210095,-23.6416305],[-46.4207152,-23.6412514],[-46.420573,-23.6411089],[-46.4204337,-23.6410324],[-46.4201438,-23.6409836],[-46.4196311,-23.6410987],[-46.4185908,-23.6413914],[-46.4182609,-23.641416],[-46.4179698,-23.6413178],[-46.4168608,-23.6408017],[-46.4166248,-23.6407108],[-46.4159839,-23.6405213],[-46.4149631,-23.6396323],[-46.4146024,-23.6393152],[-46.4145273,-23.6391997],[-46.4144137,-23.6389403],[-46.4139792,-23.6375545],[-46.4138272,-23.6370447],[-46.4137602,-23.6367818],[-46.413728,-23.6363395],[-46.4137191,-23.6359382],[-46.413618,-23.6358211],[-46.4134519,-23.6357288],[-46.4132533,-23.6356736],[-46.4126015,-23.6355999],[-46.4120919,-23.6355704],[-46.4117646,-23.6354525],[-46.4114803,-23.6352018],[-46.4112014,-23.6349365],[-46.4110136,-23.634617],[-46.4108259,-23.6343369],[-46.4106297,-23.6341567],[-46.4100963,-23.6339143],[-46.4098334,-23.6338012],[-46.4093345,-23.6337128],[-46.409061,-23.6336341],[-46.4088517,-23.6335604],[-46.4086694,-23.6334228],[-46.4084762,-23.6331083],[-46.4083445,-23.6329319],[-46.4082335,-23.6328404],[-46.4080578,-23.6327643],[-46.4076823,-23.63272],[-46.407398,-23.6326463],[-46.4072156,-23.632494],[-46.4069849,-23.6322777],[-46.4068562,-23.6320762],[-46.4067972,-23.6317568],[-46.4067918,-23.6312506],[-46.406765,-23.6308083],[-46.4066094,-23.630361],[-46.4064485,-23.6300121],[-46.4064378,-23.6298253],[-46.4064753,-23.6296337],[-46.4065987,-23.6294223],[-46.4068025,-23.6292356],[-46.4070922,-23.6290734],[-46.4072585,-23.6288522],[-46.407308,-23.6286572],[-46.4072263,-23.6280954],[-46.4072183,-23.6279823],[-46.4072662,-23.6276782],[-46.4079743,-23.6267189],[-46.4079657,-23.6264918],[-46.4075784,-23.6257649],[-46.407,-23.624],[-46.406144,-23.6231783],[-46.4053833,-23.6230229],[-46.4045669,-23.6232089],[-46.4036345,-23.6237026],[-46.4032407,-23.6236678],[-46.4025155,-23.6228578],[-46.4014361,-23.6223988],[-46.4009566,-23.6218955],[-46.4006014,-23.6210009],[-46.4002721,-23.6203944],[-46.3994298,-23.6199658],[-46.3986606,-23.6193004],[-46.3979514,-23.6189258],[-46.3978623,-23.6184798]]],[[[-46.3978623,-23.6184798],[-46.3977371,-23.6178525],[-46.3980325,-23.616794],[-46.398033,-23.616385],[-46.3978979,-23.6161324]]],[[[-46.3978979,-23.6161324],[-46.3979694,-23.6159329],[-46.3979657,-23.6157463],[-46.3979276,-23.6156159],[-46.3978211,-23.6154882],[-46.3975924,-23.6152786]]],[[[-46.3975924,-23.6152786],[-46.3975139,-23.6151548],[-46.3973626,-23.6148244],[-46.3971865,-23.6144764],[-46.3971573,-23.614303],[-46.397124,-23.614059],[-46.397132,-23.613944],[-46.397196,-23.613773],[-46.397331,-23.613577],[-46.397417,-23.613413],[-46.397491,-23.613221],[-46.397563,-23.612897],[-46.397596,-23.612712],[-46.39773,-23.612361],[-46.397929,-23.612133],[-46.398118,-23.611813],[-46.398187,-23.611719],[-46.398394,-23.611592]]],[[[-46.398394,-23.611592],[-46.398472,-23.611563],[-46.3985027,-23.6115396]]],[[[-46.3985027,-23.6115396],[-46.398631,-23.611442],[-46.39878,-23.611275],[-46.398857,-23.611166],[-46.398907,-23.610996],[-46.398949,-23.610947],[-46.399002,-23.610928],[-46.399094,-23.610924],[-46.39918,-23.610898],[-46.39926,-23.610834],[-46.399331,-23.610703],[-46.399408,-23.610643],[-46.399519,-23.610571],[-46.399658,-23.610532],[-46.399828,-23.610457],[-46.39987,-23.610409],[-46.399974,-23.610231],[-46.4000051,-23.6102057],[-46.4000513,-23.6101678],[-46.4000647,-23.6100768],[-46.400125,-23.6099684],[-46.4002536,-23.6099059],[-46.400381,-23.609775],[-46.400437,-23.609743],[-46.400517,-23.60973],[-46.400597,-23.609702],[-46.400872,-23.609575],[-46.400932,-23.609508],[-46.400968,-23.609392],[-46.401128,-23.609289],[-46.401184,-23.609233],[-46.401254,-23.609196],[-46.401381,-23.609155],[-46.401492,-23.609082],[-46.401625,-23.609007],[-46.401708,-23.608907],[-46.401817,-23.608853],[-46.401852,-23.608812],[-46.40189,-23.608679],[-46.40194,-23.608634],[-46.402026,-23.608586],[-46.402097,-23.608475],[-46.402161,-23.608412],[-46.402362,-23.608323],[-46.402422,-23.608288],[-46.402465,-23.608237],[-46.402522,-23.608098],[-46.402547,-23.608076],[-46.402635,-23.608035],[-46.402784,-23.607996],[-46.40284,-23.60799],[-46.402891,-23.607973],[-46.403004,-23.607873],[-46.403054,-23.607856],[-46.403173,-23.607783],[-46.403272,-23.607685],[-46.403346,-23.607592],[-46.40345,-23.60749],[-46.403649,-23.607346],[-46.403807,-23.607279],[-46.403965,-23.607081],[-46.404195,-23.606925],[-46.404249,-23.606925],[-46.404275,-23.606943],[-46.404351,-23.606935],[-46.404384,-23.606897],[-46.404429,-23.606813],[-46.404487,-23.606739],[-46.404595,-23.606633],[-46.404628,-23.606553],[-46.404623,-23.606522],[-46.404587,-23.60644],[-46.404508,-23.606327],[-46.404505,-23.606283],[-46.404532,-23.606254],[-46.404705,-23.606139],[-46.404725,-23.606117],[-46.404766,-23.605976],[-46.40486,-23.605708],[-46.40491,-23.605617],[-46.404939,-23.605597]]],[[[-46.404939,-23.605597],[-46.405064,-23.605574]]],[[[-46.405064,-23.605574],[-46.405157,-23.605505],[-46.405454,-23.605215],[-46.405529,-23.605126],[-46.405593,-23.605022],[-46.4058324,-23.6048417],[-46.406067,-23.604644],[-46.406319,-23.604543],[-46.406532,-23.604528],[-46.406661,-23.604541],[-46.406771,-23.604519],[-46.406835,-23.60446],[-46.406935,-23.604304],[-46.407024,-23.604193],[-46.407044,-23.604184],[-46.407132,-23.604192],[-46.4073043,-23.6042012],[-46.407424,-23.604228],[-46.407551,-23.604178],[-46.407751,-23.604039],[-46.40809,-23.603666],[-46.408176,-23.603592],[-46.408328,-23.603527],[-46.408408,-23.603501],[-46.409047,-23.603365],[-46.409705,-23.603168],[-46.410045,-23.603058],[-46.410209,-23.602983],[-46.41036,-23.602889],[-46.410496,-23.602776],[-46.4106346,-23.6027585],[-46.4108097,-23.6027108],[-46.4110805,-23.6026935],[-46.4114255,-23.6026289],[-46.4115937,-23.6025603],[-46.4118538,-23.6024603],[-46.4120395,-23.6024441],[-46.412178,-23.602465],[-46.41226,-23.602457],[-46.412318,-23.602415],[-46.4124876,-23.6023865],[-46.412487,-23.602252],[-46.412596,-23.602143],[-46.412732,-23.602023],[-46.412867,-23.601881],[-46.412939,-23.601792],[-46.41307,-23.601469],[-46.413128,-23.601393],[-46.4132,-23.601323],[-46.41342,-23.601186],[-46.413506,-23.601124],[-46.413604,-23.600989],[-46.413673,-23.600842],[-46.413788,-23.600383],[-46.413956,-23.599787],[-46.414036,-23.599606],[-46.414284,-23.599338],[-46.414358,-23.599106],[-46.414439,-23.599011],[-46.414633,-23.598834],[-46.414699,-23.598745],[-46.414824,-23.598406],[-46.414875,-23.598193],[-46.414966,-23.597878],[-46.415066,-23.597341],[-46.415261,-23.597077],[-46.415606,-23.596366],[-46.416079,-23.595363],[-46.416268,-23.594946],[-46.416363,-23.594808],[-46.416581,-23.59455],[-46.416767,-23.594352],[-46.41713,-23.593857],[-46.417254,-23.593712],[-46.41736,-23.593566],[-46.417596,-23.593281],[-46.417788,-23.593028],[-46.417837,-23.592892],[-46.417858,-23.592857],[-46.417995,-23.592739]]],[[[-46.417995,-23.592739],[-46.418163,-23.592607],[-46.418332,-23.592508],[-46.418433,-23.592417],[-46.418482,-23.592384],[-46.41856,-23.592358],[-46.418803,-23.592354],[-46.418971,-23.592335],[-46.419353,-23.59232],[-46.419412,-23.592296],[-46.419491,-23.59224],[-46.419615,-23.59209],[-46.419674,-23.592059],[-46.419709,-23.592055],[-46.41984,-23.59209],[-46.419878,-23.592086],[-46.419916,-23.592055],[-46.419936,-23.592019],[-46.419984,-23.591973],[-46.420068,-23.591942],[-46.420189,-23.591944],[-46.420248,-23.591964],[-46.420276,-23.591998],[-46.420362,-23.592165],[-46.420481,-23.59227],[-46.420597,-23.592334],[-46.420782,-23.592378],[-46.420941,-23.592447],[-46.421127,-23.592586],[-46.421204,-23.592619],[-46.421371,-23.592661],[-46.421438,-23.592686],[-46.421558,-23.59278],[-46.421921,-23.593032],[-46.422055,-23.593061],[-46.422123,-23.593062],[-46.42227,-23.593039],[-46.422405,-23.593029],[-46.422484,-23.593041],[-46.42266,-23.593088],[-46.42278,-23.593128],[-46.422972,-23.593239],[-46.423062,-23.593252],[-46.423344,-23.593224],[-46.423681,-23.593229],[-46.423823,-23.593207],[-46.423866,-23.593193],[-46.423913,-23.593194],[-46.424042,-23.593269],[-46.424122,-23.593289],[-46.424281,-23.593297],[-46.424919,-23.593279],[-46.425013,-23.593283],[-46.425047,-23.593301],[-46.42513,-23.593367],[-46.425207,-23.593411],[-46.425337,-23.593457],[-46.425443,-23.593478],[-46.425546,-23.593482],[-46.42617,-23.593379],[-46.426237,-23.593393],[-46.426324,-23.593425],[-46.426528,-23.593527],[-46.426861,-23.593665],[-46.427094,-23.593809],[-46.427178,-23.593834],[-46.427243,-23.593842],[-46.42729,-23.593862],[-46.427411,-23.593938],[-46.42755,-23.594],[-46.427723,-23.59404],[-46.4279,-23.594096],[-46.429095,-23.59463],[-46.429244,-23.594668],[-46.429503,-23.594703],[-46.429712,-23.594765],[-46.4299,-23.5947743],[-46.430001,-23.594735],[-46.430151,-23.594602],[-46.430201,-23.59458],[-46.430266,-23.594566],[-46.430446,-23.594595],[-46.430495,-23.594593],[-46.430657,-23.59453],[-46.430729,-23.594466],[-46.430737,-23.594436],[-46.430726,-23.594389],[-46.430619,-23.594231],[-46.430662,-23.594055],[-46.430694,-23.593985],[-46.430786,-23.593922],[-46.430848,-23.593897],[-46.431019,-23.593891],[-46.431286,-23.593943],[-46.431402,-23.593976],[-46.43151,-23.594053],[-46.431584,-23.594146],[-46.431616,-23.594272],[-46.431638,-23.594507],[-46.431652,-23.594532],[-46.431684,-23.594537],[-46.431758,-23.594518],[-46.431965,-23.594439],[-46.432098,-23.594418],[-46.432145,-23.594399],[-46.432219,-23.594344],[-46.432426,-23.594162],[-46.432539,-23.59409],[-46.432606,-23.594081],[-46.432763,-23.594105],[-46.432898,-23.594091],[-46.43297,-23.594058],[-46.433022,-23.593994],[-46.433102,-23.593825],[-46.433144,-23.593682],[-46.433177,-23.593642],[-46.433228,-23.593629],[-46.433327,-23.593625],[-46.433412,-23.593633],[-46.433652,-23.593701],[-46.4337875,-23.5938194],[-46.4340008,-23.5938155],[-46.4340987,-23.5938227],[-46.434203,-23.5938374],[-46.4344498,-23.5938727],[-46.43481,-23.59392],[-46.434931,-23.59394],[-46.435057,-23.593935],[-46.435278,-23.593897],[-46.435461,-23.593832],[-46.435543,-23.593781],[-46.435595,-23.593725],[-46.435734,-23.593545],[-46.435887,-23.593392],[-46.436034,-23.593224],[-46.43613,-23.593149],[-46.436352,-23.593059],[-46.436473,-23.593047],[-46.436577,-23.593066],[-46.43665,-23.593092],[-46.436771,-23.593199],[-46.436896,-23.593379],[-46.436948,-23.593477],[-46.437005,-23.593527],[-46.437094,-23.593577],[-46.437196,-23.593596],[-46.437353,-23.593582],[-46.437752,-23.593506],[-46.437988,-23.593482],[-46.438115,-23.59345],[-46.438207,-23.593403],[-46.438561,-23.593184],[-46.438644,-23.593118],[-46.43872,-23.593033],[-46.438822,-23.592851],[-46.438878,-23.592798],[-46.439123,-23.592641],[-46.439226,-23.592566],[-46.439255,-23.59252],[-46.439254,-23.59247],[-46.439224,-23.592375],[-46.439219,-23.59231],[-46.439259,-23.592223],[-46.439359,-23.592054],[-46.439508,-23.591818],[-46.439581,-23.591719],[-46.439649,-23.591668],[-46.439706,-23.59165],[-46.439778,-23.591649],[-46.439829,-23.591667],[-46.440282,-23.59191],[-46.440341,-23.591906],[-46.440404,-23.591878],[-46.440427,-23.591854],[-46.4405,-23.59174],[-46.440532,-23.591572],[-46.440539,-23.591377],[-46.440566,-23.591326],[-46.440605,-23.591302],[-46.440771,-23.591297],[-46.441066,-23.591325],[-46.441701,-23.591429],[-46.442087,-23.59153],[-46.442195,-23.591567],[-46.4426837,-23.591695],[-46.4427328,-23.5917592],[-46.4427509,-23.5918066],[-46.44277,-23.5918827],[-46.4427499,-23.5919744],[-46.4427169,-23.5921138],[-46.4427009,-23.59218],[-46.4426809,-23.5923138],[-46.4427449,-23.5927621],[-46.4428048,-23.5929448],[-46.4429574,-23.593032],[-46.4430387,-23.5930492],[-46.4431348,-23.5930446],[-46.4432411,-23.5929982],[-46.443844,-23.5928456],[-46.4440425,-23.592768]]],[[[-46.4440425,-23.592768],[-46.444706,-23.592688]]],[[[-46.444706,-23.592688],[-46.444965,-23.592688],[-46.44506,-23.592707],[-46.445231,-23.59277],[-46.445432,-23.592889],[-46.445631,-23.592978],[-46.445818,-23.593034],[-46.446137,-23.593085],[-46.446241,-23.593106],[-46.446355,-23.593151],[-46.446528,-23.593177],[-46.446685,-23.593175],[-46.446939,-23.593142],[-46.447228,-23.593089],[-46.44753,-23.593066],[-46.448008,-23.593069],[-46.448263,-23.593099],[-46.448355,-23.593129]]],[[[-46.461504,-23.596664],[-46.461319,-23.596909],[-46.461185,-23.59701],[-46.461092,-23.59711],[-46.461067,-23.59717],[-46.461045,-23.597275],[-46.461009,-23.597367],[-46.460892,-23.597583],[-46.460826,-23.597679],[-46.460693,-23.597831],[-46.460611,-23.597873],[-46.460482,-23.597903],[-46.460309,-23.597914],[-46.459686,-23.597847],[-46.459486,-23.597808],[-46.459304,-23.597741],[-46.459223,-23.597677],[-46.459196,-23.59763],[-46.459183,-23.597534],[-46.459236,-23.597391],[-46.459276,-23.59731],[-46.459281,-23.597248],[-46.459265,-23.597167],[-46.459233,-23.597113],[-46.4591425,-23.5970348],[-46.459059,-23.596951],[-46.458746,-23.596684],[-46.458014,-23.595989],[-46.457885,-23.595831],[-46.457791,-23.595691],[-46.4578077,-23.5957308],[-46.457431,-23.595377],[-46.45682,-23.594711],[-46.456688,-23.594613],[-46.456074,-23.594236],[-46.455974,-23.594194],[-46.45586,-23.594184],[-46.455753,-23.594199],[-46.455671,-23.594243],[-46.455432,-23.594435],[-46.455364,-23.594477],[-46.455309,-23.594483],[-46.455164,-23.594436],[-46.454971,-23.59434],[-46.454917,-23.59429],[-46.45478,-23.594075],[-46.454679,-23.594],[-46.454431,-23.593881],[-46.45428,-23.593847],[-46.453652,-23.593827],[-46.4533578,-23.5937571],[-46.453244,-23.59373],[-46.452369,-23.593404],[-46.452154,-23.593334],[-46.451989,-23.593305],[-46.451791,-23.593299],[-46.451201,-23.593245],[-46.450297,-23.593198],[-46.450178,-23.593204],[-46.449245,-23.59335],[-46.449071,-23.593363],[-46.448985,-23.593351],[-46.448601,-23.593233],[-46.448355,-23.593129]]],[[[-46.454509,-23.610245],[-46.45453,-23.610178],[-46.454569,-23.610127],[-46.454647,-23.610069],[-46.454826,-23.609984],[-46.455031,-23.609908],[-46.455122,-23.609846],[-46.455167,-23.609788],[-46.455362,-23.609427],[-46.455398,-23.609287],[-46.45543,-23.608949],[-46.455453,-23.608794],[-46.455511,-23.608654],[-46.455603,-23.608518],[-46.4556964,-23.6084815],[-46.455824,-23.608306],[-46.455955,-23.608123],[-46.455972,-23.608054],[-46.455972,-23.608013],[-46.455946,-23.607955],[-46.455572,-23.607457],[-46.455393,-23.607186],[-46.455335,-23.607081],[-46.455326,-23.607018],[-46.455341,-23.606973],[-46.455399,-23.606902],[-46.455561,-23.606781],[-46.456098,-23.606506],[-46.456254,-23.60641],[-46.456349,-23.606301],[-46.456383,-23.606241],[-46.456433,-23.606123],[-46.456463,-23.606013],[-46.456485,-23.605832],[-46.456485,-23.605476],[-46.456522,-23.605343],[-46.456637,-23.60508],[-46.456904,-23.604619],[-46.456965,-23.604465],[-46.456982,-23.604372],[-46.456985,-23.604291],[-46.457005,-23.604206],[-46.457295,-23.603452],[-46.457373,-23.603266],[-46.457415,-23.603196],[-46.457489,-23.603134],[-46.457766,-23.602998],[-46.457875,-23.602936],[-46.457935,-23.602868],[-46.458209,-23.602315],[-46.458253,-23.602219],[-46.45829,-23.60204],[-46.458271,-23.601856],[-46.458173,-23.601568],[-46.458155,-23.601474],[-46.458156,-23.601442],[-46.458189,-23.601371],[-46.458495,-23.601036],[-46.458545,-23.60096],[-46.458667,-23.600666],[-46.458711,-23.600594],[-46.458856,-23.600421],[-46.458937,-23.600275],[-46.459013,-23.600069],[-46.459127,-23.599616],[-46.459186,-23.599412],[-46.459266,-23.599254],[-46.459332,-23.599165],[-46.459396,-23.599105],[-46.459513,-23.599028],[-46.459672,-23.598942],[-46.459881,-23.598864],[-46.46008,-23.598808],[-46.460174,-23.598794],[-46.460693,-23.598791],[-46.460983,-23.598776],[-46.461063,-23.598764],[-46.461165,-23.598734],[-46.461358,-23.598628],[-46.461469,-23.598556],[-46.461496,-23.598515],[-46.461621,-23.598169],[-46.461682,-23.598033],[-46.46171,-23.597888],[-46.461712,-23.59755],[-46.461707,-23.597476],[-46.461628,-23.597195],[-46.461519,-23.596949],[-46.461484,-23.596812],[-46.461482,-23.596747],[-46.461504,-23.596664]]]]},"properties":{"name":"Iguatemi","admin_level":"9"}},{"type":"Feature","geometry":{"type":"MultiPolygon","coordinates":[[[[-46.397024,-23.525286],[-46.397001,-23.525165],[-46.396964,-23.524778],[-46.396931,-23.524733],[-46.396836,-23.524693],[-46.396134,-23.524536],[-46.39658,-23.522909],[-46.396594,-23.522724],[-46.396572,-23.522499],[-46.396512,-23.522297],[-46.396398,-23.522152],[-46.39627,-23.522078],[-46.395913,-23.521917],[-46.39561,-23.521767],[-46.3951789,-23.5216587],[-46.3949795,-23.5216366],[-46.394653,-23.521572],[-46.393363,-23.521619],[-46.39123,-23.521649],[-46.391063,-23.521629],[-46.390885,-23.521584],[-46.390373,-23.521425],[-46.390179,-23.521355],[-46.390016,-23.521286],[-46.389887,-23.521187],[-46.389829,-23.521102],[-46.389734,-23.520928],[-46.389737,-23.520821],[-46.389721,-23.520761],[-46.389537,-23.520606],[-46.38944,-23.520553],[-46.389344,-23.520547],[-46.389282,-23.520572],[-46.389014,-23.520799],[-46.388796,-23.52104],[-46.388689,-23.521126],[-46.388547,-23.521217],[-46.38842,-23.521282],[-46.3883,-23.521304],[-46.386736,-23.521054]]],[[[-46.405512,-23.494139],[-46.405519,-23.49421],[-46.40555,-23.494344],[-46.40581,-23.495034],[-46.406055,-23.495732],[-46.406152,-23.496095],[-46.406245,-23.496306],[-46.406461,-23.496544],[-46.406846,-23.496875],[-46.406888,-23.496918],[-46.406904,-23.496945],[-46.406922,-23.49702],[-46.406991,-23.49751],[-46.407026,-23.49767],[-46.407249,-23.498342],[-46.407357,-23.498629],[-46.40738,-23.498753],[-46.407381,-23.499254],[-46.407402,-23.499393],[-46.407423,-23.499473],[-46.407504,-23.499676],[-46.407519,-23.499767],[-46.407509,-23.500101],[-46.407496,-23.500225],[-46.407456,-23.500342],[-46.40739,-23.500494],[-46.406832,-23.501197],[-46.406756,-23.501307],[-46.406704,-23.50141],[-46.406663,-23.501596],[-46.40665,-23.501853],[-46.406668,-23.502066],[-46.406655,-23.502224],[-46.406609,-23.50236],[-46.406393,-23.502856],[-46.40631,-23.502971],[-46.406201,-23.503089],[-46.406116,-23.503135],[-46.406039,-23.50316],[-46.405899,-23.503185],[-46.405828,-23.503211],[-46.405775,-23.503266],[-46.40575,-23.503328],[-46.405635,-23.50372],[-46.405572,-23.503897],[-46.405506,-23.504016],[-46.405276,-23.504485],[-46.4052,-23.504761],[-46.405152,-23.504894],[-46.405014,-23.505182],[-46.405007,-23.505264],[-46.404955,-23.505512],[-46.404726,-23.506358],[-46.404654,-23.506571],[-46.404478,-23.506986],[-46.404388,-23.507222],[-46.404346,-23.507354],[-46.404315,-23.507418],[-46.404229,-23.507537],[-46.404124,-23.507735],[-46.403979,-23.508179],[-46.403892,-23.508381],[-46.403875,-23.50845],[-46.403971,-23.50891],[-46.403968,-23.50906],[-46.403874,-23.509327],[-46.403655,-23.509874],[-46.403632,-23.509982],[-46.403584,-23.510103],[-46.403512,-23.510235],[-46.40345,-23.510323],[-46.403391,-23.510379],[-46.402994,-23.510623],[-46.4026315,-23.5108376],[-46.40226,-23.511122],[-46.401556,-23.511635],[-46.401476,-23.511698],[-46.401437,-23.511751],[-46.401355,-23.511897],[-46.401348,-23.511939],[-46.401354,-23.511978],[-46.401482,-23.51233],[-46.401522,-23.512507],[-46.401533,-23.512645],[-46.401535,-23.512815],[-46.401527,-23.512864],[-46.401502,-23.51291],[-46.40133,-23.513083],[-46.401297,-23.513134],[-46.401284,-23.513191],[-46.401299,-23.513293],[-46.401349,-23.513389],[-46.401442,-23.513532],[-46.401598,-23.513707],[-46.401871,-23.513911],[-46.401911,-23.513953],[-46.402014,-23.514165],[-46.402054,-23.514394],[-46.402028,-23.514783],[-46.401992,-23.515142],[-46.401995,-23.515239],[-46.402026,-23.515361],[-46.402101,-23.515521],[-46.402197,-23.515651],[-46.402226,-23.515727],[-46.402229,-23.5158],[-46.402212,-23.515881],[-46.402173,-23.51595],[-46.401999,-23.516118],[-46.401768,-23.516377],[-46.401649,-23.516533],[-46.401585,-23.516657],[-46.401503,-23.516767],[-46.401302,-23.516979],[-46.401038,-23.517184],[-46.400491,-23.517661],[-46.400377,-23.517788],[-46.40021,-23.518001],[-46.399977,-23.518247],[-46.399731,-23.518556],[-46.399585,-23.518718],[-46.399332,-23.518944],[-46.399262,-23.519031],[-46.399101,-23.519367],[-46.398996,-23.51956],[-46.398952,-23.519659],[-46.398904,-23.519832],[-46.398831,-23.520332],[-46.398768,-23.52061],[-46.398735,-23.520802],[-46.398704,-23.521234],[-46.398722,-23.521504],[-46.398713,-23.521555],[-46.398686,-23.521603],[-46.398612,-23.521684],[-46.398469,-23.521811],[-46.398316,-23.521993],[-46.398154,-23.522364],[-46.398083,-23.522593],[-46.397825,-23.523576],[-46.397739,-23.524025],[-46.397712,-23.52431],[-46.397676,-23.524465],[-46.39762,-23.524564],[-46.397353,-23.524897],[-46.397024,-23.525286]]],[[[-46.405512,-23.494139],[-46.404752,-23.494086],[-46.404477,-23.494065],[-46.402,-23.493925],[-46.400926,-23.493849],[-46.400161,-23.493823],[-46.397304,-23.493626],[-46.397019,-23.493585],[-46.396754,-23.493518],[-46.396426,-23.493417],[-46.396081,-23.493262],[-46.395864,-23.493154],[-46.395643,-23.493009],[-46.395418,-23.492848],[-46.395243,-23.492706],[-46.395025,-23.492485],[-46.392153,-23.489443],[-46.391147,-23.4884],[-46.3903,-23.487543],[-46.390069,-23.48735],[-46.389704,-23.487085],[-46.389448,-23.486911],[-46.389122,-23.486721],[-46.385425,-23.484834],[-46.38417,-23.484207],[-46.3814642,-23.4828414],[-46.3809947,-23.4826143],[-46.3803053,-23.4823088],[-46.3798201,-23.4821366],[-46.3793487,-23.4819795],[-46.378388,-23.48169]]],[[[-46.3658928,-23.5102051],[-46.3658522,-23.5099627],[-46.3658482,-23.5096958],[-46.3658882,-23.5094371],[-46.3659903,-23.5090582],[-46.3660161,-23.5087127],[-46.3657946,-23.5083264],[-46.3657755,-23.5078283],[-46.3656607,-23.5073653],[-46.3657181,-23.5072285],[-46.3654656,-23.506449],[-46.3652141,-23.5052773],[-46.3650898,-23.5038454],[-46.3652388,-23.5035769],[-46.3653334,-23.5030759],[-46.365575,-23.5027435],[-46.3656118,-23.5025893],[-46.3662159,-23.5020402],[-46.3667517,-23.5013513],[-46.3668147,-23.5011201],[-46.3669881,-23.5008118],[-46.3672087,-23.499988],[-46.3673821,-23.4997568],[-46.3678711,-23.4993336],[-46.3682333,-23.498702],[-46.3685955,-23.4983979],[-46.3696114,-23.4970081],[-46.3696246,-23.4961839],[-46.3698855,-23.4952074],[-46.3699506,-23.4949638],[-46.3708537,-23.4938123],[-46.3713398,-23.4933597],[-46.3716458,-23.4922456],[-46.3736998,-23.4897977],[-46.3745482,-23.4882416],[-46.3769074,-23.4848054],[-46.3770382,-23.4843898],[-46.3772624,-23.4842526],[-46.3773979,-23.4840341],[-46.377454,-23.4836742],[-46.378388,-23.48169]]],[[[-46.3664032,-23.5121944],[-46.3660435,-23.5111045],[-46.3658928,-23.5102051]]],[[[-46.3734124,-23.5115074],[-46.3731467,-23.5112803],[-46.3729508,-23.5113181],[-46.3728054,-23.5114002],[-46.3726884,-23.5114499],[-46.3725358,-23.5114871],[-46.3724145,-23.5115175],[-46.3721814,-23.5115513],[-46.3720877,-23.511457],[-46.3718824,-23.5113854],[-46.371214,-23.5112845],[-46.3708852,-23.5112428],[-46.3707054,-23.5112469],[-46.3705329,-23.5112795],[-46.3698348,-23.5114478],[-46.3687815,-23.5116814],[-46.3674956,-23.5119604],[-46.3664032,-23.5121944]]],[[[-46.377868,-23.5161941],[-46.3774137,-23.5162107],[-46.3774187,-23.5161837],[-46.3766997,-23.5161317],[-46.3765777,-23.5160893],[-46.3763657,-23.5159638],[-46.3757476,-23.5156358],[-46.3751005,-23.5157113],[-46.3749696,-23.515707],[-46.3748547,-23.5156934],[-46.3747202,-23.5156451],[-46.3745702,-23.5155793],[-46.374474,-23.5155167],[-46.3744178,-23.5154444],[-46.3743487,-23.515289],[-46.3741285,-23.5146705],[-46.3746308,-23.5140269],[-46.3745544,-23.5139825],[-46.3738118,-23.5137808],[-46.3739731,-23.5135813],[-46.3741476,-23.5134072],[-46.3742195,-23.5133451],[-46.3743075,-23.5132816],[-46.3745224,-23.5131744],[-46.3748469,-23.5130587],[-46.3751714,-23.5129579],[-46.3751422,-23.5128985],[-46.3746855,-23.5124152],[-46.3745712,-23.5125262],[-46.3734124,-23.5115074]]],[[[-46.386736,-23.521054],[-46.3870458,-23.5200546],[-46.3843963,-23.5208737],[-46.3843783,-23.5208212],[-46.3840579,-23.520905],[-46.3839069,-23.5204593],[-46.3838817,-23.5203774],[-46.3838753,-23.5203356],[-46.3838703,-23.5202773],[-46.3838818,-23.5202185],[-46.38391,-23.5201582],[-46.3839553,-23.5200972],[-46.3840042,-23.5200632],[-46.3839832,-23.520043],[-46.3838522,-23.5199381],[-46.3836034,-23.5197579],[-46.3833727,-23.5196543],[-46.3829511,-23.5194938],[-46.3828312,-23.5189638],[-46.3826813,-23.5186347],[-46.3825486,-23.5184286],[-46.3823445,-23.5181789],[-46.3821669,-23.5179465],[-46.3820368,-23.5177797],[-46.38192,-23.5176825],[-46.3817831,-23.5175903],[-46.3816197,-23.5174612],[-46.381529,-23.5173886],[-46.3813085,-23.5172123],[-46.3811731,-23.5170699],[-46.3809653,-23.5169177],[-46.3805599,-23.5166699],[-46.3803956,-23.5165788],[-46.3801112,-23.5164521],[-46.3798014,-23.516342],[-46.3796815,-23.5162734],[-46.3796006,-23.5162526],[-46.3794419,-23.5162743],[-46.3793419,-23.5162676],[-46.3792314,-23.5162438],[-46.3791547,-23.5162477],[-46.3790972,-23.5162272],[-46.3790469,-23.5162218],[-46.3790136,-23.5162361],[-46.3789505,-23.5162746],[-46.3788727,-23.516301],[-46.3787713,-23.5163075],[-46.3786351,-23.5162839],[-46.3784855,-23.516274],[-46.3784015,-23.5162577],[-46.3782726,-23.5162312],[-46.3781394,-23.5162255],[-46.3779811,-23.5162108],[-46.377868,-23.5161941]]]]},"properties":{"name":"Itaim Paulista","admin_level":"9"}},{"type":"Feature","geometry":{"type":"MultiPolygon","coordinates":[[[[-46.760704,-23.473014],[-46.760596,-23.472926],[-46.760537,-23.472911],[-46.760374,-23.472924],[-46.759861,-23.473023],[-46.75957,-23.473056],[-46.759268,-23.473056],[-46.758991,-23.473048],[-46.758691,-23.473025],[-46.758445,-23.472997],[-46.758227,-23.472995],[-46.758062,-23.473019],[-46.757639,-23.473165],[-46.757493,-23.47318],[-46.756942,-23.473147],[-46.756826,-23.473157],[-46.756628,-23.473192],[-46.756162,-23.473324],[-46.755735,-23.473429],[-46.755469,-23.473473],[-46.755059,-23.473574],[-46.754864,-23.473652],[-46.754572,-23.473754],[-46.754454,-23.473766],[-46.75436,-23.473749],[-46.754219,-23.473679],[-46.753855,-23.473491],[-46.753696,-23.473397],[-46.753196,-23.473204]]],[[[-46.771627,-23.473715],[-46.771433,-23.473658],[-46.771233,-23.473529],[-46.771081,-23.473513],[-46.770935,-23.473506],[-46.770609,-23.473571],[-46.770365,-23.473661],[-46.770117,-23.473834],[-46.769832,-23.474099],[-46.769268,-23.474698],[-46.768993,-23.475019],[-46.768667,-23.475376],[-46.768369,-23.475693],[-46.768065,-23.476077],[-46.767098,-23.4759],[-46.766826,-23.475861],[-46.766599,-23.475851],[-46.766466,-23.47583],[-46.766362,-23.475788],[-46.765998,-23.475528],[-46.76589,-23.476676],[-46.765366,-23.4767021],[-46.764794,-23.475981],[-46.764148,-23.475099],[-46.762363,-23.473909],[-46.762088,-23.473879],[-46.761709,-23.473798],[-46.761466,-23.473705],[-46.761186,-23.473575],[-46.761026,-23.473455],[-46.760822,-23.473194],[-46.760704,-23.473014]]],[[[-46.7731299,-23.4732309],[-46.771627,-23.473715]]],[[[-46.7763008,-23.4719638],[-46.7731299,-23.4732309]]],[[[-46.777887,-23.464893],[-46.7776677,-23.4653842],[-46.7776549,-23.4658225],[-46.7778364,-23.4671713],[-46.7785454,-23.4684438],[-46.7787937,-23.4693449],[-46.7787433,-23.4699996],[-46.778416,-23.4707047],[-46.7780131,-23.4711328],[-46.7763008,-23.4719638]]],[[[-46.777887,-23.464893],[-46.777765,-23.464624],[-46.777358,-23.464227],[-46.776972,-23.464005],[-46.776568,-23.463818],[-46.776163,-23.463561],[-46.775858,-23.463342],[-46.775756,-23.463178],[-46.775697,-23.463026],[-46.775705,-23.462882],[-46.775736,-23.462703],[-46.775736,-23.462406],[-46.775702,-23.462276],[-46.775619,-23.462137],[-46.775475,-23.461964],[-46.775359,-23.461713],[-46.775211,-23.461287],[-46.775097,-23.460905],[-46.775112,-23.46063],[-46.775112,-23.460431],[-46.775114,-23.4599328]]],[[[-46.775114,-23.4599328],[-46.775129,-23.456289]]],[[[-46.775129,-23.456289],[-46.773578,-23.456283],[-46.773217,-23.456081],[-46.772562,-23.455499],[-46.77225,-23.455178],[-46.771934,-23.454939],[-46.771451,-23.454596],[-46.771229,-23.454451],[-46.770093,-23.453444],[-46.769997,-23.453071],[-46.769924,-23.453022],[-46.769617,-23.452699]]],[[[-46.769617,-23.452699],[-46.769486,-23.452434],[-46.769377,-23.452048],[-46.76931,-23.451656],[-46.769286,-23.451259],[-46.769277,-23.450597],[-46.769374,-23.44972],[-46.769409,-23.449122],[-46.769391,-23.448874],[-46.769313,-23.448713],[-46.769208,-23.448597],[-46.768942,-23.448482],[-46.76868,-23.448354],[-46.767821,-23.448033],[-46.767716,-23.447964],[-46.767511,-23.447814],[-46.76738,-23.447593],[-46.7672349,-23.4474544]]],[[[-46.7672349,-23.4474544],[-46.767155,-23.447378],[-46.766945,-23.447197],[-46.766764,-23.447081],[-46.766441,-23.446985],[-46.766113,-23.44684],[-46.765974,-23.446667],[-46.765828,-23.446386],[-46.76565,-23.445782],[-46.765445,-23.445239],[-46.765316,-23.444822],[-46.765035,-23.444276],[-46.765029,-23.444154],[-46.765169,-23.443708],[-46.765158,-23.443564],[-46.765071,-23.443456],[-46.764933,-23.443353],[-46.764798,-23.44318],[-46.764644,-23.442571],[-46.764538,-23.442115],[-46.764531,-23.441897],[-46.764551,-23.441652],[-46.764665,-23.441329],[-46.764857,-23.440869],[-46.764944,-23.440632],[-46.765003,-23.440444],[-46.765027,-23.440153],[-46.764996,-23.43973],[-46.764972,-23.439567],[-46.764929,-23.439324],[-46.764847,-23.439035],[-46.764791,-23.438926],[-46.76462,-23.43863],[-46.764383,-23.438238],[-46.764272,-23.438086],[-46.764255,-23.438002],[-46.764248,-23.43788],[-46.764278,-23.437598],[-46.764321,-23.43732],[-46.764346,-23.437213],[-46.764338,-23.437184],[-46.764324,-23.437163],[-46.7643,-23.437139],[-46.764292,-23.437111],[-46.764306,-23.437069],[-46.764298,-23.43698],[-46.764402,-23.436804],[-46.764705,-23.436328],[-46.764862,-23.436067],[-46.764866,-23.436027],[-46.764847,-23.435975],[-46.764803,-23.435928],[-46.764603,-23.435804],[-46.76453,-23.435772],[-46.76443,-23.435745],[-46.76439,-23.435723],[-46.764358,-23.435684],[-46.764257,-23.435516],[-46.764183,-23.435436],[-46.764037,-23.435328],[-46.763839,-23.435198],[-46.763801,-23.435141],[-46.763788,-23.435085],[-46.763782,-23.434963],[-46.763755,-23.434907],[-46.76365,-23.434836],[-46.763619,-23.434799],[-46.763592,-23.434738],[-46.763581,-23.434627],[-46.763537,-23.434475],[-46.763389,-23.434178],[-46.763314,-23.434035],[-46.763308,-23.433961],[-46.763281,-23.433879],[-46.763238,-23.43382],[-46.76315,-23.433786],[-46.762813,-23.433694],[-46.762595,-23.433602],[-46.762475,-23.433535],[-46.762421,-23.433516],[-46.762246,-23.433511],[-46.762173,-23.433488],[-46.762032,-23.4334],[-46.761938,-23.433288],[-46.761884,-23.433254],[-46.76181,-23.433226],[-46.761701,-23.433216],[-46.761649,-23.433189],[-46.761601,-23.43313],[-46.761585,-23.433035],[-46.761558,-23.432782],[-46.76157,-23.432592],[-46.761613,-23.432439],[-46.761618,-23.432306],[-46.761618,-23.432125],[-46.761605,-23.432014],[-46.761567,-23.431788],[-46.761569,-23.431776]]],[[[-46.761569,-23.431776],[-46.7613852,-23.4317726],[-46.7610853,-23.4317451],[-46.7605936,-23.4317242],[-46.7600759,-23.4316902],[-46.7599219,-23.4316224],[-46.7598198,-23.4315498],[-46.7597255,-23.4314226],[-46.7597114,-23.4313849],[-46.7589089,-23.4316945],[-46.7587023,-23.4318041],[-46.7586255,-23.4318575],[-46.7585837,-23.431905],[-46.7550484,-23.4314991],[-46.7548455,-23.4314976],[-46.7545407,-23.4314771],[-46.7536172,-23.4313946],[-46.7522181,-23.4313041],[-46.7515924,-23.4312313],[-46.7499793,-23.4311145],[-46.748812,-23.4310165],[-46.7479004,-23.4309222],[-46.7478401,-23.4307891],[-46.7478379,-23.4307028],[-46.7478656,-23.4306156],[-46.7478614,-23.4305551],[-46.7478164,-23.4305213],[-46.7478023,-23.4304994],[-46.7478081,-23.4304131],[-46.747791,-23.4303893],[-46.747762,-23.4303743],[-46.7476961,-23.4303821],[-46.7475991,-23.43037],[-46.7475751,-23.4303521],[-46.7475339,-23.4302667],[-46.7475156,-23.4301406],[-46.7475183,-23.4300524],[-46.7475322,-23.4300008],[-46.747571,-23.4299573],[-46.7476648,-23.429893],[-46.7478024,-23.429816],[-46.7479121,-23.429718],[-46.7480416,-23.4295675],[-46.7480644,-23.4295091],[-46.7480473,-23.4294674],[-46.7479821,-23.4293908],[-46.747951,-23.4293263],[-46.7479499,-23.4292787],[-46.7479688,-23.4292549],[-46.7480297,-23.4292392],[-46.7481196,-23.4292344],[-46.7482015,-23.4292187],[-46.7482743,-23.4291703],[-46.7482952,-23.4291356],[-46.7482611,-23.4290919],[-46.7482131,-23.429069],[-46.7481401,-23.429048],[-46.748087,-23.4290181],[-46.7480369,-23.4289733],[-46.7478832,-23.4286526],[-46.7478471,-23.4286099],[-46.7478021,-23.4286038],[-46.7477772,-23.4286275],[-46.7477564,-23.428695],[-46.7477234,-23.4287038],[-46.7476764,-23.4286848],[-46.7476093,-23.4286272],[-46.7475802,-23.4285755],[-46.7475741,-23.428519],[-46.7475828,-23.4284238],[-46.7476502,-23.4282265],[-46.7476579,-23.4281293],[-46.7476575,-23.4279776],[-46.7476177,-23.4276729],[-46.7476266,-23.4276343],[-46.7476545,-23.4276036],[-46.7478002,-23.4275543],[-46.7478791,-23.4275198],[-46.747903,-23.427495],[-46.7479087,-23.4274107],[-46.7478866,-23.4273512],[-46.7478094,-23.4272458],[-46.7477213,-23.427199],[-46.74767,-23.4270928],[-46.7476121,-23.4267365],[-46.7475677,-23.4265946],[-46.7475305,-23.4265042],[-46.7475282,-23.4263782],[-46.747509,-23.4263227],[-46.7473667,-23.4261577],[-46.7473445,-23.4260842],[-46.7473403,-23.4260128],[-46.747367,-23.4259107],[-46.7474177,-23.4258027],[-46.7474335,-23.4257352],[-46.7474382,-23.42564],[-46.7473705,-23.425377],[-46.7472408,-23.4250553],[-46.7471565,-23.424946],[-46.7471225,-23.4249142],[-46.7470754,-23.4248903],[-46.7470275,-23.4248892],[-46.7469436,-23.4249049],[-46.7467916,-23.4248807],[-46.7465127,-23.4248265],[-46.7463647,-23.4247716],[-46.7460606,-23.4246489],[-46.7457454,-23.4244825],[-46.74544,-23.4242695],[-46.7452867,-23.4241065],[-46.7452144,-23.4239863],[-46.7451538,-23.423757],[-46.7451402,-23.4235279],[-46.7450338,-23.4233649],[-46.7449045,-23.4232059],[-46.7447183,-23.4230775],[-46.7445107,-23.4228072],[-46.7444495,-23.422696],[-46.7444029,-23.4226576],[-46.7441003,-23.4225266],[-46.7438608,-23.4223018],[-46.7437678,-23.4222659],[-46.7433978,-23.4221669],[-46.7432418,-23.422106],[-46.7431917,-23.4220781],[-46.7431626,-23.4220205],[-46.7431463,-23.4219213],[-46.7431888,-23.4217279],[-46.7431979,-23.4214254],[-46.7430574,-23.4215382],[-46.7428968,-23.4216519],[-46.742789,-23.4216913],[-46.7425842,-23.4217236],[-46.7420507,-23.4217263],[-46.7417128,-23.4216769],[-46.7415628,-23.421627],[-46.7413846,-23.4215244],[-46.7411433,-23.4213364],[-46.7409592,-23.4212387],[-46.7408012,-23.4211918],[-46.7404293,-23.4211284],[-46.7403013,-23.4210974],[-46.7401683,-23.4210504],[-46.7400442,-23.4209867],[-46.7396416,-23.4210214],[-46.7388614,-23.4210653],[-46.7385015,-23.4210297],[-46.7382118,-23.421039],[-46.7375641,-23.420975],[-46.7372263,-23.4209345],[-46.7370744,-23.4209382],[-46.7370136,-23.4209717],[-46.7369977,-23.4210064],[-46.7370159,-23.4211007],[-46.73705,-23.4211573],[-46.7371501,-23.4212191],[-46.7377773,-23.4214447],[-46.7379294,-23.4215472],[-46.7379916,-23.4216178],[-46.7379957,-23.4216763],[-46.7379629,-23.4217238],[-46.7378201,-23.4217681],[-46.7374704,-23.4217525],[-46.7371535,-23.4217031],[-46.7367804,-23.4215594],[-46.7364224,-23.4214564],[-46.7361956,-23.4214609],[-46.7360059,-23.4215209],[-46.7358093,-23.4216177],[-46.7355237,-23.4216676],[-46.7353068,-23.4216651],[-46.7346991,-23.4215993],[-46.7345363,-23.4216029],[-46.7342027,-23.4216576],[-46.7340349,-23.4216979],[-46.7339531,-23.4217354],[-46.7334355,-23.4221013],[-46.733227,-23.4222089],[-46.7329125,-23.4222975],[-46.7324131,-23.4223866],[-46.7311009,-23.4226593],[-46.7302332,-23.4228745],[-46.7300215,-23.4229435],[-46.7299328,-23.4230068],[-46.7298172,-23.4231345],[-46.729717,-23.4233802],[-46.7296047,-23.4236161],[-46.7291849,-23.4242886],[-46.7291083,-23.4244353],[-46.7290496,-23.4245224],[-46.7290148,-23.424546],[-46.7289708,-23.4245421],[-46.7289287,-23.4245082],[-46.7288855,-23.4244417],[-46.7288613,-23.4243633],[-46.7288602,-23.4242987],[-46.7288947,-23.4241352],[-46.7290155,-23.4237327],[-46.7291875,-23.4230636],[-46.7293452,-23.4226404],[-46.7293309,-23.4225293],[-46.7292466,-23.4224189],[-46.7291606,-23.4223493],[-46.7287492,-23.4221182],[-46.7286222,-23.4220634],[-46.7285421,-23.4220206],[-46.7284128,-23.4222167],[-46.7282848,-23.4223533],[-46.7279509,-23.4228514],[-46.7278313,-23.4229761],[-46.7277097,-23.423086],[-46.7275931,-23.423173],[-46.7274843,-23.4232352],[-46.7271169,-23.4233485],[-46.7268812,-23.4233697],[-46.7266983,-23.4233584],[-46.7264743,-23.4233192],[-46.7262933,-23.4232662],[-46.7261613,-23.4232104],[-46.7260532,-23.4231466],[-46.7252745,-23.4226548],[-46.7251664,-23.4226159],[-46.7250945,-23.422597],[-46.7250524,-23.4225859],[-46.7249645,-23.4225714],[-46.7248756,-23.4225765],[-46.7247468,-23.4226328],[-46.7246363,-23.4227892],[-46.7245703,-23.4227564],[-46.7244234,-23.422758],[-46.7239071,-23.4228461],[-46.7237024,-23.4228992],[-46.7233592,-23.4231077],[-46.7231488,-23.4232649],[-46.7230006,-23.4233558],[-46.7229234,-23.4234033],[-46.7228715,-23.423418],[-46.7227975,-23.4234129],[-46.7227538,-23.4235021],[-46.7227252,-23.4236339],[-46.7227263,-23.4236855],[-46.7227554,-23.4237094],[-46.7229164,-23.4237604],[-46.7230255,-23.4238221],[-46.7232155,-23.4238959],[-46.7232775,-23.423902],[-46.7234792,-23.4238499],[-46.723678,-23.4238524],[-46.723829,-23.4238964],[-46.7240594,-23.4240834],[-46.7241316,-23.4242095],[-46.7242365,-23.424555],[-46.7242068,-23.4246481],[-46.7241331,-23.4247184],[-46.7239708,-23.4249511],[-46.7238474,-23.4255034],[-46.7237979,-23.4256381],[-46.7236215,-23.4258341],[-46.7235211,-23.4260273],[-46.7234514,-23.4261016],[-46.7233298,-23.4262015],[-46.7232022,-23.4263371],[-46.7230919,-23.4265322],[-46.7230404,-23.4267017],[-46.7230082,-23.4273593],[-46.7229896,-23.4274892],[-46.7229559,-23.4275973],[-46.7228564,-23.4277369],[-46.7225296,-23.4280833],[-46.7214931,-23.4275999],[-46.7204274,-23.4270647],[-46.7195632,-23.4267136],[-46.719221,-23.42656],[-46.7189007,-23.4263639],[-46.7183674,-23.4257248],[-46.717871,-23.4250888],[-46.7175368,-23.4245594],[-46.7172925,-23.4240301],[-46.7169117,-23.4228875],[-46.716761,-23.4225856],[-46.7164863,-23.4222507],[-46.716319,-23.4220876],[-46.7159959,-23.4219609],[-46.7158729,-23.4219239],[-46.715304,-23.4218155],[-46.7145485,-23.4217661],[-46.7118524,-23.4217133],[-46.7114216,-23.4216389],[-46.7111035,-23.421529],[-46.7106588,-23.4214893],[-46.7101782,-23.4215091],[-46.7095877,-23.4215097],[-46.7092848,-23.4214604],[-46.7091378,-23.4214184],[-46.7090097,-23.4213417],[-46.7088564,-23.4212134],[-46.7087248,-23.4209423],[-46.7085871,-23.4202903],[-46.7084618,-23.4183239],[-46.7081258,-23.4165164]]],[[[-46.7004769,-23.422299],[-46.7004722,-23.4219046],[-46.7002738,-23.4215108],[-46.7002201,-23.4207232],[-46.7007137,-23.4197387],[-46.7002847,-23.4184041],[-46.7005956,-23.4171692],[-46.7013574,-23.4172085],[-46.7023873,-23.417494],[-46.7044419,-23.4168738],[-46.7054397,-23.416864],[-46.7061203,-23.4166644],[-46.7071992,-23.4164701],[-46.7081258,-23.4165164]]],[[[-46.712061,-23.454521],[-46.711802,-23.45448],[-46.711661,-23.454406],[-46.711405,-23.454164],[-46.711141,-23.45381],[-46.710877,-23.453344],[-46.710714,-23.453137],[-46.710619,-23.453079],[-46.710569,-23.453031],[-46.710515,-23.452927],[-46.71047,-23.452884],[-46.710156,-23.452705],[-46.709997,-23.452693],[-46.709695,-23.452714],[-46.709347,-23.452689],[-46.709276,-23.452675],[-46.709202,-23.452613],[-46.70901,-23.452514],[-46.708642,-23.452408],[-46.708537,-23.452355],[-46.708338,-23.452126],[-46.708265,-23.452103],[-46.708109,-23.452089],[-46.708061,-23.45207],[-46.707987,-23.452021],[-46.707908,-23.451937],[-46.707829,-23.451809],[-46.707716,-23.451706],[-46.707331,-23.45152],[-46.707011,-23.451386],[-46.707109,-23.45132],[-46.7072,-23.451238],[-46.707255,-23.451116],[-46.707277,-23.450958],[-46.707276,-23.450908],[-46.707223,-23.450667],[-46.707235,-23.450447],[-46.70722,-23.450377],[-46.70716,-23.450308],[-46.707007,-23.450199],[-46.706918,-23.450069],[-46.706876,-23.449914],[-46.706827,-23.44981],[-46.706753,-23.449698],[-46.706741,-23.449513],[-46.706777,-23.449207],[-46.70673,-23.44883],[-46.706659,-23.448674],[-46.706585,-23.448581],[-46.706418,-23.448326],[-46.706361,-23.448253],[-46.706323,-23.448083],[-46.706227,-23.447944],[-46.70619,-23.447825],[-46.706177,-23.447751],[-46.706197,-23.447675],[-46.706379,-23.447282],[-46.706395,-23.447212],[-46.70634,-23.447008],[-46.706346,-23.446943],[-46.706455,-23.446765],[-46.706456,-23.446649],[-46.706384,-23.446535],[-46.706253,-23.446288],[-46.706244,-23.446161],[-46.706313,-23.446008],[-46.706429,-23.445815],[-46.706794,-23.445364],[-46.706978,-23.445151],[-46.707125,-23.445014],[-46.707334,-23.444907],[-46.707512,-23.444833],[-46.707748,-23.444798],[-46.707854,-23.444775],[-46.70791,-23.444731],[-46.707974,-23.444551],[-46.708027,-23.444479],[-46.708124,-23.444417],[-46.708615,-23.444385],[-46.708718,-23.44436],[-46.708866,-23.444293],[-46.7093297,-23.4437791],[-46.7103749,-23.4431251],[-46.7114147,-23.4421138],[-46.711618,-23.441732],[-46.7116426,-23.4414919],[-46.7116906,-23.4411408],[-46.7117027,-23.4407571],[-46.7116027,-23.4404299],[-46.7115232,-23.440326],[-46.7114836,-23.4402907],[-46.7110507,-23.4399037],[-46.709852,-23.439429],[-46.709761,-23.4393887],[-46.7095835,-23.4393129],[-46.7092748,-23.439208],[-46.7088091,-23.4390375],[-46.708486,-23.438842],[-46.708333,-23.438616],[-46.707892,-23.438128],[-46.707228,-23.437586],[-46.706948,-23.437428],[-46.706534,-23.437254],[-46.706397,-23.437216],[-46.706175,-23.43724],[-46.70541,-23.437376],[-46.704841,-23.437159],[-46.703813,-23.437085],[-46.703394,-23.43691],[-46.703234,-23.436725],[-46.703208,-23.436152],[-46.703189,-23.435368],[-46.703081,-23.434288],[-46.702691,-23.431101],[-46.702648,-23.430674],[-46.70268,-23.430247],[-46.702718,-23.42954],[-46.702998,-23.428499],[-46.703339,-23.427048],[-46.703488,-23.426122],[-46.703498,-23.425451],[-46.703434,-23.424859],[-46.703474,-23.424318],[-46.703559,-23.423567],[-46.703477,-23.423062],[-46.703347,-23.422804],[-46.703169,-23.422601],[-46.702898,-23.422408],[-46.702546,-23.422281],[-46.702088,-23.422242],[-46.70094,-23.422251],[-46.7004769,-23.422299]]],[[[-46.753196,-23.473204],[-46.753241,-23.473121],[-46.753294,-23.472861],[-46.753352,-23.472741],[-46.753372,-23.472496],[-46.75335,-23.472246],[-46.753291,-23.472109],[-46.753259,-23.471831],[-46.753288,-23.471523],[-46.753278,-23.471272],[-46.753187,-23.470476],[-46.753136,-23.469846],[-46.753099,-23.469559],[-46.75309,-23.469232],[-46.753108,-23.469009],[-46.752539,-23.469319],[-46.7524568,-23.469349],[-46.75235,-23.469343],[-46.751937,-23.469312],[-46.751816,-23.46931],[-46.75176,-23.469317],[-46.751444,-23.468806],[-46.751247,-23.46852],[-46.750978,-23.468188],[-46.75088,-23.468077],[-46.750697,-23.467909],[-46.750659,-23.467854],[-46.750622,-23.467603],[-46.750595,-23.467538],[-46.750554,-23.467476],[-46.7505445,-23.4674693],[-46.75049,-23.467431],[-46.750197,-23.467342],[-46.750532,-23.466514],[-46.749922,-23.466339],[-46.749016,-23.466039],[-46.748509,-23.46594],[-46.747963,-23.46575],[-46.747702,-23.465697],[-46.747324,-23.465666],[-46.74669,-23.46559],[-46.746378,-23.46562],[-46.745598,-23.465788],[-46.745664,-23.465959],[-46.745742,-23.466283],[-46.745802,-23.466753],[-46.745809,-23.467061],[-46.745789,-23.467348],[-46.74575,-23.467595],[-46.745698,-23.467831],[-46.745631,-23.468061],[-46.745567,-23.468236],[-46.745431,-23.468549],[-46.745311,-23.468766],[-46.74517,-23.468981],[-46.745037,-23.469153],[-46.736162,-23.462626],[-46.718944,-23.458192],[-46.719003,-23.457982],[-46.719073,-23.457772],[-46.719262,-23.457264],[-46.71933,-23.457161],[-46.719381,-23.457118],[-46.71945,-23.457087],[-46.719557,-23.457059],[-46.719654,-23.457054],[-46.719964,-23.457066],[-46.7201024,-23.4570558],[-46.7202132,-23.4570184],[-46.720306,-23.456987],[-46.7204098,-23.456922],[-46.7204395,-23.4568782],[-46.7204611,-23.4568368],[-46.7204864,-23.4567596],[-46.720496,-23.45666],[-46.720486,-23.456441],[-46.7204683,-23.4563212],[-46.7204453,-23.4561735],[-46.7203984,-23.4559585],[-46.7202893,-23.4554183],[-46.7202193,-23.4550719],[-46.7202123,-23.4550372],[-46.720131,-23.454677],[-46.720105,-23.4545539],[-46.720021,-23.454358],[-46.7199257,-23.4542186],[-46.719804,-23.4541003],[-46.7196935,-23.4540419],[-46.7193176,-23.4538533],[-46.7191135,-23.4537425],[-46.7189046,-23.4536178],[-46.718815,-23.4535289],[-46.7187807,-23.45347],[-46.7187661,-23.453409],[-46.718754,-23.4533],[-46.7186318,-23.4528093],[-46.718311,-23.452698],[-46.7182211,-23.452679],[-46.718025,-23.452627],[-46.717831,-23.452549],[-46.717739,-23.452486],[-46.717615,-23.452366],[-46.71751,-23.45225],[-46.717455,-23.452151],[-46.717395,-23.452102],[-46.717314,-23.452063],[-46.717163,-23.45202],[-46.716628,-23.451896],[-46.716395,-23.451795],[-46.716021,-23.451525],[-46.715852,-23.451217],[-46.715824,-23.451128],[-46.715808,-23.450914],[-46.715861,-23.450565],[-46.71563,-23.450628],[-46.715436,-23.450659],[-46.71465,-23.450738],[-46.714505,-23.450774],[-46.714378,-23.450819],[-46.714267,-23.450871],[-46.714177,-23.450924],[-46.714078,-23.451008],[-46.713996,-23.45115],[-46.713117,-23.45227],[-46.712678,-23.452825],[-46.712156,-23.453466],[-46.712015,-23.453604],[-46.711854,-23.453838],[-46.711829,-23.453906],[-46.711798,-23.454035],[-46.711798,-23.4541],[-46.711868,-23.454257],[-46.711928,-23.454348],[-46.712061,-23.454521]]]]},"properties":{"name":"Jaraguá","admin_level":"9"}},{"type":"Feature","geometry":{"type":"MultiPolygon","coordinates":[[[[-46.4358552,-23.491183],[-46.435928,-23.490725],[-46.436023,-23.490128],[-46.436034,-23.489942],[-46.436032,-23.489743],[-46.436011,-23.489636],[-46.435957,-23.489516],[-46.435371,-23.488573],[-46.435268,-23.488365],[-46.435211,-23.488225],[-46.435176,-23.488079],[-46.435156,-23.487686],[-46.435323,-23.486151],[-46.435349,-23.486001],[-46.435416,-23.485787],[-46.435492,-23.485624],[-46.435567,-23.485501],[-46.435671,-23.485364],[-46.436755,-23.48405],[-46.436947,-23.483846],[-46.437115,-23.483688],[-46.437303,-23.483551],[-46.437433,-23.483477],[-46.437543,-23.483436],[-46.437666,-23.483418],[-46.437837,-23.483377],[-46.4382,-23.483266],[-46.438834,-23.483041],[-46.439036,-23.48295],[-46.439755,-23.48256],[-46.439899,-23.482504],[-46.440112,-23.482442],[-46.440587,-23.482319],[-46.44075,-23.48224],[-46.440844,-23.482169],[-46.440908,-23.482079],[-46.440937,-23.481986],[-46.44094,-23.481902],[-46.440879,-23.481762],[-46.440757,-23.481558],[-46.440718,-23.481452],[-46.440678,-23.481268],[-46.440609,-23.481087],[-46.440525,-23.480945],[-46.440395,-23.480804],[-46.440328,-23.48071],[-46.440284,-23.480616],[-46.440209,-23.480288],[-46.440191,-23.480039],[-46.440202,-23.479824]]],[[[-46.405512,-23.494139],[-46.40576,-23.494143],[-46.406031,-23.494142],[-46.40674,-23.494116],[-46.407457,-23.49406],[-46.408986,-23.493889],[-46.413098,-23.493462],[-46.419875,-23.492779],[-46.4207693,-23.4926819],[-46.422242,-23.492522],[-46.424355,-23.492353],[-46.427302,-23.492047],[-46.429375,-23.491847],[-46.4358552,-23.491183]]],[[[-46.405512,-23.494139],[-46.404752,-23.494086],[-46.404477,-23.494065],[-46.402,-23.493925],[-46.400926,-23.493849],[-46.400161,-23.493823],[-46.397304,-23.493626],[-46.397019,-23.493585],[-46.396754,-23.493518],[-46.396426,-23.493417],[-46.396081,-23.493262],[-46.395864,-23.493154],[-46.395643,-23.493009],[-46.395418,-23.492848],[-46.395243,-23.492706],[-46.395025,-23.492485],[-46.392153,-23.489443],[-46.391147,-23.4884],[-46.3903,-23.487543],[-46.390069,-23.48735],[-46.389704,-23.487085],[-46.389448,-23.486911],[-46.389122,-23.486721],[-46.385425,-23.484834],[-46.38417,-23.484207],[-46.3814642,-23.4828414],[-46.3809947,-23.4826143],[-46.3803053,-23.4823088],[-46.3798201,-23.4821366],[-46.3793487,-23.4819795],[-46.378388,-23.48169]]],[[[-46.378388,-23.48169],[-46.378575,-23.4810818],[-46.3785022,-23.4793081],[-46.3785891,-23.4790253],[-46.3787304,-23.4788141],[-46.3798603,-23.4780674],[-46.3803661,-23.4765882],[-46.3805343,-23.4763372],[-46.3808639,-23.4760973],[-46.3811202,-23.4757734],[-46.3812867,-23.4754622],[-46.3816311,-23.4740883],[-46.3817163,-23.4727326],[-46.3817905,-23.4723607],[-46.3819538,-23.4720458]]],[[[-46.3819538,-23.4720458],[-46.38225,-23.4721924],[-46.3830249,-23.4726549],[-46.3832772,-23.4729312],[-46.3834334,-23.4731835],[-46.3835544,-23.4733557],[-46.3835896,-23.4734058],[-46.3840701,-23.4737121],[-46.3842563,-23.4740004],[-46.3843395,-23.4741619],[-46.3842695,-23.4743842],[-46.3841031,-23.4744834],[-46.3838292,-23.4745472],[-46.3833768,-23.4745939],[-46.38326,-23.4746597],[-46.3831705,-23.4747845],[-46.3831644,-23.4748997],[-46.3832175,-23.4750908],[-46.3833428,-23.4752629],[-46.383483,-23.4754052],[-46.3836486,-23.4755283],[-46.3838589,-23.4755921],[-46.384118,-23.475609],[-46.3846213,-23.4755687],[-46.3852478,-23.4753266],[-46.3854687,-23.4751737],[-46.385645,-23.4749507],[-46.3858659,-23.4745918],[-46.3860612,-23.4744516],[-46.3862545,-23.474441],[-46.3864308,-23.4744792],[-46.3866071,-23.4745833],[-46.3866794,-23.4746481]]],[[[-46.3866794,-23.4746481],[-46.3867479,-23.4748188],[-46.3867502,-23.4748992],[-46.386775,-23.4749719],[-46.386757,-23.4750665],[-46.3865497,-23.4752933],[-46.3863905,-23.4755066],[-46.3863725,-23.4757093],[-46.3863935,-23.4758159],[-46.3864926,-23.4759285],[-46.3865903,-23.4759856],[-46.3867239,-23.4760652],[-46.3868921,-23.4762004],[-46.3869687,-23.476325],[-46.387009,-23.476448],[-46.387051,-23.476786],[-46.3870513,-23.4771044],[-46.3870032,-23.4774588],[-46.3869372,-23.4778312],[-46.386799,-23.4781721],[-46.3865027,-23.4788054],[-46.3863746,-23.4791874],[-46.3863312,-23.4794543],[-46.3863638,-23.4796735],[-46.3864397,-23.4798038],[-46.3865092,-23.4799101],[-46.3866546,-23.4800664],[-46.3868347,-23.4802573],[-46.3869628,-23.4804614],[-46.3871104,-23.4807977],[-46.3873947,-23.4812969],[-46.3878613,-23.481974],[-46.3882736,-23.4822583],[-46.3884104,-23.4823148],[-46.38866,-23.48238],[-46.3889963,-23.4823408],[-46.3892785,-23.4822518],[-46.389671,-23.48205],[-46.38982,-23.481976],[-46.3902139,-23.4816967],[-46.3905918,-23.4814651],[-46.3910236,-23.4810551],[-46.3912931,-23.4808276],[-46.3914846,-23.4806925],[-46.3917121,-23.4806181],[-46.3918751,-23.4806084],[-46.3920042,-23.4806151],[-46.3922182,-23.4806737],[-46.3924734,-23.4807766]]],[[[-46.3924734,-23.4807766],[-46.3927,-23.480907],[-46.393089,-23.481173],[-46.394009,-23.481899],[-46.394779,-23.482389],[-46.394989,-23.482574],[-46.395355,-23.482964],[-46.396286,-23.483948],[-46.396523,-23.484201],[-46.396744,-23.484369],[-46.397022,-23.484426],[-46.397175,-23.484434],[-46.397377,-23.484409],[-46.397633,-23.484268],[-46.397778,-23.484064],[-46.397961,-23.483883],[-46.398277,-23.483639],[-46.398617,-23.483315],[-46.399014,-23.482941],[-46.399147,-23.482897],[-46.399223,-23.482899],[-46.399426,-23.482969],[-46.399811,-23.483208],[-46.399948,-23.483339],[-46.400024,-23.483536],[-46.40004,-23.483618],[-46.400059,-23.483767],[-46.400089,-23.483843],[-46.400337,-23.484476],[-46.400425,-23.484655],[-46.400715,-23.485283],[-46.400833,-23.485514],[-46.400909,-23.485739],[-46.400913,-23.486004],[-46.400921,-23.486319],[-46.400894,-23.486391],[-46.400795,-23.486593],[-46.400784,-23.486727],[-46.400871,-23.486931],[-46.400974,-23.486994],[-46.401199,-23.487062],[-46.401466,-23.487068],[-46.401684,-23.48698],[-46.401897,-23.486753],[-46.401917,-23.486595],[-46.401951,-23.486441],[-46.4021466,-23.4863252],[-46.402245,-23.486019],[-46.402573,-23.485777],[-46.402683,-23.485701],[-46.402985,-23.485575],[-46.403103,-23.485369],[-46.403202,-23.485174],[-46.403374,-23.484987],[-46.403522,-23.484943],[-46.40369,-23.484945],[-46.403816,-23.485035],[-46.403984,-23.485357],[-46.404079,-23.48551],[-46.404209,-23.485678],[-46.404388,-23.485834],[-46.40472,-23.486067],[-46.405209,-23.48613],[-46.405586,-23.48612],[-46.405697,-23.486076],[-46.406094,-23.485807],[-46.406261,-23.485609],[-46.406464,-23.485088],[-46.406528,-23.484503],[-46.406567,-23.484095],[-46.406563,-23.483707],[-46.406517,-23.483431],[-46.406254,-23.482737],[-46.406166,-23.482477],[-46.406155,-23.482103],[-46.406174,-23.481672],[-46.406139,-23.481543],[-46.406052,-23.481447],[-46.405937,-23.481373],[-46.405807,-23.481323],[-46.405319,-23.48131],[-46.404663,-23.481459],[-46.404457,-23.481447],[-46.404198,-23.481337],[-46.404034,-23.481199],[-46.403942,-23.480867],[-46.404037,-23.480663],[-46.404144,-23.480566],[-46.404949,-23.479916],[-46.40543,-23.479521],[-46.405643,-23.479206],[-46.405659,-23.479071],[-46.405529,-23.478865],[-46.405296,-23.47872],[-46.405025,-23.47864],[-46.4048,-23.478615],[-46.404526,-23.478554],[-46.404385,-23.47843],[-46.40435,-23.478302],[-46.404438,-23.478111],[-46.40509,-23.477592],[-46.405289,-23.477341],[-46.4053725,-23.477163],[-46.4053809,-23.4769202],[-46.4052953,-23.4766119],[-46.4052911,-23.4763852],[-46.40546,-23.476265],[-46.4057432,-23.4761856],[-46.4058552,-23.4762895],[-46.406071,-23.476515],[-46.4061505,-23.4767927],[-46.406242,-23.477297],[-46.406403,-23.477552],[-46.406498,-23.477674],[-46.406601,-23.477732],[-46.406818,-23.477745],[-46.407253,-23.477549],[-46.408081,-23.476933],[-46.40823,-23.476717],[-46.408314,-23.476393],[-46.40826,-23.47604],[-46.408192,-23.475876],[-46.408077,-23.47579],[-46.407742,-23.475727],[-46.40733,-23.475723],[-46.406933,-23.475662],[-46.406811,-23.475597],[-46.406784,-23.475506],[-46.406822,-23.475401],[-46.407021,-23.475166],[-46.407146,-23.475044],[-46.407345,-23.474962],[-46.407715,-23.474926],[-46.408054,-23.474966],[-46.4082761,-23.4750093],[-46.4085831,-23.4749896],[-46.40926,-23.475201],[-46.409657,-23.475208],[-46.409908,-23.475132],[-46.410091,-23.474827],[-46.410107,-23.474615],[-46.409939,-23.474316],[-46.409725,-23.474134],[-46.409252,-23.473873],[-46.408653,-23.473616],[-46.408112,-23.473385],[-46.407806,-23.473137],[-46.407654,-23.472904],[-46.407578,-23.472687],[-46.407688,-23.472279],[-46.407776,-23.47221]]],[[[-46.407776,-23.47221],[-46.407829,-23.47217],[-46.408028,-23.472136],[-46.408401,-23.472118],[-46.408707,-23.472059],[-46.410053,-23.47164],[-46.410187,-23.471581],[-46.41029,-23.471449],[-46.41032,-23.471178],[-46.410164,-23.470949],[-46.410118,-23.470802],[-46.410126,-23.470697],[-46.410213,-23.47061],[-46.410568,-23.470436],[-46.41074,-23.470415],[-46.410923,-23.470461],[-46.411247,-23.470543],[-46.411514,-23.47053],[-46.411858,-23.47043],[-46.412025,-23.470457],[-46.412243,-23.470581],[-46.412441,-23.470713],[-46.413456,-23.471268],[-46.413849,-23.47159],[-46.414005,-23.471762],[-46.414223,-23.471945],[-46.414852,-23.472366],[-46.415073,-23.472559],[-46.415173,-23.472736],[-46.415173,-23.472866],[-46.4151,-23.472969],[-46.414978,-23.473034],[-46.414333,-23.473166],[-46.414112,-23.473347],[-46.414017,-23.473598],[-46.414036,-23.473858],[-46.414139,-23.473986],[-46.414494,-23.474264],[-46.414928,-23.474382],[-46.415249,-23.474407],[-46.415421,-23.474363],[-46.415592,-23.474203],[-46.416161,-23.472965],[-46.416252,-23.472845],[-46.41647,-23.472708],[-46.41684,-23.472513],[-46.417187,-23.472485],[-46.417484,-23.472536],[-46.417816,-23.472729],[-46.418015,-23.472822],[-46.418224,-23.472998],[-46.4184,-23.473156],[-46.418461,-23.473337],[-46.418488,-23.473707],[-46.418377,-23.47406],[-46.418327,-23.474285],[-46.418423,-23.474398],[-46.41851,-23.474493],[-46.418659,-23.474556],[-46.418846,-23.474581],[-46.419048,-23.474478],[-46.419308,-23.474283],[-46.419544,-23.474066],[-46.419853,-23.473913],[-46.4203,-23.473835],[-46.420628,-23.473801],[-46.420807,-23.473734],[-46.421104,-23.473549],[-46.421329,-23.473274],[-46.421455,-23.473171],[-46.421844,-23.473099],[-46.423275,-23.472982],[-46.424145,-23.472876],[-46.424747,-23.472773],[-46.424969,-23.472704],[-46.425278,-23.472597],[-46.425613,-23.472464],[-46.425976,-23.472263],[-46.426544,-23.472034],[-46.426899,-23.472034],[-46.427219,-23.472122],[-46.427559,-23.472292],[-46.427883,-23.472464],[-46.428032,-23.472563],[-46.428478,-23.472794],[-46.428955,-23.472979],[-46.429482,-23.473284],[-46.429817,-23.473467],[-46.42997,-23.473652],[-46.430088,-23.473967],[-46.430111,-23.474316],[-46.430096,-23.47463],[-46.429985,-23.475033],[-46.42981,-23.475449],[-46.429749,-23.475697],[-46.429749,-23.475922],[-46.429932,-23.476217],[-46.430202,-23.476343],[-46.430511,-23.476379],[-46.430931,-23.476297],[-46.431271,-23.476278],[-46.431564,-23.476389],[-46.431625,-23.476608],[-46.431572,-23.476852],[-46.431427,-23.477049],[-46.431202,-23.47723],[-46.430862,-23.477409],[-46.430706,-23.477612],[-46.430832,-23.477871],[-46.430946,-23.477957],[-46.43111,-23.477999],[-46.431278,-23.477983],[-46.431454,-23.477921],[-46.431904,-23.477701],[-46.43227,-23.477579],[-46.432701,-23.477518],[-46.432838,-23.477484],[-46.43298,-23.477432],[-46.433216,-23.477308],[-46.433365,-23.477032],[-46.433315,-23.476871],[-46.433418,-23.476582],[-46.433537,-23.476355],[-46.433708,-23.476206],[-46.43391,-23.476116],[-46.434547,-23.475986],[-46.434906,-23.475876],[-46.435719,-23.475727],[-46.435986,-23.47574],[-46.436295,-23.475866],[-46.436382,-23.475967],[-46.436459,-23.476271],[-46.436436,-23.476423],[-46.436352,-23.476683],[-46.436241,-23.476971],[-46.436172,-23.477068],[-46.435989,-23.477287],[-46.435757,-23.47748],[-46.435448,-23.477644],[-46.435265,-23.477739],[-46.435043,-23.477901],[-46.434906,-23.478193],[-46.434933,-23.478422],[-46.435078,-23.47858],[-46.435368,-23.478741],[-46.435547,-23.478802],[-46.435707,-23.478844],[-46.436581,-23.479296],[-46.4370472,-23.4795436],[-46.4375575,-23.4797308],[-46.4381167,-23.4798305]]],[[[-46.4381167,-23.4798305],[-46.4386575,-23.4799392],[-46.43898,-23.48004],[-46.439274,-23.48008],[-46.439579,-23.480099],[-46.4397444,-23.4800736],[-46.4400144,-23.4799906],[-46.440202,-23.479824]]]]},"properties":{"name":"Jardim Helena","admin_level":"9"}},{"type":"Feature","geometry":{"type":"MultiPolygon","coordinates":[[[[-46.5813226,-23.5731034],[-46.581481,-23.572839],[-46.581685,-23.572601],[-46.581781,-23.572454],[-46.581799,-23.572388],[-46.581812,-23.572259],[-46.5813785,-23.5717283],[-46.581241,-23.571549],[-46.58122,-23.571437],[-46.581198,-23.571161],[-46.581193,-23.57069],[-46.581274,-23.569858],[-46.5813,-23.569687],[-46.581333,-23.569579],[-46.581392,-23.569494],[-46.581491,-23.569383],[-46.581631,-23.569246],[-46.581774,-23.569128],[-46.581946,-23.569001],[-46.582419,-23.568697],[-46.582518,-23.568609],[-46.585428,-23.56845],[-46.58561,-23.568426],[-46.585759,-23.568365],[-46.586055,-23.568099],[-46.58728,-23.567066],[-46.588433,-23.566059],[-46.588913,-23.565584],[-46.589507,-23.564899],[-46.589381,-23.564695],[-46.588623,-23.563272],[-46.586991,-23.560189],[-46.586558,-23.55935],[-46.585961,-23.558272],[-46.585584,-23.557565],[-46.58543,-23.557253],[-46.585135,-23.556723],[-46.583734,-23.554115],[-46.583664,-23.554021]]],[[[-46.5970016,-23.5817004],[-46.5967166,-23.5816814],[-46.5963566,-23.5816844],[-46.5960806,-23.5817004],[-46.5948286,-23.5818104],[-46.5936786,-23.5818944],[-46.5926426,-23.5819584],[-46.5920196,-23.5819884],[-46.5911556,-23.5820494],[-46.5908616,-23.5820384],[-46.5901188,-23.5820494],[-46.5901356,-23.5819534],[-46.5901664,-23.5818778],[-46.5906156,-23.5809594],[-46.5907186,-23.5807674],[-46.5909006,-23.5803404],[-46.5906236,-23.5806894],[-46.5903226,-23.5809204],[-46.5901026,-23.5810284],[-46.5898086,-23.5811194],[-46.5894656,-23.5811654],[-46.5892226,-23.5811734],[-46.5888376,-23.5810994],[-46.5886266,-23.5810404],[-46.5884086,-23.5809504],[-46.5879026,-23.5806324],[-46.5877496,-23.5804844],[-46.5872646,-23.5798004],[-46.5868577,-23.5791519],[-46.5856876,-23.5773444],[-46.5850946,-23.5764084],[-46.5849296,-23.5760714],[-46.5848436,-23.5757994],[-46.5847836,-23.5755564],[-46.5847617,-23.5753218],[-46.5847636,-23.5749504],[-46.5848096,-23.5746604],[-46.5848396,-23.5745564],[-46.5845626,-23.5745124],[-46.5844746,-23.5744694],[-46.5827906,-23.5737644],[-46.5813226,-23.5731034]]],[[[-46.5970016,-23.5817004],[-46.5988152,-23.5777981],[-46.603893,-23.567145]]],[[[-46.603893,-23.567145],[-46.608099,-23.558321],[-46.608434,-23.557619],[-46.609128,-23.556285],[-46.609379,-23.55585],[-46.6096,-23.555502],[-46.609937,-23.554983],[-46.610221,-23.554583]]],[[[-46.610221,-23.554583],[-46.6115094,-23.5527648],[-46.611672,-23.552537],[-46.614876,-23.547728],[-46.614527,-23.547696],[-46.612964,-23.547608],[-46.612406,-23.547535],[-46.612076,-23.547475],[-46.609827,-23.546941],[-46.608992,-23.546757],[-46.608233,-23.546597],[-46.604451,-23.545851]]],[[[-46.604451,-23.545851],[-46.600995,-23.545159],[-46.59363,-23.543686],[-46.593409,-23.544209],[-46.593255,-23.544495],[-46.593074,-23.54473],[-46.592475,-23.54539],[-46.59239,-23.545504],[-46.592362,-23.54568],[-46.592107,-23.545976],[-46.591154,-23.547036],[-46.58836,-23.550058],[-46.5867599,-23.5514272],[-46.58519,-23.552715],[-46.583664,-23.554021]]]]},"properties":{"name":"Mooca","admin_level":"9"}},{"type":"Feature","geometry":{"type":"MultiPolygon","coordinates":[[[[-46.753196,-23.473204],[-46.753176,-23.473242],[-46.753021,-23.473483],[-46.752926,-23.473666],[-46.752816,-23.473904],[-46.752664,-23.47432],[-46.752552,-23.474648],[-46.752487,-23.474913],[-46.752367,-23.475472],[-46.752373,-23.475544],[-46.752407,-23.475661],[-46.752441,-23.475909],[-46.752445,-23.476053],[-46.752473,-23.476162],[-46.752512,-23.476264],[-46.752556,-23.476353],[-46.752576,-23.476435],[-46.752578,-23.476581],[-46.752559,-23.47672],[-46.75247,-23.477139],[-46.752444,-23.477354],[-46.752443,-23.477421],[-46.752476,-23.477574],[-46.752515,-23.477708],[-46.752766,-23.478429],[-46.752784,-23.478553],[-46.752802,-23.478852],[-46.752825,-23.478995],[-46.752859,-23.479071],[-46.752912,-23.479136],[-46.753027,-23.479217],[-46.753384,-23.479436],[-46.753607,-23.479588],[-46.753642,-23.479622],[-46.753654,-23.479648],[-46.753669,-23.479714],[-46.753676,-23.480067],[-46.753717,-23.480285],[-46.753747,-23.480658],[-46.753773,-23.480722],[-46.753857,-23.480822],[-46.754033,-23.480979],[-46.754295,-23.481165],[-46.754396,-23.481254],[-46.754506,-23.481379],[-46.754661,-23.481506],[-46.754709,-23.481525],[-46.754815,-23.481515],[-46.7549,-23.481483],[-46.755025,-23.48148],[-46.75512,-23.481505],[-46.7548741,-23.4811387],[-46.755222,-23.48158],[-46.755314,-23.481701],[-46.75544,-23.481922],[-46.755474,-23.482031],[-46.7555,-23.482168],[-46.755476,-23.482349],[-46.755447,-23.482469],[-46.755408,-23.482552],[-46.755292,-23.48272],[-46.755214,-23.482792],[-46.755072,-23.48289],[-46.755017,-23.482953],[-46.754937,-23.483065],[-46.754783,-23.483308],[-46.75459,-23.483233],[-46.754345,-23.483124],[-46.7542055,-23.483048],[-46.7541,-23.48323],[-46.75386,-23.483589],[-46.753729,-23.483749],[-46.753674,-23.483801],[-46.753563,-23.483854],[-46.753412,-23.483848],[-46.752944,-23.483806],[-46.752775,-23.483752],[-46.7525726,-23.4836992],[-46.752356,-23.483804],[-46.752269,-23.483825],[-46.752192,-23.483854],[-46.752059,-23.483875],[-46.75196,-23.48388],[-46.751552,-23.483865],[-46.751492,-23.483881],[-46.751262,-23.484038],[-46.750895,-23.484221],[-46.750621,-23.484343],[-46.750408,-23.484472],[-46.750195,-23.484617],[-46.75009,-23.484676],[-46.749335,-23.484924],[-46.748629,-23.48511],[-46.748406,-23.485176],[-46.748192,-23.485218],[-46.748119,-23.485214],[-46.748071,-23.485199],[-46.748002,-23.485164],[-46.747889,-23.485063],[-46.747828,-23.48498],[-46.747691,-23.484915],[-46.747565,-23.484838],[-46.747469,-23.484803],[-46.747349,-23.484778],[-46.7472862,-23.4847731],[-46.747224,-23.484779],[-46.747185,-23.484801],[-46.746967,-23.484986],[-46.74686,-23.485034],[-46.746369,-23.485201],[-46.746121,-23.485261],[-46.745219,-23.485032],[-46.744972,-23.484833],[-46.744851,-23.484747],[-46.7447512,-23.4847104],[-46.7446818,-23.4846928],[-46.7446373,-23.4846815],[-46.744171,-23.484562],[-46.7441426,-23.4844821],[-46.744,-23.484408],[-46.7439473,-23.4843424],[-46.743817,-23.484235],[-46.743754,-23.484199],[-46.743707,-23.484189],[-46.743415,-23.484216],[-46.743105,-23.484214],[-46.742964,-23.484184],[-46.742843,-23.484148],[-46.742723,-23.4841],[-46.742495,-23.484161],[-46.741962,-23.484272],[-46.741745,-23.484337],[-46.741573,-23.484427],[-46.741391,-23.484548],[-46.740727,-23.485103],[-46.740207,-23.4854682],[-46.7399151,-23.4856732],[-46.739538,-23.485938],[-46.73933,-23.486068],[-46.739178,-23.486144],[-46.738718,-23.486331],[-46.7386797,-23.4863444],[-46.738429,-23.486432],[-46.738146,-23.48651],[-46.737795,-23.486594],[-46.7372,-23.486773],[-46.737107,-23.487212],[-46.736996,-23.48758],[-46.736824,-23.488015],[-46.736608,-23.488484],[-46.736454,-23.488769],[-46.736194,-23.489186],[-46.735865,-23.489661],[-46.735293,-23.490402],[-46.734104,-23.491764],[-46.732918,-23.493077],[-46.731799,-23.494283],[-46.730592,-23.495938],[-46.72903,-23.498294],[-46.728489,-23.499094],[-46.72805,-23.499705],[-46.727666,-23.500193],[-46.727383,-23.500538],[-46.727155,-23.500803],[-46.726636,-23.501376],[-46.723944,-23.504332],[-46.722574,-23.505942],[-46.721695,-23.506935],[-46.721121,-23.507611],[-46.720797,-23.50804],[-46.720706,-23.508215],[-46.720643,-23.508399],[-46.72043,-23.50926]]],[[[-46.753196,-23.473204],[-46.753241,-23.473121],[-46.753294,-23.472861],[-46.753352,-23.472741],[-46.753372,-23.472496],[-46.75335,-23.472246],[-46.753291,-23.472109],[-46.753259,-23.471831],[-46.753288,-23.471523],[-46.753278,-23.471272],[-46.753187,-23.470476],[-46.753136,-23.469846],[-46.753099,-23.469559],[-46.75309,-23.469232],[-46.753108,-23.469009],[-46.752539,-23.469319],[-46.7524568,-23.469349],[-46.75235,-23.469343],[-46.751937,-23.469312],[-46.751816,-23.46931],[-46.75176,-23.469317],[-46.751444,-23.468806],[-46.751247,-23.46852],[-46.750978,-23.468188],[-46.75088,-23.468077],[-46.750697,-23.467909],[-46.750659,-23.467854],[-46.750622,-23.467603],[-46.750595,-23.467538],[-46.750554,-23.467476],[-46.7505445,-23.4674693],[-46.75049,-23.467431],[-46.750197,-23.467342],[-46.750532,-23.466514],[-46.749922,-23.466339],[-46.749016,-23.466039],[-46.748509,-23.46594],[-46.747963,-23.46575],[-46.747702,-23.465697],[-46.747324,-23.465666],[-46.74669,-23.46559],[-46.746378,-23.46562],[-46.745598,-23.465788],[-46.745664,-23.465959],[-46.745742,-23.466283],[-46.745802,-23.466753],[-46.745809,-23.467061],[-46.745789,-23.467348],[-46.74575,-23.467595],[-46.745698,-23.467831],[-46.745631,-23.468061],[-46.745567,-23.468236],[-46.745431,-23.468549],[-46.745311,-23.468766],[-46.74517,-23.468981],[-46.745037,-23.469153],[-46.736162,-23.462626],[-46.718944,-23.458192],[-46.719003,-23.457982],[-46.719073,-23.457772],[-46.719262,-23.457264],[-46.71933,-23.457161],[-46.719381,-23.457118],[-46.71945,-23.457087],[-46.719557,-23.457059],[-46.719654,-23.457054],[-46.719964,-23.457066],[-46.7201024,-23.4570558],[-46.7202132,-23.4570184],[-46.720306,-23.456987],[-46.7204098,-23.456922],[-46.7204395,-23.4568782],[-46.7204611,-23.4568368],[-46.7204864,-23.4567596],[-46.720496,-23.45666],[-46.720486,-23.456441],[-46.7204683,-23.4563212],[-46.7204453,-23.4561735],[-46.7203984,-23.4559585],[-46.7202893,-23.4554183],[-46.7202193,-23.4550719],[-46.7202123,-23.4550372],[-46.720131,-23.454677],[-46.720105,-23.4545539],[-46.720021,-23.454358],[-46.7199257,-23.4542186],[-46.719804,-23.4541003],[-46.7196935,-23.4540419],[-46.7193176,-23.4538533],[-46.7191135,-23.4537425],[-46.7189046,-23.4536178],[-46.718815,-23.4535289],[-46.7187807,-23.45347],[-46.7187661,-23.453409],[-46.718754,-23.4533],[-46.7186318,-23.4528093],[-46.718311,-23.452698],[-46.7182211,-23.452679],[-46.718025,-23.452627],[-46.717831,-23.452549],[-46.717739,-23.452486],[-46.717615,-23.452366],[-46.71751,-23.45225],[-46.717455,-23.452151],[-46.717395,-23.452102],[-46.717314,-23.452063],[-46.717163,-23.45202],[-46.716628,-23.451896],[-46.716395,-23.451795],[-46.716021,-23.451525],[-46.715852,-23.451217],[-46.715824,-23.451128],[-46.715808,-23.450914],[-46.715861,-23.450565],[-46.71563,-23.450628],[-46.715436,-23.450659],[-46.71465,-23.450738],[-46.714505,-23.450774],[-46.714378,-23.450819],[-46.714267,-23.450871],[-46.714177,-23.450924],[-46.714078,-23.451008],[-46.713996,-23.45115],[-46.713117,-23.45227],[-46.712678,-23.452825],[-46.712156,-23.453466],[-46.712015,-23.453604],[-46.711854,-23.453838],[-46.711829,-23.453906],[-46.711798,-23.454035],[-46.711798,-23.4541],[-46.711868,-23.454257],[-46.711928,-23.454348],[-46.712061,-23.454521]]],[[[-46.712061,-23.454521],[-46.712114,-23.454584],[-46.712449,-23.455099],[-46.712508,-23.455176],[-46.712722,-23.4554],[-46.712836,-23.455511],[-46.712946,-23.455599],[-46.713132,-23.455735],[-46.713408,-23.455919],[-46.713545,-23.456036],[-46.713693,-23.45622],[-46.714041,-23.456886],[-46.714192,-23.457149],[-46.71434,-23.457375],[-46.714599,-23.457706],[-46.714687,-23.457801],[-46.714814,-23.457966],[-46.714863,-23.458051],[-46.714937,-23.45821],[-46.714978,-23.458337],[-46.714993,-23.458412],[-46.715012,-23.458617],[-46.715023,-23.459007],[-46.715049,-23.459072],[-46.715304,-23.459452],[-46.715367,-23.4595665],[-46.715401,-23.459668],[-46.715416,-23.459768],[-46.7154,-23.460054],[-46.715358,-23.46047],[-46.715344,-23.460561],[-46.715211,-23.460922],[-46.714962,-23.461376],[-46.714816,-23.461572],[-46.714523,-23.4619],[-46.714371,-23.462107],[-46.7142988,-23.4622612]]],[[[-46.7142988,-23.4622612],[-46.714106,-23.462791],[-46.714006,-23.463099],[-46.71378,-23.4638541],[-46.7137058,-23.4639933],[-46.7136298,-23.4641173],[-46.7135521,-23.4641846],[-46.713396,-23.4642982],[-46.7133059,-23.4643524],[-46.7131702,-23.4644839],[-46.7131466,-23.4645602],[-46.71305,-23.464672],[-46.712976,-23.464774],[-46.712939,-23.464883],[-46.712855,-23.465084],[-46.712739,-23.465304],[-46.71257,-23.465591],[-46.712408,-23.466003],[-46.712206,-23.466478],[-46.712029,-23.46685],[-46.711862,-23.467462],[-46.711818,-23.467709],[-46.711789,-23.468214],[-46.711822,-23.468776],[-46.711819,-23.468879],[-46.711805,-23.46892],[-46.711773,-23.468969],[-46.711738,-23.468999],[-46.711726,-23.469026],[-46.711737,-23.46908],[-46.711735,-23.469117],[-46.711723,-23.469154],[-46.711695,-23.469198],[-46.711666,-23.469292],[-46.71169,-23.469349],[-46.711691,-23.469392],[-46.711659,-23.469447],[-46.711593,-23.469524],[-46.711294,-23.469772],[-46.711148,-23.469828],[-46.710972,-23.469869],[-46.7106582,-23.4699202]]],[[[-46.7106582,-23.4699202],[-46.7107406,-23.470124],[-46.7108552,-23.4705932],[-46.7109357,-23.4709007],[-46.7110395,-23.4714845],[-46.71105,-23.4716227],[-46.7110131,-23.4718025],[-46.7108085,-23.4720612],[-46.710635,-23.4722453],[-46.7105222,-23.4723187],[-46.7104055,-23.4723771],[-46.7103674,-23.4724632],[-46.7103052,-23.4725613],[-46.71016,-23.472925],[-46.710094,-23.473246],[-46.710108,-23.473414],[-46.710172,-23.473627],[-46.710285,-23.473765],[-46.710417,-23.473977]]],[[[-46.710417,-23.473977],[-46.710592,-23.474331],[-46.7106152,-23.4744116],[-46.710639,-23.474494],[-46.710633,-23.474614],[-46.710601,-23.47488],[-46.710522,-23.475336],[-46.710447,-23.475745],[-46.710388,-23.475904],[-46.710339,-23.475973],[-46.710079,-23.476178],[-46.709826,-23.476338],[-46.709328,-23.476731],[-46.709206,-23.476794],[-46.708928,-23.476966],[-46.708401,-23.477368],[-46.707858,-23.477896],[-46.707422,-23.478091],[-46.707157,-23.478218]]],[[[-46.707157,-23.478218],[-46.707298,-23.478394],[-46.70738,-23.478517],[-46.707451,-23.47866],[-46.707531,-23.478862],[-46.708186,-23.481078],[-46.708229,-23.48127],[-46.708252,-23.481418],[-46.708259,-23.481618],[-46.708207,-23.482015],[-46.708157,-23.482328],[-46.70815,-23.48253],[-46.708171,-23.48267],[-46.708208,-23.482806],[-46.70826,-23.48295],[-46.708371,-23.483134],[-46.709482,-23.484798],[-46.709851,-23.485245],[-46.710402,-23.485823],[-46.710534,-23.485979],[-46.710616,-23.486124],[-46.710658,-23.486239],[-46.710696,-23.486404],[-46.710717,-23.486559],[-46.71071,-23.486794],[-46.710678,-23.487041],[-46.710553,-23.487788],[-46.7103152,-23.4892331],[-46.71015,-23.489915],[-46.709808,-23.492306],[-46.709738,-23.492717],[-46.709673,-23.493046],[-46.709602,-23.493239],[-46.709533,-23.493392],[-46.70942,-23.493594],[-46.709084,-23.494112],[-46.7088786,-23.4943919],[-46.707613,-23.496225],[-46.707347,-23.496668],[-46.7072355,-23.4969039],[-46.707034,-23.49733],[-46.7069221,-23.4977011],[-46.706909,-23.497754],[-46.7069042,-23.4977781],[-46.7068797,-23.4979006],[-46.706819,-23.4982049],[-46.706807,-23.498265],[-46.7067931,-23.4983926],[-46.7067852,-23.4984469],[-46.7067723,-23.4985689],[-46.706723,-23.499037],[-46.7066183,-23.4998401],[-46.7065271,-23.50054],[-46.706473,-23.500955],[-46.7064439,-23.5012662],[-46.706382,-23.501593],[-46.706325,-23.502099],[-46.7061366,-23.5052493],[-46.706104,-23.50531],[-46.706081,-23.50552],[-46.706034,-23.505775],[-46.7058835,-23.5063987],[-46.7058726,-23.5065564],[-46.7058358,-23.5067876],[-46.705783,-23.50716],[-46.7056673,-23.5084424]]],[[[-46.7056673,-23.5084424],[-46.7056412,-23.5087318]]],[[[-46.7056412,-23.5087318],[-46.705882,-23.508755],[-46.706395,-23.508796],[-46.706801,-23.508802],[-46.707224,-23.508789],[-46.71318,-23.508356],[-46.71625,-23.508109],[-46.717088,-23.508067],[-46.717436,-23.508086],[-46.717898,-23.50814],[-46.718339,-23.508242],[-46.718906,-23.508413],[-46.719171,-23.508523],[-46.719466,-23.508659],[-46.720123,-23.509032],[-46.720362,-23.509199],[-46.72043,-23.50926]]]]},"properties":{"name":"Pirituba","admin_level":"9"}},{"type":"Feature","geometry":{"type":"MultiPolygon","coordinates":[[[[-46.5106634,-23.6226314],[-46.5108223,-23.6224133],[-46.5109297,-23.6223054],[-46.5110196,-23.62223],[-46.5112502,-23.6221444],[-46.5113504,-23.622097],[-46.5114919,-23.6219911],[-46.5116285,-23.6218447],[-46.5116964,-23.6216132]]],[[[-46.5104136,-23.6229829],[-46.510451,-23.622923],[-46.5106634,-23.6226314]]],[[[-46.5099264,-23.6237224],[-46.5099845,-23.6236683],[-46.5100327,-23.6236054],[-46.5104136,-23.6229829]]],[[[-46.5052793,-23.6257056],[-46.5055202,-23.62574],[-46.5058319,-23.6257843],[-46.5062347,-23.6257841],[-46.5062957,-23.6257726],[-46.5063454,-23.6257541],[-46.5065622,-23.6256266],[-46.506629,-23.625595],[-46.5070649,-23.6254435],[-46.5072955,-23.6253648],[-46.5074095,-23.6253063],[-46.5075477,-23.6252251],[-46.5082437,-23.6247016],[-46.5084717,-23.6245396],[-46.5086273,-23.6244363],[-46.5087909,-23.6243428],[-46.5099264,-23.6237224]]],[[[-46.5038455,-23.6255636],[-46.5045194,-23.6256344],[-46.5050424,-23.6256642],[-46.5052793,-23.6257056]]],[[[-46.4978047,-23.6248103],[-46.4978809,-23.6247768],[-46.4979419,-23.6247307],[-46.4980066,-23.6246723],[-46.4982039,-23.6244478],[-46.4984013,-23.6241879],[-46.4986123,-23.6238699],[-46.4986532,-23.6238346],[-46.4987007,-23.6237963],[-46.4987662,-23.623772],[-46.4988481,-23.6237608],[-46.499733,-23.6237938],[-46.499902,-23.6238109],[-46.500071,-23.6238244],[-46.5002037,-23.6238318],[-46.5003137,-23.6238281],[-46.500409,-23.6238429],[-46.5005351,-23.6239006],[-46.5006879,-23.6240001],[-46.5007925,-23.6240628],[-46.5008985,-23.6241709],[-46.5009963,-23.6243184],[-46.501168,-23.624499],[-46.5012954,-23.6245936],[-46.5014099,-23.6246611],[-46.5016481,-23.6247662],[-46.5022356,-23.6250188],[-46.5023462,-23.6251023],[-46.5024689,-23.6251901],[-46.502544,-23.6252485],[-46.5027063,-23.6253407],[-46.5027995,-23.6253807],[-46.5029402,-23.6254101],[-46.5031136,-23.6254427],[-46.5032534,-23.6254574],[-46.5033996,-23.6254832],[-46.5037215,-23.6255563],[-46.5038455,-23.6255636]]],[[[-46.4855219,-23.6229918],[-46.4857235,-23.6229788],[-46.4858332,-23.6229788],[-46.4862896,-23.6228904],[-46.4865959,-23.6228469],[-46.4867069,-23.6228685],[-46.4867881,-23.6229059],[-46.4868705,-23.6229803],[-46.486998,-23.6231579],[-46.4870395,-23.623242],[-46.4870914,-23.6232896],[-46.4873041,-23.6234602],[-46.4876358,-23.6237432],[-46.4878274,-23.6239012],[-46.487945,-23.6240084],[-46.4880225,-23.6240524],[-46.4881225,-23.6240669],[-46.4882381,-23.6240644],[-46.4883476,-23.6240475],[-46.4884461,-23.6240203],[-46.4885327,-23.6240013],[-46.4886219,-23.6239894],[-46.4887168,-23.6239868],[-46.4888461,-23.6240218],[-46.4889558,-23.6240508],[-46.4890897,-23.6240782],[-46.4893636,-23.6241737],[-46.4894675,-23.6242129],[-46.4895302,-23.6242585],[-46.4895974,-23.6242987],[-46.4896301,-23.6243461],[-46.4896565,-23.6244048],[-46.4896764,-23.6244598],[-46.4897013,-23.6245208],[-46.489729,-23.6245772],[-46.489754,-23.6246105],[-46.4897831,-23.6246563],[-46.4899124,-23.6247176],[-46.4900412,-23.624735],[-46.4901791,-23.6247159],[-46.4902841,-23.624739],[-46.4903915,-23.6247494],[-46.4905055,-23.6247326],[-46.4905943,-23.6246723],[-46.4909414,-23.6245683],[-46.4910912,-23.6245164],[-46.4912466,-23.6244566],[-46.491363,-23.6244233],[-46.4916105,-23.6243901],[-46.4917611,-23.6243865],[-46.4918803,-23.6243669],[-46.4920051,-23.6243336],[-46.4921004,-23.6243128],[-46.4921798,-23.624292],[-46.492241,-23.62429],[-46.4923581,-23.6242848],[-46.4924271,-23.6242965],[-46.4924657,-23.6243298],[-46.4925814,-23.624415],[-46.492629,-23.6244857],[-46.4926653,-23.6245481],[-46.4927061,-23.6245959],[-46.4927515,-23.6246312],[-46.4928014,-23.6246665],[-46.49284,-23.6247185],[-46.4928763,-23.6247726],[-46.492899,-23.6248121],[-46.4931372,-23.6252881],[-46.4931713,-23.6253463],[-46.4932166,-23.6253775],[-46.4932711,-23.6253837],[-46.4933618,-23.6253775],[-46.4934639,-23.6253671],[-46.493527,-23.6253555],[-46.4935858,-23.6253541],[-46.493643,-23.6253509],[-46.4936844,-23.6253437],[-46.493723,-23.6253354],[-46.4937775,-23.6253208],[-46.4938206,-23.6253291],[-46.4938795,-23.6253458],[-46.4939544,-23.6253478],[-46.4940089,-23.6253312],[-46.494389,-23.6251156],[-46.4945726,-23.6249496],[-46.4945836,-23.6248752],[-46.4946085,-23.624817],[-46.4946834,-23.6247464],[-46.4948325,-23.6246349],[-46.4948778,-23.624612],[-46.4949935,-23.6245954],[-46.4951063,-23.6245973],[-46.4951984,-23.6245802],[-46.4955971,-23.6244083],[-46.495779,-23.6243562],[-46.4958728,-23.6243531],[-46.4959658,-23.6243776],[-46.4960798,-23.6244084],[-46.4962255,-23.6244686],[-46.496314,-23.6245101],[-46.4964343,-23.62456],[-46.4965883,-23.6246251],[-46.4967311,-23.6246829],[-46.4969138,-23.6247475],[-46.4970642,-23.6247962],[-46.4972015,-23.6248312],[-46.4973492,-23.6248634],[-46.4974692,-23.6248687],[-46.4975992,-23.6248614],[-46.4977047,-23.6248411],[-46.4978047,-23.6248103]]],[[[-46.4839248,-23.6239166],[-46.484075,-23.6239123],[-46.4841778,-23.6238955],[-46.4844523,-23.6237535],[-46.4845218,-23.6236869],[-46.4847633,-23.6232367],[-46.4849553,-23.6230472],[-46.485052,-23.6230037],[-46.4851807,-23.6229803],[-46.4855219,-23.6229918]]],[[[-46.5068236,-23.5899956],[-46.5068334,-23.5902612],[-46.5068367,-23.5907327],[-46.5068529,-23.5912013],[-46.5068497,-23.5934516],[-46.505591,-23.593981],[-46.503594,-23.59487],[-46.50271,-23.595252],[-46.502695,-23.59539],[-46.502344,-23.596159],[-46.502068,-23.596244],[-46.501762,-23.596357],[-46.500527,-23.596863],[-46.500316,-23.596464],[-46.499615,-23.5967],[-46.498751,-23.596943],[-46.498461,-23.596586],[-46.498352,-23.596697],[-46.498299,-23.596739],[-46.498241,-23.596744],[-46.497998,-23.596719],[-46.497908,-23.596696],[-46.497764,-23.596623],[-46.497644,-23.596514],[-46.497506,-23.596361],[-46.497274,-23.596136],[-46.497162,-23.596051],[-46.497021,-23.595909],[-46.49696,-23.595833],[-46.496908,-23.595701],[-46.496815,-23.595632],[-46.496664,-23.595496],[-46.496493,-23.595456],[-46.496326,-23.595395],[-46.496174,-23.595321],[-46.495632,-23.595415],[-46.495597,-23.595409],[-46.4952552,-23.5954129],[-46.4951887,-23.5954308],[-46.495186,-23.59549],[-46.495242,-23.596246],[-46.495283,-23.596591],[-46.495338,-23.596834],[-46.495436,-23.597176],[-46.495651,-23.597824],[-46.495777,-23.598144],[-46.496019,-23.598658],[-46.496226,-23.599043],[-46.496294,-23.599148],[-46.4960061,-23.5992853],[-46.4969,-23.602996],[-46.496722,-23.60335],[-46.496555,-23.60378],[-46.496508,-23.603864],[-46.496463,-23.60399],[-46.496434,-23.604161],[-46.496422,-23.604345],[-46.496445,-23.604519],[-46.49648,-23.604665],[-46.496941,-23.606421],[-46.49717,-23.607472],[-46.497254,-23.607774],[-46.497319,-23.607947],[-46.497373,-23.608066],[-46.497541,-23.608378],[-46.497631,-23.608497],[-46.497738,-23.608614],[-46.498155,-23.609029],[-46.49845,-23.609309],[-46.498583,-23.609424],[-46.498757,-23.609542],[-46.498953,-23.609632],[-46.499266,-23.609732],[-46.500059,-23.610794],[-46.493789,-23.608432],[-46.4934,-23.608303],[-46.492009,-23.60792],[-46.4910354,-23.6076991],[-46.487108,-23.606808],[-46.486707,-23.606747],[-46.486535,-23.606752],[-46.486379,-23.606773],[-46.486216,-23.606815],[-46.486037,-23.606896],[-46.485873,-23.60703],[-46.485657,-23.607257],[-46.484641,-23.608494],[-46.484218,-23.610459],[-46.484329,-23.610396],[-46.484461,-23.61034],[-46.484698,-23.610285],[-46.484863,-23.610255],[-46.485073,-23.610242],[-46.485233,-23.610248],[-46.485384,-23.610265],[-46.485587,-23.610311],[-46.4858,-23.610384],[-46.485975,-23.610464],[-46.485244,-23.613187],[-46.485175,-23.61353],[-46.485111,-23.613695],[-46.484813,-23.614804],[-46.484616,-23.615498],[-46.484578,-23.615606],[-46.484215,-23.616044],[-46.483594,-23.617239],[-46.48358,-23.617392],[-46.483649,-23.617709],[-46.483706,-23.617923],[-46.48374,-23.618205],[-46.483722,-23.618348],[-46.483696,-23.618451],[-46.483507,-23.618874],[-46.483496,-23.618924],[-46.483486,-23.619742],[-46.483465,-23.62032],[-46.483455,-23.620413],[-46.483288,-23.621068],[-46.483282,-23.621196],[-46.483294,-23.621289],[-46.483386,-23.621559],[-46.483549,-23.622098],[-46.483625,-23.6223],[-46.483664,-23.622474],[-46.483657,-23.622759],[-46.48368,-23.622942],[-46.4839248,-23.6239166]]],[[[-46.528115,-23.584336],[-46.528048,-23.584362],[-46.527878,-23.584484],[-46.527479,-23.584798],[-46.527076,-23.585103],[-46.526957,-23.585158],[-46.5258044,-23.5851363],[-46.525311,-23.585097],[-46.5247231,-23.5850106],[-46.522356,-23.58478],[-46.521063,-23.584648],[-46.520972,-23.584652],[-46.52086,-23.584699],[-46.520404,-23.58496],[-46.519922,-23.585222],[-46.519732,-23.58531],[-46.519359,-23.585455],[-46.518459,-23.585783],[-46.518291,-23.585877],[-46.518133,-23.585983],[-46.517793,-23.586275],[-46.516895,-23.587004],[-46.516803,-23.587064],[-46.5166705,-23.5871136],[-46.5166084,-23.5871385],[-46.51625,-23.587192],[-46.515979,-23.587186],[-46.515785,-23.587159],[-46.515637,-23.587117],[-46.514731,-23.586783],[-46.514613,-23.586749],[-46.514358,-23.586695],[-46.514135,-23.58668],[-46.513746,-23.586685],[-46.513504,-23.586719],[-46.513317,-23.586756],[-46.513147,-23.58681],[-46.512841,-23.586928],[-46.512586,-23.58708],[-46.512378,-23.587234],[-46.511586,-23.587887],[-46.510244,-23.588975],[-46.510154,-23.589032],[-46.509795,-23.589224],[-46.509736,-23.589252],[-46.509404,-23.589361],[-46.509274,-23.589391],[-46.508999,-23.589444],[-46.508661,-23.589493],[-46.5079162,-23.5896508],[-46.507422,-23.589774],[-46.5070699,-23.5899017],[-46.5068236,-23.5899956]]],[[[-46.528115,-23.584336],[-46.528223,-23.584293],[-46.53125,-23.583386],[-46.5315802,-23.5833089],[-46.5318575,-23.5832949],[-46.5320101,-23.5833455],[-46.532251,-23.5834495],[-46.533568,-23.5840849],[-46.5337246,-23.5841243],[-46.5338858,-23.5841112],[-46.5341095,-23.584067],[-46.534475,-23.583974]]],[[[-46.5228191,-23.6138086],[-46.5228441,-23.6136108],[-46.52287,-23.613469],[-46.5229028,-23.6133843],[-46.522932,-23.613322],[-46.523012,-23.613194],[-46.523095,-23.6131],[-46.523498,-23.612686],[-46.5237634,-23.6124113],[-46.5238586,-23.6123104],[-46.5241322,-23.6118781],[-46.5243,-23.6117162],[-46.524591,-23.6115916],[-46.5247477,-23.611465],[-46.5248149,-23.611375],[-46.524906,-23.6111547],[-46.5249279,-23.6109982],[-46.5249151,-23.6108594],[-46.5248773,-23.6107161],[-46.52469,-23.610201],[-46.524613,-23.609981],[-46.524379,-23.609567],[-46.524273,-23.609431],[-46.524116,-23.609265],[-46.523793,-23.609001],[-46.523677,-23.608874],[-46.523564,-23.608729],[-46.523487,-23.608596],[-46.523311,-23.60825],[-46.52319,-23.60799],[-46.522974,-23.60762],[-46.522802,-23.607351],[-46.522579,-23.607067],[-46.521899,-23.606318],[-46.521981,-23.60618],[-46.522712,-23.605194],[-46.523165,-23.604599],[-46.523303,-23.604394],[-46.523387,-23.604284],[-46.523688,-23.604012],[-46.52375,-23.603978],[-46.523809,-23.603958],[-46.523881,-23.60396],[-46.5248756,-23.6042267],[-46.5250237,-23.6042567],[-46.525154,-23.604256],[-46.52527,-23.60422],[-46.525391,-23.604135],[-46.525762,-23.603799],[-46.526193,-23.603394],[-46.526272,-23.603336],[-46.526372,-23.603292],[-46.526734,-23.603205],[-46.526687,-23.603125],[-46.525915,-23.601615],[-46.526015,-23.601575],[-46.526379,-23.601386],[-46.527017,-23.600954],[-46.52768,-23.600465],[-46.528146,-23.600151],[-46.528421,-23.599981],[-46.528675,-23.599843],[-46.5291,-23.599655],[-46.529333,-23.599565],[-46.5297301,-23.5994484],[-46.5302237,-23.5992915],[-46.534319,-23.597994],[-46.53466,-23.597879],[-46.534912,-23.597768],[-46.535225,-23.597614],[-46.535661,-23.597329],[-46.535811,-23.597204],[-46.536328,-23.596701],[-46.535202,-23.594306],[-46.5329955,-23.5894679],[-46.5329061,-23.5892794],[-46.5325406,-23.5885406],[-46.532352,-23.58815],[-46.53228,-23.588017],[-46.532322,-23.587712],[-46.532359,-23.587561],[-46.532407,-23.587436],[-46.532519,-23.587226],[-46.533193,-23.586087],[-46.533455,-23.585605],[-46.533629,-23.585256],[-46.533858,-23.584751],[-46.533929,-23.584633],[-46.5341194,-23.5843906],[-46.534145,-23.584358],[-46.5341596,-23.5843408],[-46.5342889,-23.5841881],[-46.5343153,-23.5841577],[-46.534475,-23.583974]]],[[[-46.5151188,-23.618236],[-46.5151853,-23.6182224],[-46.5152741,-23.618215],[-46.5157394,-23.6182168],[-46.5159473,-23.6182277],[-46.5160582,-23.6182023],[-46.5163018,-23.6181316],[-46.5165507,-23.6180663],[-46.5172694,-23.6178048],[-46.5175665,-23.6176003],[-46.5176774,-23.6174716],[-46.5177641,-23.6173628],[-46.5178532,-23.6172471],[-46.5179448,-23.6170997],[-46.5181279,-23.6167822],[-46.5181799,-23.6166666],[-46.5182195,-23.6165418],[-46.5183408,-23.6161926],[-46.5183729,-23.6161404],[-46.518415,-23.6160996],[-46.5185041,-23.6160429],[-46.5194472,-23.6155213],[-46.5195541,-23.6154777],[-46.5197176,-23.6154219],[-46.5198316,-23.6153952],[-46.5200027,-23.6153836],[-46.5203085,-23.6153372],[-46.5205882,-23.6152669],[-46.5207714,-23.6151943],[-46.5208951,-23.6151308],[-46.5210114,-23.6150311],[-46.5210882,-23.6149018],[-46.5211773,-23.6147136],[-46.5213456,-23.6142214],[-46.5214248,-23.6140831],[-46.5215114,-23.6139788],[-46.5216203,-23.6138971],[-46.5217738,-23.6138336],[-46.5219248,-23.6137837],[-46.5221104,-23.6137452],[-46.5222639,-23.6137293],[-46.5224148,-23.6137316],[-46.5224964,-23.613738],[-46.5225584,-23.6137429],[-46.5226335,-23.6137332],[-46.5227012,-23.6137445],[-46.5228191,-23.6138086]]],[[[-46.5146586,-23.6183684],[-46.5147713,-23.6183318],[-46.514966,-23.618268],[-46.5151188,-23.618236]]],[[[-46.5116964,-23.6216132],[-46.5117452,-23.6214889],[-46.5118419,-23.6212444],[-46.5119764,-23.6210094],[-46.5122209,-23.6205534],[-46.5124122,-23.6202877],[-46.5125688,-23.6200585],[-46.5126825,-23.6198854],[-46.5129774,-23.6193204],[-46.5132069,-23.6190091],[-46.5133191,-23.618885],[-46.5134119,-23.6188142],[-46.5135047,-23.6187398],[-46.5136401,-23.618676],[-46.5137724,-23.6186334],[-46.513955,-23.6185715],[-46.5143555,-23.6184634],[-46.5146586,-23.6183684]]]]},"properties":{"name":"Sapopemba","admin_level":"9"}},{"type":"Feature","geometry":{"type":"MultiPolygon","coordinates":[[[[-46.771627,-23.473715],[-46.771433,-23.473658],[-46.771233,-23.473529],[-46.771081,-23.473513],[-46.770935,-23.473506],[-46.770609,-23.473571],[-46.770365,-23.473661],[-46.770117,-23.473834],[-46.769832,-23.474099],[-46.769268,-23.474698],[-46.768993,-23.475019],[-46.768667,-23.475376],[-46.768369,-23.475693],[-46.768065,-23.476077],[-46.767098,-23.4759],[-46.766826,-23.475861],[-46.766599,-23.475851],[-46.766466,-23.47583],[-46.766362,-23.475788],[-46.765998,-23.475528],[-46.76589,-23.476676],[-46.765366,-23.4767021],[-46.764794,-23.475981],[-46.764148,-23.475099],[-46.762363,-23.473909],[-46.762088,-23.473879],[-46.761709,-23.473798],[-46.761466,-23.473705],[-46.761186,-23.473575],[-46.761026,-23.473455],[-46.760822,-23.473194],[-46.760704,-23.473014]]],[[[-46.760704,-23.473014],[-46.760596,-23.472926],[-46.760537,-23.472911],[-46.760374,-23.472924],[-46.759861,-23.473023],[-46.75957,-23.473056],[-46.759268,-23.473056],[-46.758991,-23.473048],[-46.758691,-23.473025],[-46.758445,-23.472997],[-46.758227,-23.472995],[-46.758062,-23.473019],[-46.757639,-23.473165],[-46.757493,-23.47318],[-46.756942,-23.473147],[-46.756826,-23.473157],[-46.756628,-23.473192],[-46.756162,-23.473324],[-46.755735,-23.473429],[-46.755469,-23.473473],[-46.755059,-23.473574],[-46.754864,-23.473652],[-46.754572,-23.473754],[-46.754454,-23.473766],[-46.75436,-23.473749],[-46.754219,-23.473679],[-46.753855,-23.473491],[-46.753696,-23.473397],[-46.753196,-23.473204]]],[[[-46.753196,-23.473204],[-46.753176,-23.473242],[-46.753021,-23.473483],[-46.752926,-23.473666],[-46.752816,-23.473904],[-46.752664,-23.47432],[-46.752552,-23.474648],[-46.752487,-23.474913],[-46.752367,-23.475472],[-46.752373,-23.475544],[-46.752407,-23.475661],[-46.752441,-23.475909],[-46.752445,-23.476053],[-46.752473,-23.476162],[-46.752512,-23.476264],[-46.752556,-23.476353],[-46.752576,-23.476435],[-46.752578,-23.476581],[-46.752559,-23.47672],[-46.75247,-23.477139],[-46.752444,-23.477354],[-46.752443,-23.477421],[-46.752476,-23.477574],[-46.752515,-23.477708],[-46.752766,-23.478429],[-46.752784,-23.478553],[-46.752802,-23.478852],[-46.752825,-23.478995],[-46.752859,-23.479071],[-46.752912,-23.479136],[-46.753027,-23.479217],[-46.753384,-23.479436],[-46.753607,-23.479588],[-46.753642,-23.479622],[-46.753654,-23.479648],[-46.753669,-23.479714],[-46.753676,-23.480067],[-46.753717,-23.480285],[-46.753747,-23.480658],[-46.753773,-23.480722],[-46.753857,-23.480822],[-46.754033,-23.480979],[-46.754295,-23.481165],[-46.754396,-23.481254],[-46.754506,-23.481379],[-46.754661,-23.481506],[-46.754709,-23.481525],[-46.754815,-23.481515],[-46.7549,-23.481483],[-46.755025,-23.48148],[-46.75512,-23.481505],[-46.7548741,-23.4811387],[-46.755222,-23.48158],[-46.755314,-23.481701],[-46.75544,-23.481922],[-46.755474,-23.482031],[-46.7555,-23.482168],[-46.755476,-23.482349],[-46.755447,-23.482469],[-46.755408,-23.482552],[-46.755292,-23.48272],[-46.755214,-23.482792],[-46.755072,-23.48289],[-46.755017,-23.482953],[-46.754937,-23.483065],[-46.754783,-23.483308],[-46.75459,-23.483233],[-46.754345,-23.483124],[-46.7542055,-23.483048],[-46.7541,-23.48323],[-46.75386,-23.483589],[-46.753729,-23.483749],[-46.753674,-23.483801],[-46.753563,-23.483854],[-46.753412,-23.483848],[-46.752944,-23.483806],[-46.752775,-23.483752],[-46.7525726,-23.4836992],[-46.752356,-23.483804],[-46.752269,-23.483825],[-46.752192,-23.483854],[-46.752059,-23.483875],[-46.75196,-23.48388],[-46.751552,-23.483865],[-46.751492,-23.483881],[-46.751262,-23.484038],[-46.750895,-23.484221],[-46.750621,-23.484343],[-46.750408,-23.484472],[-46.750195,-23.484617],[-46.75009,-23.484676],[-46.749335,-23.484924],[-46.748629,-23.48511],[-46.748406,-23.485176],[-46.748192,-23.485218],[-46.748119,-23.485214],[-46.748071,-23.485199],[-46.748002,-23.485164],[-46.747889,-23.485063],[-46.747828,-23.48498],[-46.747691,-23.484915],[-46.747565,-23.484838],[-46.747469,-23.484803],[-46.747349,-23.484778],[-46.7472862,-23.4847731],[-46.747224,-23.484779],[-46.747185,-23.484801],[-46.746967,-23.484986],[-46.74686,-23.485034],[-46.746369,-23.485201],[-46.746121,-23.485261],[-46.745219,-23.485032],[-46.744972,-23.484833],[-46.744851,-23.484747],[-46.7447512,-23.4847104],[-46.7446818,-23.4846928],[-46.7446373,-23.4846815],[-46.744171,-23.484562],[-46.7441426,-23.4844821],[-46.744,-23.484408],[-46.7439473,-23.4843424],[-46.743817,-23.484235],[-46.743754,-23.484199],[-46.743707,-23.484189],[-46.743415,-23.484216],[-46.743105,-23.484214],[-46.742964,-23.484184],[-46.742843,-23.484148],[-46.742723,-23.4841],[-46.742495,-23.484161],[-46.741962,-23.484272],[-46.741745,-23.484337],[-46.741573,-23.484427],[-46.741391,-23.484548],[-46.740727,-23.485103],[-46.740207,-23.4854682],[-46.7399151,-23.4856732],[-46.739538,-23.485938],[-46.73933,-23.486068],[-46.739178,-23.486144],[-46.738718,-23.486331],[-46.7386797,-23.4863444],[-46.738429,-23.486432],[-46.738146,-23.48651],[-46.737795,-23.486594],[-46.7372,-23.486773],[-46.737107,-23.487212],[-46.736996,-23.48758],[-46.736824,-23.488015],[-46.736608,-23.488484],[-46.736454,-23.488769],[-46.736194,-23.489186],[-46.735865,-23.489661],[-46.735293,-23.490402],[-46.734104,-23.491764],[-46.732918,-23.493077],[-46.731799,-23.494283],[-46.730592,-23.495938],[-46.72903,-23.498294],[-46.728489,-23.499094],[-46.72805,-23.499705],[-46.727666,-23.500193],[-46.727383,-23.500538],[-46.727155,-23.500803],[-46.726636,-23.501376],[-46.723944,-23.504332],[-46.722574,-23.505942],[-46.721695,-23.506935],[-46.721121,-23.507611],[-46.720797,-23.50804],[-46.720706,-23.508215],[-46.720643,-23.508399],[-46.72043,-23.50926]]],[[[-46.72043,-23.50926],[-46.720589,-23.509405],[-46.720971,-23.509822],[-46.722233,-23.51174],[-46.722511,-23.512107],[-46.722747,-23.512373],[-46.723044,-23.512654],[-46.723456,-23.512972],[-46.723736,-23.513174],[-46.724035,-23.513358],[-46.7262422,-23.5146778]]],[[[-46.7262422,-23.5146778],[-46.726452,-23.5140196],[-46.7266284,-23.5134275],[-46.7267235,-23.5131239],[-46.7268094,-23.5128702],[-46.7269534,-23.5124727],[-46.7270769,-23.512164],[-46.7271984,-23.5119038],[-46.727364,-23.5116263],[-46.7274752,-23.5114617],[-46.7276365,-23.511258],[-46.7277717,-23.5111142],[-46.7279123,-23.5109811],[-46.728062,-23.5108579],[-46.7283167,-23.510666],[-46.728572,-23.510469],[-46.7288814,-23.5102482],[-46.7291597,-23.5100586],[-46.7294518,-23.509873],[-46.7297348,-23.5097074],[-46.7300411,-23.5095373],[-46.730484,-23.509319],[-46.7308995,-23.5091364],[-46.731229,-23.5090135],[-46.7316663,-23.5088668],[-46.7320143,-23.5087659],[-46.7323237,-23.5086911],[-46.732574,-23.5086385],[-46.7328873,-23.5085859],[-46.7331989,-23.5085384],[-46.7335232,-23.5085044],[-46.7338426,-23.5084813],[-46.7343063,-23.5084607],[-46.7359225,-23.5083841],[-46.7371568,-23.5082959],[-46.738606,-23.508162],[-46.741599,-23.507917],[-46.74428,-23.507698],[-46.746697,-23.5075],[-46.74801,-23.507392],[-46.74861,-23.507345],[-46.748881,-23.507317],[-46.749126,-23.507277],[-46.749369,-23.507225],[-46.749679,-23.507142],[-46.750015,-23.507031],[-46.750284,-23.506917],[-46.750507,-23.506811],[-46.750734,-23.506683],[-46.750853,-23.50661],[-46.751109,-23.506433],[-46.75131,-23.506276],[-46.751464,-23.50614],[-46.751771,-23.505816],[-46.751999,-23.505548],[-46.752399,-23.50505],[-46.753618,-23.503525],[-46.753699,-23.503407],[-46.753842,-23.503187],[-46.754085,-23.502754],[-46.754184,-23.502531],[-46.754346,-23.502109],[-46.754406,-23.501894],[-46.754449,-23.50172],[-46.754522,-23.501364],[-46.754545,-23.501154],[-46.75457,-23.500871],[-46.754601,-23.499776],[-46.754663,-23.497499],[-46.75467,-23.49726],[-46.754692,-23.496972],[-46.754713,-23.496823],[-46.754742,-23.496672],[-46.754837,-23.496338],[-46.754905,-23.496143],[-46.754986,-23.495979],[-46.755076,-23.495808],[-46.755182,-23.495634],[-46.755287,-23.495483],[-46.755433,-23.495299],[-46.755603,-23.495127],[-46.755853,-23.494911],[-46.756045,-23.494769],[-46.756237,-23.494645],[-46.756517,-23.494489],[-46.756744,-23.494377],[-46.756909,-23.49431],[-46.757071,-23.494252],[-46.757302,-23.494195],[-46.757517,-23.494162],[-46.757724,-23.494138],[-46.757925,-23.494122],[-46.758473,-23.494138],[-46.758695,-23.494156]]],[[[-46.771627,-23.473715],[-46.7707624,-23.4744922],[-46.7701659,-23.4754286],[-46.7698378,-23.4765276],[-46.7698451,-23.4776391],[-46.7704062,-23.4797105],[-46.7707377,-23.4815094],[-46.770436,-23.4834043],[-46.7693457,-23.4846292],[-46.7684708,-23.4858253],[-46.7676796,-23.4871088],[-46.7669982,-23.4890226],[-46.7667376,-23.4900318],[-46.7663538,-23.4912588],[-46.7652103,-23.4920625],[-46.7635443,-23.4927045],[-46.7630094,-23.4925668],[-46.7622458,-23.4931497],[-46.7590488,-23.4934042],[-46.758695,-23.494156]]]]},"properties":{"name":"São Domingos","admin_level":"9"}},{"type":"Feature","geometry":{"type":"MultiPolygon","coordinates":[[[[-46.534475,-23.583974],[-46.534579,-23.583853],[-46.534976,-23.583367],[-46.5355662,-23.5826485],[-46.5359003,-23.5822562],[-46.5361486,-23.5821189],[-46.537126,-23.581805],[-46.537294,-23.581704],[-46.540013,-23.57975],[-46.5401559,-23.5796086],[-46.540353,-23.579378],[-46.542307,-23.578906],[-46.545582,-23.578137],[-46.546328,-23.577927],[-46.546845,-23.577795],[-46.5488335,-23.577377],[-46.551035,-23.57686],[-46.5561022,-23.5756313],[-46.557118,-23.575385]]],[[[-46.563131,-23.581412],[-46.562931,-23.581374],[-46.55998,-23.580704],[-46.5599077,-23.5806927],[-46.559778,-23.58068],[-46.559669,-23.580681],[-46.557824,-23.580868],[-46.5576059,-23.5787888],[-46.557368,-23.577368],[-46.557118,-23.575385]]],[[[-46.5513573,-23.606781],[-46.551538,-23.606617],[-46.551574,-23.606596],[-46.551648,-23.606574],[-46.551692,-23.606548],[-46.551743,-23.606491],[-46.551812,-23.60638],[-46.551902,-23.606068],[-46.551922,-23.605926],[-46.55192,-23.605802],[-46.551941,-23.605666],[-46.551954,-23.605503],[-46.551927,-23.605328],[-46.551937,-23.604994],[-46.55192,-23.60487],[-46.551918,-23.604778],[-46.55193,-23.604196],[-46.551911,-23.603514],[-46.551877,-23.603336],[-46.551891,-23.603267],[-46.551865,-23.603084],[-46.551841,-23.603038],[-46.551765,-23.602943],[-46.551635,-23.602757],[-46.551267,-23.602327],[-46.55112,-23.602142],[-46.550986,-23.602013],[-46.550935,-23.601982],[-46.550829,-23.601948],[-46.550803,-23.601928],[-46.550352,-23.600429],[-46.551149,-23.600032],[-46.551113,-23.599926],[-46.551031,-23.599405],[-46.550995,-23.5985302],[-46.550997,-23.598225],[-46.551006,-23.598121],[-46.55109,-23.598054],[-46.551205,-23.598002],[-46.551969,-23.597611],[-46.552768,-23.597187],[-46.553144,-23.596997],[-46.553287,-23.596913],[-46.553385,-23.596835],[-46.554054,-23.596221],[-46.554363,-23.595951],[-46.554463,-23.595881],[-46.554584,-23.595819],[-46.554725,-23.595775],[-46.5551567,-23.5956936],[-46.555084,-23.595413],[-46.555051,-23.595338],[-46.555281,-23.595261],[-46.555404,-23.595252],[-46.555491,-23.595262],[-46.55558,-23.595305],[-46.555668,-23.595381],[-46.555743,-23.595402],[-46.55579,-23.5954],[-46.55583,-23.595373],[-46.555873,-23.595327],[-46.556637,-23.59464],[-46.557725,-23.594199],[-46.557993,-23.594101],[-46.558804,-23.593781],[-46.55887,-23.593739],[-46.558997,-23.593621],[-46.559273,-23.593312],[-46.559439,-23.59316],[-46.5596772,-23.5929981],[-46.559871,-23.59273],[-46.560516,-23.59194],[-46.561325,-23.591154],[-46.561709,-23.590741],[-46.563174,-23.589056],[-46.563428,-23.588737],[-46.563567,-23.588575],[-46.563658,-23.588437],[-46.563748,-23.588258],[-46.5642053,-23.5870341],[-46.565485,-23.583738],[-46.5657007,-23.583184],[-46.565796,-23.582902],[-46.565853,-23.582815],[-46.565925,-23.582682],[-46.562907,-23.582377],[-46.562901,-23.5822906],[-46.562922,-23.582109],[-46.563131,-23.581412]]],[[[-46.5480601,-23.6061095],[-46.5481979,-23.6059847],[-46.5484256,-23.6058405],[-46.5487334,-23.6056879],[-46.5490035,-23.6055919],[-46.5492886,-23.6055556],[-46.5496167,-23.6055659],[-46.5499278,-23.6056098],[-46.5502222,-23.6057091],[-46.5503987,-23.6058145],[-46.550602,-23.6059691],[-46.5513573,-23.606781]]],[[[-46.5479827,-23.6060776],[-46.5480601,-23.6061095]]],[[[-46.5476589,-23.6059463],[-46.5479827,-23.6060776]]],[[[-46.5336656,-23.6143243],[-46.5339592,-23.6143577],[-46.5343551,-23.6143481],[-46.5345378,-23.6143254],[-46.5347029,-23.6142666],[-46.5348984,-23.6141883],[-46.5350883,-23.6140656],[-46.5352389,-23.6139492],[-46.5354709,-23.6137788],[-46.5357521,-23.6136442],[-46.5360522,-23.6134987],[-46.5363595,-23.6133293],[-46.5366007,-23.6131931],[-46.5372307,-23.6127502],[-46.5376073,-23.6125556],[-46.5376965,-23.6125078],[-46.5377906,-23.6124574],[-46.5382841,-23.6121821],[-46.5385872,-23.6120125],[-46.5389383,-23.6117808],[-46.5398809,-23.6110501],[-46.5408996,-23.6103899],[-46.5420716,-23.6096753],[-46.5447044,-23.6080409],[-46.5449269,-23.6078738],[-46.5451161,-23.607613],[-46.5453457,-23.607221],[-46.5455597,-23.6068557],[-46.5458912,-23.6063851],[-46.5462181,-23.6059743],[-46.5464203,-23.6057886],[-46.5465963,-23.6056919],[-46.5467831,-23.6056577],[-46.5469885,-23.6056833],[-46.5472184,-23.6057677],[-46.5476589,-23.6059463]]],[[[-46.5333094,-23.6142901],[-46.5336656,-23.6143243]]],[[[-46.5228641,-23.6138228],[-46.5229394,-23.613858],[-46.5230334,-23.613893],[-46.5232322,-23.6139604],[-46.5233286,-23.6139878],[-46.5235172,-23.6140213],[-46.523704,-23.614037],[-46.523883,-23.6140471],[-46.524325,-23.6140239],[-46.5247828,-23.61396],[-46.5249269,-23.6139179],[-46.5250204,-23.6138933],[-46.5251138,-23.6138846],[-46.5251994,-23.6138773],[-46.5253039,-23.6138875],[-46.5254656,-23.6139122],[-46.5256789,-23.6139221],[-46.5266535,-23.6138852],[-46.5272228,-23.6138456],[-46.5273744,-23.613837],[-46.5276405,-23.6138512],[-46.5283149,-23.6138626],[-46.5286893,-23.6138484],[-46.528844,-23.6138484],[-46.5290359,-23.6138631],[-46.5292518,-23.6138668],[-46.5294501,-23.6138994],[-46.5300336,-23.6141089],[-46.5301302,-23.6141384],[-46.5305486,-23.6143546],[-46.5307344,-23.6144628],[-46.5309912,-23.6145998],[-46.5310804,-23.6146415],[-46.5312101,-23.6146438],[-46.5313708,-23.6146176],[-46.5315075,-23.6145445],[-46.5317489,-23.6143325],[-46.5319514,-23.6141986],[-46.5321472,-23.6141187],[-46.5324248,-23.6141224],[-46.5326434,-23.6141531],[-46.5328929,-23.6142146],[-46.5331423,-23.6142674],[-46.5333094,-23.6142901]]],[[[-46.5228191,-23.6138086],[-46.5228641,-23.6138228]]],[[[-46.5228191,-23.6138086],[-46.5228441,-23.6136108],[-46.52287,-23.613469],[-46.5229028,-23.6133843],[-46.522932,-23.613322],[-46.523012,-23.613194],[-46.523095,-23.6131],[-46.523498,-23.612686],[-46.5237634,-23.6124113],[-46.5238586,-23.6123104],[-46.5241322,-23.6118781],[-46.5243,-23.6117162],[-46.524591,-23.6115916],[-46.5247477,-23.611465],[-46.5248149,-23.611375],[-46.524906,-23.6111547],[-46.5249279,-23.6109982],[-46.5249151,-23.6108594],[-46.5248773,-23.6107161],[-46.52469,-23.610201],[-46.524613,-23.609981],[-46.524379,-23.609567],[-46.524273,-23.609431],[-46.524116,-23.609265],[-46.523793,-23.609001],[-46.523677,-23.608874],[-46.523564,-23.608729],[-46.523487,-23.608596],[-46.523311,-23.60825],[-46.52319,-23.60799],[-46.522974,-23.60762],[-46.522802,-23.607351],[-46.522579,-23.607067],[-46.521899,-23.606318],[-46.521981,-23.60618],[-46.522712,-23.605194],[-46.523165,-23.604599],[-46.523303,-23.604394],[-46.523387,-23.604284],[-46.523688,-23.604012],[-46.52375,-23.603978],[-46.523809,-23.603958],[-46.523881,-23.60396],[-46.5248756,-23.6042267],[-46.5250237,-23.6042567],[-46.525154,-23.604256],[-46.52527,-23.60422],[-46.525391,-23.604135],[-46.525762,-23.603799],[-46.526193,-23.603394],[-46.526272,-23.603336],[-46.526372,-23.603292],[-46.526734,-23.603205],[-46.526687,-23.603125],[-46.525915,-23.601615],[-46.526015,-23.601575],[-46.526379,-23.601386],[-46.527017,-23.600954],[-46.52768,-23.600465],[-46.528146,-23.600151],[-46.528421,-23.599981],[-46.528675,-23.599843],[-46.5291,-23.599655],[-46.529333,-23.599565],[-46.5297301,-23.5994484],[-46.5302237,-23.5992915],[-46.534319,-23.597994],[-46.53466,-23.597879],[-46.534912,-23.597768],[-46.535225,-23.597614],[-46.535661,-23.597329],[-46.535811,-23.597204],[-46.536328,-23.596701],[-46.535202,-23.594306],[-46.5329955,-23.5894679],[-46.5329061,-23.5892794],[-46.5325406,-23.5885406],[-46.532352,-23.58815],[-46.53228,-23.588017],[-46.532322,-23.587712],[-46.532359,-23.587561],[-46.532407,-23.587436],[-46.532519,-23.587226],[-46.533193,-23.586087],[-46.533455,-23.585605],[-46.533629,-23.585256],[-46.533858,-23.584751],[-46.533929,-23.584633],[-46.5341194,-23.5843906],[-46.534145,-23.584358],[-46.5341596,-23.5843408],[-46.5342889,-23.5841881],[-46.5343153,-23.5841577],[-46.534475,-23.583974]]]]},"properties":{"name":"São Lucas","admin_level":"9"}},{"type":"Feature","geometry":{"type":"MultiPolygon","coordinates":[[[[-46.502338,-23.575862],[-46.502044,-23.576209],[-46.501865,-23.576396],[-46.501551,-23.576697],[-46.500683,-23.577439],[-46.500424,-23.577622],[-46.499987,-23.577901],[-46.499679,-23.578068],[-46.499276,-23.578252],[-46.498898,-23.578397],[-46.498527,-23.578512],[-46.498013,-23.578629],[-46.497701,-23.578686],[-46.497323,-23.578716],[-46.496883,-23.578729],[-46.496546,-23.578736],[-46.495921,-23.578725],[-46.495593,-23.578734],[-46.49526,-23.578764],[-46.494956,-23.578811],[-46.494713,-23.578869],[-46.494504,-23.57893],[-46.493896,-23.579182],[-46.493717,-23.579282],[-46.493549,-23.579386],[-46.493174,-23.579668],[-46.493008,-23.579816],[-46.492809,-23.58001],[-46.492635,-23.580203],[-46.4909902,-23.5822314]]],[[[-46.5068236,-23.5899956],[-46.5068269,-23.5898702],[-46.5067911,-23.5895419],[-46.5066999,-23.5892494],[-46.5066152,-23.5891002],[-46.5054982,-23.5874795],[-46.5052897,-23.5871244],[-46.5051432,-23.586814],[-46.5050618,-23.5865782],[-46.5049803,-23.5862827],[-46.504938,-23.5860977],[-46.5048924,-23.5857126],[-46.5048859,-23.5851903],[-46.5048663,-23.5849277],[-46.5048436,-23.5847725],[-46.5047882,-23.5845814],[-46.504684,-23.5842949],[-46.5044683,-23.5839088],[-46.5039994,-23.5830671],[-46.503475,-23.5821627],[-46.502934,-23.581325],[-46.502547,-23.580755],[-46.502285,-23.580446],[-46.5020193,-23.5800823],[-46.5019476,-23.5799719],[-46.5018727,-23.5798256],[-46.5018304,-23.5796047],[-46.5018434,-23.5794286],[-46.50213,-23.578181],[-46.5024068,-23.5769273],[-46.5024134,-23.5768139],[-46.5024036,-23.5767005],[-46.5023938,-23.5764139],[-46.502338,-23.575862]]],[[[-46.5068236,-23.5899956],[-46.5068334,-23.5902612],[-46.5068367,-23.5907327],[-46.5068529,-23.5912013],[-46.5068497,-23.5934516],[-46.505591,-23.593981],[-46.503594,-23.59487],[-46.50271,-23.595252],[-46.502695,-23.59539],[-46.502344,-23.596159],[-46.502068,-23.596244],[-46.501762,-23.596357],[-46.500527,-23.596863],[-46.500316,-23.596464],[-46.499615,-23.5967],[-46.498751,-23.596943],[-46.498461,-23.596586],[-46.498352,-23.596697],[-46.498299,-23.596739],[-46.498241,-23.596744],[-46.497998,-23.596719],[-46.497908,-23.596696],[-46.497764,-23.596623],[-46.497644,-23.596514],[-46.497506,-23.596361],[-46.497274,-23.596136],[-46.497162,-23.596051],[-46.497021,-23.595909],[-46.49696,-23.595833],[-46.496908,-23.595701],[-46.496815,-23.595632],[-46.496664,-23.595496],[-46.496493,-23.595456],[-46.496326,-23.595395],[-46.496174,-23.595321],[-46.495632,-23.595415],[-46.495597,-23.595409],[-46.4952552,-23.5954129],[-46.4951887,-23.5954308],[-46.495186,-23.59549],[-46.495242,-23.596246],[-46.495283,-23.596591],[-46.495338,-23.596834],[-46.495436,-23.597176],[-46.495651,-23.597824],[-46.495777,-23.598144],[-46.496019,-23.598658],[-46.496226,-23.599043],[-46.496294,-23.599148],[-46.4960061,-23.5992853],[-46.4969,-23.602996],[-46.496722,-23.60335],[-46.496555,-23.60378],[-46.496508,-23.603864],[-46.496463,-23.60399],[-46.496434,-23.604161],[-46.496422,-23.604345],[-46.496445,-23.604519],[-46.49648,-23.604665],[-46.496941,-23.606421],[-46.49717,-23.607472],[-46.497254,-23.607774],[-46.497319,-23.607947],[-46.497373,-23.608066],[-46.497541,-23.608378],[-46.497631,-23.608497],[-46.497738,-23.608614],[-46.498155,-23.609029],[-46.49845,-23.609309],[-46.498583,-23.609424],[-46.498757,-23.609542],[-46.498953,-23.609632],[-46.499266,-23.609732],[-46.500059,-23.610794],[-46.493789,-23.608432],[-46.4934,-23.608303],[-46.492009,-23.60792],[-46.4910354,-23.6076991],[-46.487108,-23.606808],[-46.486707,-23.606747],[-46.486535,-23.606752],[-46.486379,-23.606773],[-46.486216,-23.606815],[-46.486037,-23.606896],[-46.485873,-23.60703],[-46.485657,-23.607257],[-46.484641,-23.608494],[-46.484218,-23.610459],[-46.484329,-23.610396],[-46.484461,-23.61034],[-46.484698,-23.610285],[-46.484863,-23.610255],[-46.485073,-23.610242],[-46.485233,-23.610248],[-46.485384,-23.610265],[-46.485587,-23.610311],[-46.4858,-23.610384],[-46.485975,-23.610464],[-46.485244,-23.613187],[-46.485175,-23.61353],[-46.485111,-23.613695],[-46.484813,-23.614804],[-46.484616,-23.615498],[-46.484578,-23.615606],[-46.484215,-23.616044],[-46.483594,-23.617239],[-46.48358,-23.617392],[-46.483649,-23.617709],[-46.483706,-23.617923],[-46.48374,-23.618205],[-46.483722,-23.618348],[-46.483696,-23.618451],[-46.483507,-23.618874],[-46.483496,-23.618924],[-46.483486,-23.619742],[-46.483465,-23.62032],[-46.483455,-23.620413],[-46.483288,-23.621068],[-46.483282,-23.621196],[-46.483294,-23.621289],[-46.483386,-23.621559],[-46.483549,-23.622098],[-46.483625,-23.6223],[-46.483664,-23.622474],[-46.483657,-23.622759],[-46.48368,-23.622942],[-46.4839248,-23.6239166]]],[[[-46.4820901,-23.6237895],[-46.4821686,-23.623761],[-46.4823867,-23.623765],[-46.482738,-23.6236855],[-46.4828786,-23.6236209],[-46.4830122,-23.6236076],[-46.4831932,-23.6237028],[-46.4832717,-23.6237686],[-46.4838267,-23.6239195],[-46.4839248,-23.6239166]]],[[[-46.4816531,-23.6240509],[-46.4820901,-23.6237895]]],[[[-46.4816531,-23.6240509],[-46.481452,-23.623946],[-46.480967,-23.623687],[-46.48053,-23.623442],[-46.4802635,-23.6232841],[-46.479535,-23.622731],[-46.479355,-23.622586],[-46.479238,-23.622478],[-46.479114,-23.622335],[-46.47902,-23.622197],[-46.478546,-23.621477],[-46.47848,-23.621336],[-46.478404,-23.621089],[-46.478378,-23.620922],[-46.478363,-23.620747],[-46.47835,-23.620505],[-46.478329,-23.619885],[-46.478312,-23.6197043],[-46.4782851,-23.6195221],[-46.4782443,-23.619366],[-46.4781826,-23.619175],[-46.4781096,-23.6190098],[-46.478034,-23.6188557],[-46.4779543,-23.6187099],[-46.4768382,-23.6170113],[-46.4767372,-23.6167843],[-46.476669,-23.616528],[-46.476586,-23.616241],[-46.476469,-23.615724],[-46.476201,-23.614649],[-46.475798,-23.613184],[-46.47541,-23.613178],[-46.474842,-23.613001],[-46.474635,-23.612911],[-46.474494,-23.612913],[-46.473738,-23.613285],[-46.472895,-23.613703],[-46.471463,-23.614406],[-46.470826,-23.614735],[-46.470701,-23.614605],[-46.469798,-23.614558],[-46.469648,-23.614604],[-46.469314,-23.61477],[-46.469117,-23.614858],[-46.468796,-23.615011],[-46.468614,-23.615102],[-46.468301,-23.6153],[-46.468113,-23.615446],[-46.467887,-23.61565],[-46.467818,-23.615717],[-46.467568,-23.615903],[-46.467113,-23.616351],[-46.4669,-23.616556],[-46.466648,-23.616789],[-46.466492,-23.616946],[-46.4662,-23.6172],[-46.465979,-23.617409],[-46.465776,-23.617568],[-46.465611,-23.617394],[-46.46546,-23.617274],[-46.465245,-23.617122],[-46.464997,-23.616983],[-46.464896,-23.616941],[-46.464756,-23.616897],[-46.464667,-23.61688],[-46.464484,-23.616861],[-46.46415,-23.616892],[-46.463778,-23.616953],[-46.463115,-23.617055],[-46.46278,-23.617096],[-46.462631,-23.617087],[-46.462487,-23.617054],[-46.462341,-23.617],[-46.462144,-23.616887],[-46.461511,-23.616444],[-46.461182,-23.616211],[-46.461053,-23.616132],[-46.460685,-23.615976],[-46.460461,-23.615896],[-46.459776,-23.615658],[-46.459615,-23.615604],[-46.459539,-23.615556],[-46.459269,-23.61536],[-46.458732,-23.614893],[-46.458595,-23.614795],[-46.458464,-23.614728],[-46.458162,-23.614644],[-46.457465,-23.61444],[-46.457108,-23.614353],[-46.456924,-23.614317],[-46.4565651,-23.6142862],[-46.456582,-23.614144],[-46.456583,-23.613996],[-46.456599,-23.61385],[-46.456584,-23.613798],[-46.456512,-23.613676],[-46.456458,-23.613404],[-46.456446,-23.613133],[-46.456421,-23.613048],[-46.456345,-23.612914],[-46.456244,-23.612788],[-46.45606,-23.612624],[-46.455888,-23.612494],[-46.455785,-23.612373],[-46.455705,-23.612252],[-46.455551,-23.611967],[-46.455416,-23.611822],[-46.455266,-23.611699],[-46.455139,-23.611548],[-46.454992,-23.611342],[-46.454708,-23.610859],[-46.454624,-23.610694],[-46.45453,-23.610346],[-46.454509,-23.610245]]],[[[-46.454509,-23.610245],[-46.45453,-23.610178],[-46.454569,-23.610127],[-46.454647,-23.610069],[-46.454826,-23.609984],[-46.455031,-23.609908],[-46.455122,-23.609846],[-46.455167,-23.609788],[-46.455362,-23.609427],[-46.455398,-23.609287],[-46.45543,-23.608949],[-46.455453,-23.608794],[-46.455511,-23.608654],[-46.455603,-23.608518],[-46.4556964,-23.6084815],[-46.455824,-23.608306],[-46.455955,-23.608123],[-46.455972,-23.608054],[-46.455972,-23.608013],[-46.455946,-23.607955],[-46.455572,-23.607457],[-46.455393,-23.607186],[-46.455335,-23.607081],[-46.455326,-23.607018],[-46.455341,-23.606973],[-46.455399,-23.606902],[-46.455561,-23.606781],[-46.456098,-23.606506],[-46.456254,-23.60641],[-46.456349,-23.606301],[-46.456383,-23.606241],[-46.456433,-23.606123],[-46.456463,-23.606013],[-46.456485,-23.605832],[-46.456485,-23.605476],[-46.456522,-23.605343],[-46.456637,-23.60508],[-46.456904,-23.604619],[-46.456965,-23.604465],[-46.456982,-23.604372],[-46.456985,-23.604291],[-46.457005,-23.604206],[-46.457295,-23.603452],[-46.457373,-23.603266],[-46.457415,-23.603196],[-46.457489,-23.603134],[-46.457766,-23.602998],[-46.457875,-23.602936],[-46.457935,-23.602868],[-46.458209,-23.602315],[-46.458253,-23.602219],[-46.45829,-23.60204],[-46.458271,-23.601856],[-46.458173,-23.601568],[-46.458155,-23.601474],[-46.458156,-23.601442],[-46.458189,-23.601371],[-46.458495,-23.601036],[-46.458545,-23.60096],[-46.458667,-23.600666],[-46.458711,-23.600594],[-46.458856,-23.600421],[-46.458937,-23.600275],[-46.459013,-23.600069],[-46.459127,-23.599616],[-46.459186,-23.599412],[-46.459266,-23.599254],[-46.459332,-23.599165],[-46.459396,-23.599105],[-46.459513,-23.599028],[-46.459672,-23.598942],[-46.459881,-23.598864],[-46.46008,-23.598808],[-46.460174,-23.598794],[-46.460693,-23.598791],[-46.460983,-23.598776],[-46.461063,-23.598764],[-46.461165,-23.598734],[-46.461358,-23.598628],[-46.461469,-23.598556],[-46.461496,-23.598515],[-46.461621,-23.598169],[-46.461682,-23.598033],[-46.46171,-23.597888],[-46.461712,-23.59755],[-46.461707,-23.597476],[-46.461628,-23.597195],[-46.461519,-23.596949],[-46.461484,-23.596812],[-46.461482,-23.596747],[-46.461504,-23.596664]]],[[[-46.461504,-23.596664],[-46.461591,-23.596544],[-46.461971,-23.59619],[-46.462707,-23.595549],[-46.462913,-23.59539],[-46.463164,-23.595232],[-46.464165,-23.59476],[-46.464202,-23.594731],[-46.464202,-23.594686],[-46.464187,-23.594635],[-46.464205,-23.594605],[-46.464792,-23.59442],[-46.464937,-23.594356],[-46.465042,-23.594328],[-46.465236,-23.59429],[-46.465494,-23.594264],[-46.465742,-23.594197],[-46.465933,-23.594085],[-46.466024,-23.59401],[-46.466337,-23.59364],[-46.466486,-23.593498],[-46.466634,-23.593388],[-46.466829,-23.593262],[-46.467056,-23.593137],[-46.467298,-23.593037],[-46.46749,-23.592978],[-46.467708,-23.59293],[-46.467912,-23.5929],[-46.468331,-23.59289],[-46.472686,-23.592715],[-46.472976,-23.592694],[-46.473171,-23.592668],[-46.473832,-23.592554],[-46.474104,-23.592475],[-46.474578,-23.592305],[-46.474817,-23.592201],[-46.475353,-23.591888],[-46.475609,-23.591701],[-46.476878,-23.59073],[-46.477271,-23.590495],[-46.477448,-23.590402],[-46.477625,-23.590317],[-46.477986,-23.590173],[-46.479092,-23.589908],[-46.479363,-23.589816],[-46.479582,-23.589735],[-46.479759,-23.589652],[-46.479926,-23.589562],[-46.480082,-23.589465],[-46.480251,-23.58934],[-46.480356,-23.589251],[-46.480637,-23.588956],[-46.481865,-23.587586],[-46.481966,-23.587499],[-46.482094,-23.587405],[-46.48238,-23.587222],[-46.482604,-23.587128],[-46.482854,-23.587041],[-46.483169,-23.586956],[-46.483333,-23.586921],[-46.483493,-23.586912],[-46.484313,-23.586965],[-46.485363,-23.586988],[-46.485854,-23.586952],[-46.486126,-23.586912],[-46.486534,-23.586827],[-46.486739,-23.586765],[-46.487071,-23.586605],[-46.487365,-23.586449],[-46.487732,-23.586214],[-46.487915,-23.58607],[-46.488159,-23.585845],[-46.488412,-23.585556],[-46.489059,-23.584687],[-46.490005,-23.583464],[-46.4909902,-23.5822314]]]]},"properties":{"name":"São Mateus","admin_level":"9"}},{"type":"Feature","geometry":{"type":"MultiPolygon","coordinates":[[[[-46.443718,-23.513474],[-46.443675,-23.513063],[-46.443551,-23.511616],[-46.443682,-23.511098],[-46.443818,-23.510709],[-46.444388,-23.509542],[-46.444599,-23.509029],[-46.444733,-23.508665],[-46.444917,-23.508258],[-46.445034,-23.508044],[-46.445255,-23.507701],[-46.445647,-23.507168],[-46.445768,-23.50697],[-46.445997,-23.506483],[-46.446284,-23.505701],[-46.44639,-23.505375],[-46.44645,-23.505139],[-46.446548,-23.504526],[-46.446612,-23.504251],[-46.446695,-23.504108],[-46.446786,-23.503983],[-46.447627,-23.50307],[-46.447838,-23.502809],[-46.448003,-23.50256],[-46.448073,-23.50242],[-46.448129,-23.502187],[-46.448175,-23.501591],[-46.448019,-23.500587],[-46.447904,-23.500004],[-46.447778,-23.499289],[-46.447773,-23.499131],[-46.447796,-23.498968],[-46.447849,-23.498786],[-46.447943,-23.498619],[-46.448047,-23.498505],[-46.448218,-23.498407],[-46.448318,-23.498383],[-46.448674,-23.49833],[-46.448976,-23.498299],[-46.449663,-23.498208],[-46.449986,-23.498205],[-46.450208,-23.498257],[-46.450591,-23.498377],[-46.451648,-23.498739],[-46.451819,-23.498818],[-46.451926,-23.498669],[-46.452251,-23.498105],[-46.452331,-23.497755],[-46.45233,-23.497639],[-46.452343,-23.497526],[-46.45241,-23.4974],[-46.452829,-23.49679],[-46.453063,-23.496507],[-46.453421,-23.496874],[-46.453761,-23.497159],[-46.454695,-23.49783],[-46.454972,-23.497994],[-46.455171,-23.498099],[-46.455654,-23.498324],[-46.455795,-23.498385],[-46.455904,-23.498419],[-46.456058,-23.498443],[-46.456483,-23.498461],[-46.456655,-23.498432],[-46.456773,-23.498404],[-46.456673,-23.498278],[-46.456609,-23.498154],[-46.456486,-23.497833],[-46.456339,-23.497406],[-46.456051,-23.496519],[-46.45541,-23.494696],[-46.455339,-23.494527],[-46.455144,-23.494173],[-46.454891,-23.493826],[-46.454745,-23.493661],[-46.45346,-23.492386],[-46.453383,-23.492294],[-46.453359,-23.492245],[-46.453368,-23.492119],[-46.453537,-23.49131],[-46.453659,-23.49078],[-46.453757,-23.490469],[-46.453918,-23.490034],[-46.454479,-23.488741],[-46.454796,-23.48794],[-46.454928,-23.487541],[-46.455126,-23.486991],[-46.455491,-23.48601],[-46.456062,-23.484765],[-46.45645,-23.484087],[-46.456857,-23.483549],[-46.457035,-23.483343],[-46.457283,-23.483091],[-46.457701,-23.482646]]],[[[-46.443718,-23.513474],[-46.443784,-23.514165],[-46.443808,-23.514474],[-46.443818,-23.514761],[-46.443796,-23.514947],[-46.44372,-23.515238],[-46.443652,-23.515541],[-46.4436,-23.515845],[-46.443593,-23.516097],[-46.443611,-23.516325],[-46.443654,-23.516692],[-46.444028,-23.519785],[-46.444092,-23.520387],[-46.44409,-23.520544],[-46.444069,-23.520765],[-46.444032,-23.520894],[-46.443991,-23.521004],[-46.443893,-23.521208],[-46.443721,-23.521467],[-46.443546,-23.5217],[-46.443356,-23.522006],[-46.443311,-23.522144],[-46.443289,-23.52224],[-46.443268,-23.522429],[-46.443266,-23.522568],[-46.443295,-23.522768],[-46.443367,-23.522974],[-46.443474,-23.523212],[-46.44354,-23.523312],[-46.443716,-23.523448],[-46.444043,-23.523659],[-46.444604,-23.524003],[-46.444708,-23.52408],[-46.444904,-23.5243],[-46.445062,-23.524566],[-46.445541,-23.5255872],[-46.4449854,-23.5258428],[-46.4447501,-23.5259443],[-46.444157,-23.525569],[-46.443891,-23.525442],[-46.443675,-23.525357],[-46.4435,-23.525306],[-46.443207,-23.525246],[-46.442803,-23.525186],[-46.442413,-23.525153],[-46.442063,-23.52514],[-46.441636,-23.52515],[-46.4414465,-23.5251523],[-46.441237,-23.525188],[-46.4410231,-23.5252344],[-46.440803,-23.525298],[-46.440246,-23.525522],[-46.439829,-23.5257],[-46.439409,-23.525848],[-46.439155,-23.525912],[-46.438857,-23.525973],[-46.438622,-23.525999],[-46.43841,-23.525997],[-46.438124,-23.525974],[-46.437868,-23.525935],[-46.437664,-23.525889],[-46.437452,-23.525824],[-46.437001,-23.525662],[-46.435528,-23.525107],[-46.435155,-23.524973],[-46.434911,-23.524908],[-46.434731,-23.524881],[-46.434555,-23.524879],[-46.434211,-23.524918],[-46.433939,-23.524959],[-46.433704,-23.525038],[-46.433482,-23.525129],[-46.433305,-23.525222],[-46.433144,-23.525355],[-46.432978,-23.525531],[-46.432847,-23.525686],[-46.432406,-23.526335]]],[[[-46.432406,-23.526335],[-46.432264,-23.526235],[-46.432216,-23.526149],[-46.431965,-23.525841],[-46.431891,-23.525717],[-46.431843,-23.525589],[-46.431842,-23.525468],[-46.431809,-23.525333],[-46.431595,-23.524857],[-46.431512,-23.52463],[-46.4313653,-23.5242546],[-46.4312996,-23.5241987],[-46.4312125,-23.5241921],[-46.430555,-23.524196]]],[[[-46.430555,-23.524196],[-46.430558,-23.52397],[-46.430595,-23.523654],[-46.430654,-23.523265],[-46.430775,-23.522575],[-46.430787,-23.522394],[-46.430777,-23.522207],[-46.430746,-23.52209],[-46.430592,-23.521725],[-46.430494,-23.521473],[-46.430467,-23.521382],[-46.430461,-23.521324],[-46.43047,-23.521258],[-46.430498,-23.521159],[-46.430606,-23.520908],[-46.430611,-23.520755],[-46.430578,-23.520657],[-46.430469,-23.520438],[-46.430255,-23.519852],[-46.430181,-23.519596],[-46.430164,-23.519481],[-46.430169,-23.519387],[-46.430192,-23.519324],[-46.43044,-23.51907],[-46.430508,-23.518979],[-46.43057,-23.518832],[-46.430582,-23.518683],[-46.430583,-23.518537],[-46.430554,-23.518448],[-46.430119,-23.517879],[-46.429901,-23.517508],[-46.429819,-23.517344],[-46.429784,-23.517253],[-46.429732,-23.516873],[-46.4297505,-23.5167342],[-46.4297635,-23.5166105],[-46.4298038,-23.5165418],[-46.42994,-23.516362],[-46.430106,-23.516138],[-46.430141,-23.516072],[-46.430185,-23.515939],[-46.430268,-23.515557],[-46.430303,-23.515147],[-46.43031,-23.514893],[-46.430295,-23.514372],[-46.430309,-23.51422],[-46.43036,-23.513977],[-46.430452,-23.513741],[-46.430534,-23.513607],[-46.430697,-23.513402],[-46.430845,-23.513195],[-46.430931,-23.513037],[-46.430983,-23.512903],[-46.431005,-23.51275],[-46.431005,-23.512601],[-46.431038,-23.512403],[-46.431269,-23.511956],[-46.431388,-23.511782],[-46.431594,-23.511507],[-46.431687,-23.511356],[-46.432209,-23.510199],[-46.432284,-23.510007],[-46.432312,-23.509896],[-46.432326,-23.509695],[-46.432319,-23.509471],[-46.4323,-23.509307],[-46.43223,-23.509076],[-46.432135,-23.508889],[-46.431618,-23.508021],[-46.431184,-23.507237],[-46.431001,-23.506942],[-46.430533,-23.506229],[-46.430188,-23.505779],[-46.42961,-23.504936],[-46.429497,-23.50474],[-46.429404,-23.504542],[-46.4291,-23.503688],[-46.428928,-23.503187],[-46.428373,-23.501728],[-46.428193,-23.501166],[-46.428125,-23.50093],[-46.42809,-23.500742],[-46.42805,-23.500201],[-46.428058,-23.499131],[-46.428088,-23.498615],[-46.428276,-23.497519],[-46.428331,-23.497287],[-46.4284,-23.497053],[-46.428987,-23.495442],[-46.429118,-23.495123],[-46.42914,-23.495101],[-46.429209,-23.495062],[-46.429263,-23.495011],[-46.429323,-23.494901],[-46.429371,-23.494775],[-46.429444,-23.494362],[-46.429524,-23.494095],[-46.429596,-23.493945],[-46.429732,-23.493717],[-46.429857,-23.493583],[-46.430333,-23.493189],[-46.430447,-23.493129],[-46.43063,-23.493071],[-46.430766,-23.493052],[-46.430824,-23.493051],[-46.430958,-23.493077],[-46.431134,-23.493083],[-46.431251,-23.493056],[-46.431363,-23.493012],[-46.431422,-23.492976],[-46.431541,-23.492853],[-46.431676,-23.492764],[-46.432224,-23.492593],[-46.432657,-23.492445],[-46.433151,-23.492372],[-46.433516,-23.492334],[-46.434585,-23.492291],[-46.434836,-23.492265],[-46.435119,-23.492195],[-46.435238,-23.492143],[-46.435385,-23.492052],[-46.43549,-23.491956],[-46.435683,-23.491701],[-46.435759,-23.49156],[-46.435824,-23.491364],[-46.4358552,-23.491183]]],[[[-46.4358552,-23.491183],[-46.435928,-23.490725],[-46.436023,-23.490128],[-46.436034,-23.489942],[-46.436032,-23.489743],[-46.436011,-23.489636],[-46.435957,-23.489516],[-46.435371,-23.488573],[-46.435268,-23.488365],[-46.435211,-23.488225],[-46.435176,-23.488079],[-46.435156,-23.487686],[-46.435323,-23.486151],[-46.435349,-23.486001],[-46.435416,-23.485787],[-46.435492,-23.485624],[-46.435567,-23.485501],[-46.435671,-23.485364],[-46.436755,-23.48405],[-46.436947,-23.483846],[-46.437115,-23.483688],[-46.437303,-23.483551],[-46.437433,-23.483477],[-46.437543,-23.483436],[-46.437666,-23.483418],[-46.437837,-23.483377],[-46.4382,-23.483266],[-46.438834,-23.483041],[-46.439036,-23.48295],[-46.439755,-23.48256],[-46.439899,-23.482504],[-46.440112,-23.482442],[-46.440587,-23.482319],[-46.44075,-23.48224],[-46.440844,-23.482169],[-46.440908,-23.482079],[-46.440937,-23.481986],[-46.44094,-23.481902],[-46.440879,-23.481762],[-46.440757,-23.481558],[-46.440718,-23.481452],[-46.440678,-23.481268],[-46.440609,-23.481087],[-46.440525,-23.480945],[-46.440395,-23.480804],[-46.440328,-23.48071],[-46.440284,-23.480616],[-46.440209,-23.480288],[-46.440191,-23.480039],[-46.440202,-23.479824]]],[[[-46.440202,-23.479824],[-46.4402056,-23.4792184],[-46.4405099,-23.4790684],[-46.4409478,-23.4791106],[-46.4417408,-23.479419],[-46.4422502,-23.4795132],[-46.44325,-23.479803],[-46.4443283,-23.4801664],[-46.44574,-23.480606],[-46.446625,-23.480844],[-46.447445,-23.480927],[-46.448383,-23.481112],[-46.4493701,-23.4813428],[-46.4496222,-23.4813498],[-46.4510674,-23.4817037],[-46.451759,-23.481873],[-46.453312,-23.482122],[-46.454575,-23.482374],[-46.455879,-23.482557],[-46.4567168,-23.4827043],[-46.4572808,-23.48275],[-46.457701,-23.482646]]]]},"properties":{"name":"São Miguel Paulista","admin_level":"9"}},{"type":"Feature","geometry":{"type":"MultiPolygon","coordinates":[[[[-46.5689226,-23.5536258],[-46.56816,-23.553311],[-46.567139,-23.552907],[-46.567213,-23.552756],[-46.566915,-23.552761],[-46.5665062,-23.5528007],[-46.5658053,-23.5528815],[-46.56172,-23.553266],[-46.561644,-23.553375],[-46.560291,-23.554302],[-46.559682,-23.554637],[-46.559289,-23.554811],[-46.559091,-23.55489],[-46.5587671,-23.555006],[-46.557996,-23.555201],[-46.556083,-23.55571],[-46.555814,-23.555793],[-46.5553163,-23.5558774],[-46.554074,-23.556088],[-46.554074,-23.556],[-46.5540249,-23.5554]]],[[[-46.5540249,-23.5554],[-46.5539201,-23.554139],[-46.553811,-23.552877],[-46.553831,-23.552764],[-46.554854,-23.548938],[-46.555123,-23.54783],[-46.555131,-23.547755],[-46.555963,-23.544727],[-46.556306,-23.543696],[-46.556684,-23.542881],[-46.5571941,-23.5406618],[-46.5581874,-23.5369089],[-46.557647,-23.536817],[-46.557256,-23.536765],[-46.556941,-23.536689],[-46.5566265,-23.5366243],[-46.5564087,-23.5365894],[-46.5559211,-23.536491],[-46.555402,-23.536369],[-46.554394,-23.536167],[-46.548245,-23.534897]]],[[[-46.548245,-23.534897],[-46.548385,-23.534473]]],[[[-46.548385,-23.534473],[-46.548497,-23.534123],[-46.548589,-23.533922],[-46.548641,-23.533844],[-46.548775,-23.53368],[-46.548897,-23.533555],[-46.549022,-23.533451],[-46.549456,-23.533141],[-46.549628,-23.533035],[-46.5498258,-23.5329383],[-46.550037,-23.532835],[-46.550476,-23.532668],[-46.55108,-23.532456],[-46.5513404,-23.532327],[-46.551368,-23.532337],[-46.5516058,-23.5321965],[-46.551713,-23.532148],[-46.5519135,-23.5319849],[-46.552077,-23.531865],[-46.552238,-23.531706],[-46.552422,-23.531454],[-46.553324,-23.53013],[-46.555538,-23.526769],[-46.555726,-23.5265],[-46.556341,-23.525745],[-46.556539,-23.525459],[-46.55698,-23.524917],[-46.557172,-23.524646],[-46.557272,-23.524494],[-46.557676,-23.523765],[-46.558226,-23.522932]]],[[[-46.585013,-23.528335],[-46.584442,-23.528194],[-46.578311,-23.5266078],[-46.576534,-23.526229],[-46.576338,-23.526198],[-46.576127,-23.526172],[-46.575675,-23.526147],[-46.575136,-23.526142],[-46.574815,-23.526152],[-46.574478,-23.526178],[-46.5729587,-23.5263187],[-46.5725177,-23.5263566],[-46.5720623,-23.5263612],[-46.5710786,-23.5262586],[-46.570698,-23.5262065],[-46.570346,-23.526157],[-46.5694993,-23.5258929],[-46.569283,-23.5258093],[-46.568726,-23.525615],[-46.568431,-23.525467],[-46.566571,-23.524458],[-46.56568,-23.523992],[-46.565387,-23.523859],[-46.565149,-23.523775],[-46.564956,-23.523718],[-46.564523,-23.523608],[-46.564051,-23.523501],[-46.563684,-23.523438],[-46.563384,-23.523403],[-46.563004,-23.523382],[-46.562396,-23.523379],[-46.560548,-23.523454],[-46.560177,-23.523461],[-46.5599,-23.523441],[-46.55944,-23.523368],[-46.559108,-23.523289],[-46.558812,-23.523203],[-46.558472,-23.523065],[-46.558226,-23.522932]]],[[[-46.578843,-23.549299],[-46.578858,-23.549261],[-46.578966,-23.548913],[-46.579143,-23.548151],[-46.579708,-23.545672],[-46.580438,-23.542332],[-46.581121,-23.539757],[-46.581228,-23.539449],[-46.581344,-23.539201],[-46.58147,-23.539012],[-46.581793,-23.538595],[-46.581964,-23.538356],[-46.582077,-23.538131],[-46.582179,-23.537818],[-46.583772,-23.531444],[-46.58391,-23.530926],[-46.58398,-23.530717],[-46.584129,-23.530331],[-46.585013,-23.528335]]],[[[-46.578843,-23.549299],[-46.578705,-23.549656],[-46.57859,-23.549939],[-46.577407,-23.552019],[-46.576585,-23.552191],[-46.575652,-23.552428],[-46.575334,-23.552496],[-46.574976,-23.552568],[-46.574677,-23.552611],[-46.574487,-23.552617],[-46.573905,-23.552605],[-46.573073,-23.552538],[-46.572643,-23.552471],[-46.571166,-23.552167],[-46.571151,-23.552241],[-46.571063,-23.552482],[-46.571026,-23.552551],[-46.570956,-23.552618],[-46.570854,-23.552671],[-46.570729,-23.552698],[-46.570166,-23.552755],[-46.569746,-23.5528158],[-46.5696192,-23.5528864],[-46.569552,-23.55296],[-46.569487,-23.553102],[-46.569462,-23.553302],[-46.569136,-23.553475],[-46.5689226,-23.5536258]]]]},"properties":{"name":"Tatuapé","admin_level":"9"}},{"type":"Feature","geometry":{"type":"MultiPolygon","coordinates":[[[[-46.430555,-23.524196],[-46.4303642,-23.5242354],[-46.4302826,-23.524089],[-46.430215,-23.523939],[-46.430211,-23.523379],[-46.430168,-23.522244],[-46.430028,-23.520709],[-46.430008,-23.520631],[-46.429937,-23.520514],[-46.429357,-23.519736],[-46.429224,-23.519587],[-46.429095,-23.519513],[-46.428987,-23.519468],[-46.428375,-23.519459],[-46.426815,-23.519474],[-46.426123,-23.519491],[-46.424254,-23.520465],[-46.423788,-23.520718],[-46.421888,-23.521412],[-46.4217304,-23.5215056],[-46.4193956,-23.5202989],[-46.4192018,-23.5202802],[-46.419066,-23.520613],[-46.418455,-23.522084],[-46.4182768,-23.5224598],[-46.4181901,-23.5227275],[-46.4181744,-23.5235892],[-46.417302,-23.52379],[-46.416116,-23.5240329],[-46.4154329,-23.5241338],[-46.414151,-23.524323],[-46.413539,-23.524454],[-46.412926,-23.524638],[-46.412783,-23.524708],[-46.412492,-23.524899],[-46.412151,-23.525209],[-46.411796,-23.52542],[-46.411374,-23.52576],[-46.410701,-23.526322],[-46.410417,-23.526533],[-46.41028,-23.526656],[-46.409946,-23.526919],[-46.409789,-23.527009],[-46.409423,-23.527162],[-46.4092982,-23.5272176],[-46.408488,-23.527588],[-46.408004,-23.527852],[-46.4078515,-23.5279814],[-46.406884,-23.528561],[-46.406252,-23.529057],[-46.406057,-23.529002],[-46.405874,-23.528934],[-46.405781,-23.52892],[-46.405668,-23.528923],[-46.405559,-23.528904],[-46.405268,-23.528892],[-46.405117,-23.52895],[-46.405075,-23.52895],[-46.404992,-23.528933],[-46.404895,-23.528877],[-46.404823,-23.528818],[-46.404783,-23.528771],[-46.404702,-23.52864],[-46.404664,-23.528609],[-46.404609,-23.528583],[-46.404482,-23.52856],[-46.404189,-23.528543],[-46.403918,-23.528563],[-46.403709,-23.528565],[-46.403608,-23.528557],[-46.403503,-23.528527],[-46.403357,-23.528443],[-46.40318,-23.528304],[-46.402977,-23.528189],[-46.402934,-23.52819],[-46.402906,-23.528208],[-46.402689,-23.528203],[-46.402509,-23.528183],[-46.402475,-23.52817],[-46.402433,-23.528138],[-46.40228,-23.528064],[-46.402187,-23.528031],[-46.402133,-23.528002],[-46.402065,-23.527924],[-46.401774,-23.527699],[-46.401744,-23.527652],[-46.401749,-23.527588],[-46.401739,-23.527531],[-46.401724,-23.527504],[-46.401669,-23.527456],[-46.401579,-23.527414],[-46.401488,-23.527393],[-46.401395,-23.527356],[-46.401046,-23.527127],[-46.400969,-23.52709],[-46.400852,-23.527056],[-46.400755,-23.527041],[-46.40064,-23.527049],[-46.400605,-23.527062],[-46.400569,-23.527104],[-46.400556,-23.527156],[-46.400517,-23.527174],[-46.400366,-23.527137],[-46.400275,-23.527138],[-46.400174,-23.527075],[-46.400156,-23.527057],[-46.400147,-23.526999],[-46.400139,-23.526988],[-46.400123,-23.526984],[-46.400086,-23.527009],[-46.40006,-23.527],[-46.399988,-23.526936],[-46.399869,-23.526866],[-46.399747,-23.52678],[-46.399639,-23.526659],[-46.3996,-23.526632],[-46.399538,-23.526623],[-46.399495,-23.526625],[-46.399281,-23.526575],[-46.399146,-23.526521],[-46.39909,-23.526469],[-46.399012,-23.526424],[-46.398969,-23.526413],[-46.398707,-23.526392],[-46.398577,-23.526368],[-46.398461,-23.526303],[-46.39833,-23.526242],[-46.398242,-23.526152],[-46.398016,-23.525969],[-46.397494,-23.526617],[-46.397439,-23.526712],[-46.397323,-23.526379],[-46.397077,-23.525566],[-46.397024,-23.525286]]],[[[-46.430555,-23.524196],[-46.430558,-23.52397],[-46.430595,-23.523654],[-46.430654,-23.523265],[-46.430775,-23.522575],[-46.430787,-23.522394],[-46.430777,-23.522207],[-46.430746,-23.52209],[-46.430592,-23.521725],[-46.430494,-23.521473],[-46.430467,-23.521382],[-46.430461,-23.521324],[-46.43047,-23.521258],[-46.430498,-23.521159],[-46.430606,-23.520908],[-46.430611,-23.520755],[-46.430578,-23.520657],[-46.430469,-23.520438],[-46.430255,-23.519852],[-46.430181,-23.519596],[-46.430164,-23.519481],[-46.430169,-23.519387],[-46.430192,-23.519324],[-46.43044,-23.51907],[-46.430508,-23.518979],[-46.43057,-23.518832],[-46.430582,-23.518683],[-46.430583,-23.518537],[-46.430554,-23.518448],[-46.430119,-23.517879],[-46.429901,-23.517508],[-46.429819,-23.517344],[-46.429784,-23.517253],[-46.429732,-23.516873],[-46.4297505,-23.5167342],[-46.4297635,-23.5166105],[-46.4298038,-23.5165418],[-46.42994,-23.516362],[-46.430106,-23.516138],[-46.430141,-23.516072],[-46.430185,-23.515939],[-46.430268,-23.515557],[-46.430303,-23.515147],[-46.43031,-23.514893],[-46.430295,-23.514372],[-46.430309,-23.51422],[-46.43036,-23.513977],[-46.430452,-23.513741],[-46.430534,-23.513607],[-46.430697,-23.513402],[-46.430845,-23.513195],[-46.430931,-23.513037],[-46.430983,-23.512903],[-46.431005,-23.51275],[-46.431005,-23.512601],[-46.431038,-23.512403],[-46.431269,-23.511956],[-46.431388,-23.511782],[-46.431594,-23.511507],[-46.431687,-23.511356],[-46.432209,-23.510199],[-46.432284,-23.510007],[-46.432312,-23.509896],[-46.432326,-23.509695],[-46.432319,-23.509471],[-46.4323,-23.509307],[-46.43223,-23.509076],[-46.432135,-23.508889],[-46.431618,-23.508021],[-46.431184,-23.507237],[-46.431001,-23.506942],[-46.430533,-23.506229],[-46.430188,-23.505779],[-46.42961,-23.504936],[-46.429497,-23.50474],[-46.429404,-23.504542],[-46.4291,-23.503688],[-46.428928,-23.503187],[-46.428373,-23.501728],[-46.428193,-23.501166],[-46.428125,-23.50093],[-46.42809,-23.500742],[-46.42805,-23.500201],[-46.428058,-23.499131],[-46.428088,-23.498615],[-46.428276,-23.497519],[-46.428331,-23.497287],[-46.4284,-23.497053],[-46.428987,-23.495442],[-46.429118,-23.495123],[-46.42914,-23.495101],[-46.429209,-23.495062],[-46.429263,-23.495011],[-46.429323,-23.494901],[-46.429371,-23.494775],[-46.429444,-23.494362],[-46.429524,-23.494095],[-46.429596,-23.493945],[-46.429732,-23.493717],[-46.429857,-23.493583],[-46.430333,-23.493189],[-46.430447,-23.493129],[-46.43063,-23.493071],[-46.430766,-23.493052],[-46.430824,-23.493051],[-46.430958,-23.493077],[-46.431134,-23.493083],[-46.431251,-23.493056],[-46.431363,-23.493012],[-46.431422,-23.492976],[-46.431541,-23.492853],[-46.431676,-23.492764],[-46.432224,-23.492593],[-46.432657,-23.492445],[-46.433151,-23.492372],[-46.433516,-23.492334],[-46.434585,-23.492291],[-46.434836,-23.492265],[-46.435119,-23.492195],[-46.435238,-23.492143],[-46.435385,-23.492052],[-46.43549,-23.491956],[-46.435683,-23.491701],[-46.435759,-23.49156],[-46.435824,-23.491364],[-46.4358552,-23.491183]]],[[[-46.405512,-23.494139],[-46.40576,-23.494143],[-46.406031,-23.494142],[-46.40674,-23.494116],[-46.407457,-23.49406],[-46.408986,-23.493889],[-46.413098,-23.493462],[-46.419875,-23.492779],[-46.4207693,-23.4926819],[-46.422242,-23.492522],[-46.424355,-23.492353],[-46.427302,-23.492047],[-46.429375,-23.491847],[-46.4358552,-23.491183]]],[[[-46.405512,-23.494139],[-46.405519,-23.49421],[-46.40555,-23.494344],[-46.40581,-23.495034],[-46.406055,-23.495732],[-46.406152,-23.496095],[-46.406245,-23.496306],[-46.406461,-23.496544],[-46.406846,-23.496875],[-46.406888,-23.496918],[-46.406904,-23.496945],[-46.406922,-23.49702],[-46.406991,-23.49751],[-46.407026,-23.49767],[-46.407249,-23.498342],[-46.407357,-23.498629],[-46.40738,-23.498753],[-46.407381,-23.499254],[-46.407402,-23.499393],[-46.407423,-23.499473],[-46.407504,-23.499676],[-46.407519,-23.499767],[-46.407509,-23.500101],[-46.407496,-23.500225],[-46.407456,-23.500342],[-46.40739,-23.500494],[-46.406832,-23.501197],[-46.406756,-23.501307],[-46.406704,-23.50141],[-46.406663,-23.501596],[-46.40665,-23.501853],[-46.406668,-23.502066],[-46.406655,-23.502224],[-46.406609,-23.50236],[-46.406393,-23.502856],[-46.40631,-23.502971],[-46.406201,-23.503089],[-46.406116,-23.503135],[-46.406039,-23.50316],[-46.405899,-23.503185],[-46.405828,-23.503211],[-46.405775,-23.503266],[-46.40575,-23.503328],[-46.405635,-23.50372],[-46.405572,-23.503897],[-46.405506,-23.504016],[-46.405276,-23.504485],[-46.4052,-23.504761],[-46.405152,-23.504894],[-46.405014,-23.505182],[-46.405007,-23.505264],[-46.404955,-23.505512],[-46.404726,-23.506358],[-46.404654,-23.506571],[-46.404478,-23.506986],[-46.404388,-23.507222],[-46.404346,-23.507354],[-46.404315,-23.507418],[-46.404229,-23.507537],[-46.404124,-23.507735],[-46.403979,-23.508179],[-46.403892,-23.508381],[-46.403875,-23.50845],[-46.403971,-23.50891],[-46.403968,-23.50906],[-46.403874,-23.509327],[-46.403655,-23.509874],[-46.403632,-23.509982],[-46.403584,-23.510103],[-46.403512,-23.510235],[-46.40345,-23.510323],[-46.403391,-23.510379],[-46.402994,-23.510623],[-46.4026315,-23.5108376],[-46.40226,-23.511122],[-46.401556,-23.511635],[-46.401476,-23.511698],[-46.401437,-23.511751],[-46.401355,-23.511897],[-46.401348,-23.511939],[-46.401354,-23.511978],[-46.401482,-23.51233],[-46.401522,-23.512507],[-46.401533,-23.512645],[-46.401535,-23.512815],[-46.401527,-23.512864],[-46.401502,-23.51291],[-46.40133,-23.513083],[-46.401297,-23.513134],[-46.401284,-23.513191],[-46.401299,-23.513293],[-46.401349,-23.513389],[-46.401442,-23.513532],[-46.401598,-23.513707],[-46.401871,-23.513911],[-46.401911,-23.513953],[-46.402014,-23.514165],[-46.402054,-23.514394],[-46.402028,-23.514783],[-46.401992,-23.515142],[-46.401995,-23.515239],[-46.402026,-23.515361],[-46.402101,-23.515521],[-46.402197,-23.515651],[-46.402226,-23.515727],[-46.402229,-23.5158],[-46.402212,-23.515881],[-46.402173,-23.51595],[-46.401999,-23.516118],[-46.401768,-23.516377],[-46.401649,-23.516533],[-46.401585,-23.516657],[-46.401503,-23.516767],[-46.401302,-23.516979],[-46.401038,-23.517184],[-46.400491,-23.517661],[-46.400377,-23.517788],[-46.40021,-23.518001],[-46.399977,-23.518247],[-46.399731,-23.518556],[-46.399585,-23.518718],[-46.399332,-23.518944],[-46.399262,-23.519031],[-46.399101,-23.519367],[-46.398996,-23.51956],[-46.398952,-23.519659],[-46.398904,-23.519832],[-46.398831,-23.520332],[-46.398768,-23.52061],[-46.398735,-23.520802],[-46.398704,-23.521234],[-46.398722,-23.521504],[-46.398713,-23.521555],[-46.398686,-23.521603],[-46.398612,-23.521684],[-46.398469,-23.521811],[-46.398316,-23.521993],[-46.398154,-23.522364],[-46.398083,-23.522593],[-46.397825,-23.523576],[-46.397739,-23.524025],[-46.397712,-23.52431],[-46.397676,-23.524465],[-46.39762,-23.524564],[-46.397353,-23.524897],[-46.397024,-23.525286]]]]},"properties":{"name":"Vila Curuçá","admin_level":"9"}},{"type":"Feature","geometry":{"type":"MultiPolygon","coordinates":[[[[-46.5299508,-23.5704925],[-46.530066,-23.57056],[-46.530933,-23.570935],[-46.531227,-23.571109],[-46.531415,-23.571209],[-46.531729,-23.57147],[-46.531874,-23.571624],[-46.531965,-23.571752],[-46.532259,-23.57223],[-46.5325828,-23.572716],[-46.5326687,-23.5728336],[-46.5327367,-23.5728993],[-46.5328389,-23.5729659],[-46.5329222,-23.5730012],[-46.5330784,-23.5730308],[-46.5326765,-23.5734416],[-46.532373,-23.573628],[-46.532235,-23.573714],[-46.532143,-23.573762],[-46.532054,-23.573795],[-46.531845,-23.573854],[-46.531654,-23.573856],[-46.530074,-23.574654],[-46.529124,-23.57527],[-46.528794,-23.575475],[-46.528712,-23.575563],[-46.528694,-23.575615],[-46.528681,-23.575718],[-46.528713,-23.576029],[-46.528176,-23.576178],[-46.527163,-23.576439],[-46.52664,-23.576637],[-46.526493,-23.576714],[-46.525351,-23.577414],[-46.525258,-23.577464],[-46.525087,-23.577516],[-46.524825,-23.577568],[-46.524799,-23.577694],[-46.524763,-23.578193],[-46.524782,-23.578347],[-46.524816,-23.578514],[-46.524962,-23.579082],[-46.525002,-23.579223],[-46.525059,-23.579371],[-46.5251448,-23.579579],[-46.5253783,-23.5800541],[-46.5259527,-23.5811198],[-46.5264243,-23.5819116],[-46.52684,-23.582498],[-46.5270501,-23.5828062],[-46.5273023,-23.5831015],[-46.527833,-23.583862],[-46.528053,-23.584217],[-46.528115,-23.584336]]],[[[-46.528115,-23.584336],[-46.528223,-23.584293],[-46.53125,-23.583386],[-46.5315802,-23.5833089],[-46.5318575,-23.5832949],[-46.5320101,-23.5833455],[-46.532251,-23.5834495],[-46.533568,-23.5840849],[-46.5337246,-23.5841243],[-46.5338858,-23.5841112],[-46.5341095,-23.584067],[-46.534475,-23.583974]]],[[[-46.534475,-23.583974],[-46.534579,-23.583853],[-46.534976,-23.583367],[-46.5355662,-23.5826485],[-46.5359003,-23.5822562],[-46.5361486,-23.5821189],[-46.537126,-23.581805],[-46.537294,-23.581704],[-46.540013,-23.57975],[-46.5401559,-23.5796086],[-46.540353,-23.579378],[-46.542307,-23.578906],[-46.545582,-23.578137],[-46.546328,-23.577927],[-46.546845,-23.577795],[-46.5488335,-23.577377],[-46.551035,-23.57686],[-46.5561022,-23.5756313],[-46.557118,-23.575385]]],[[[-46.557118,-23.575385],[-46.557059,-23.574906],[-46.55695,-23.57413],[-46.556662,-23.574221],[-46.554047,-23.568518],[-46.55616,-23.566548],[-46.556278,-23.566449],[-46.556469,-23.56632],[-46.55706,-23.566],[-46.557484,-23.565783],[-46.558717,-23.565159],[-46.559784,-23.564654],[-46.564949,-23.562013],[-46.565061,-23.561951],[-46.56518,-23.561872],[-46.565313,-23.561768],[-46.565444,-23.561651],[-46.565521,-23.561572],[-46.565635,-23.561432],[-46.565715,-23.561316],[-46.565865,-23.561065],[-46.566148,-23.560528],[-46.566341,-23.560217],[-46.566443,-23.560084],[-46.566757,-23.559767],[-46.5669062,-23.5596561],[-46.5669357,-23.5596265],[-46.5669472,-23.559611],[-46.567593,-23.558738],[-46.567833,-23.558518],[-46.567968,-23.558428],[-46.568115,-23.558348],[-46.568611,-23.558152],[-46.568871,-23.557824],[-46.569674,-23.556961],[-46.569692,-23.556925],[-46.569685,-23.556839],[-46.569703,-23.556777],[-46.569716,-23.556678],[-46.569464,-23.555748],[-46.568925,-23.553839],[-46.568901,-23.55367],[-46.5689226,-23.5536258]]],[[[-46.5689226,-23.5536258],[-46.56816,-23.553311],[-46.567139,-23.552907],[-46.567213,-23.552756],[-46.566915,-23.552761],[-46.5665062,-23.5528007],[-46.5658053,-23.5528815],[-46.56172,-23.553266],[-46.561644,-23.553375],[-46.560291,-23.554302],[-46.559682,-23.554637],[-46.559289,-23.554811],[-46.559091,-23.55489],[-46.5587671,-23.555006],[-46.557996,-23.555201],[-46.556083,-23.55571],[-46.555814,-23.555793],[-46.5553163,-23.5558774],[-46.554074,-23.556088],[-46.554074,-23.556],[-46.5540249,-23.5554]]],[[[-46.5540249,-23.5554],[-46.5537285,-23.5554212],[-46.553529,-23.555493],[-46.5533985,-23.5556376],[-46.552838,-23.5563039],[-46.5526763,-23.5561595],[-46.5526345,-23.5561208],[-46.5520194,-23.5555873],[-46.550985,-23.5546586],[-46.5508396,-23.5545509],[-46.5506322,-23.5544657],[-46.5504437,-23.5544247],[-46.5502845,-23.5544198],[-46.5500682,-23.5544328],[-46.5498857,-23.554464],[-46.549732,-23.554525],[-46.54962,-23.554593],[-46.549532,-23.554677],[-46.549457,-23.554784],[-46.549384,-23.554959],[-46.549289,-23.555296],[-46.549204,-23.5557179],[-46.5488348,-23.5555881],[-46.5483128,-23.5555084],[-46.5474982,-23.5553996],[-46.5471581,-23.5553344],[-46.5468497,-23.5553126],[-46.546563,-23.555361],[-46.546072,-23.555466],[-46.545827,-23.555532],[-46.545716,-23.55559],[-46.545673,-23.555512],[-46.545615,-23.555316],[-46.545572,-23.555216],[-46.5454862,-23.5547771],[-46.5454502,-23.5547834],[-46.5453413,-23.5551906],[-46.5452474,-23.5553912],[-46.5448547,-23.5563882],[-46.543691,-23.559451],[-46.543363,-23.560344],[-46.543282,-23.560767],[-46.5433011,-23.560943],[-46.5414573,-23.5602927],[-46.5411602,-23.5601967],[-46.5410056,-23.5601586],[-46.540551,-23.561207],[-46.540612,-23.561659],[-46.539815,-23.56174],[-46.5395054,-23.561757],[-46.539241,-23.561748],[-46.538822,-23.561705],[-46.538708,-23.561713],[-46.5386309,-23.5617189],[-46.538581,-23.561733],[-46.538485,-23.561767],[-46.538374,-23.561822],[-46.538278,-23.561886],[-46.537828,-23.562225],[-46.537721,-23.562252],[-46.537634,-23.562265],[-46.537398,-23.562236],[-46.537271,-23.562188],[-46.537125,-23.562117],[-46.536999,-23.562019],[-46.536913,-23.561911],[-46.536861,-23.56183],[-46.5368005,-23.561632],[-46.5367423,-23.5616377],[-46.5363837,-23.5616986],[-46.5361838,-23.5617343],[-46.535602,-23.561866],[-46.535648,-23.561589],[-46.535632,-23.561401],[-46.535564,-23.561191],[-46.533074,-23.562485],[-46.532141,-23.56298],[-46.531094,-23.563514],[-46.531136,-23.563578],[-46.531379,-23.56388],[-46.531323,-23.563971],[-46.531318,-23.564035],[-46.531327,-23.564093],[-46.531364,-23.564184],[-46.53239,-23.565859],[-46.532573,-23.566196],[-46.532495,-23.566579],[-46.532458,-23.566681],[-46.532406,-23.566756],[-46.532189,-23.566956],[-46.532137,-23.567049],[-46.531391,-23.568817],[-46.531319,-23.56895],[-46.531308,-23.569031],[-46.531329,-23.569152],[-46.531524,-23.569787],[-46.530545,-23.569344],[-46.5299508,-23.5704925]]]]},"properties":{"name":"Vila Formosa","admin_level":"9"}},{"type":"Feature","geometry":{"type":"MultiPolygon","coordinates":[[[[-46.4763267,-23.516766],[-46.476073,-23.51686],[-46.475733,-23.517038],[-46.4757008,-23.5170577],[-46.475597,-23.517121],[-46.475398,-23.517289],[-46.475314,-23.517392],[-46.475199,-23.517557],[-46.474471,-23.518778],[-46.474385,-23.518879],[-46.474307,-23.518944],[-46.474199,-23.519001],[-46.474116,-23.519028],[-46.47399,-23.519045],[-46.4728555,-23.519164],[-46.472475,-23.519205],[-46.472303,-23.519229],[-46.472076,-23.519268],[-46.471428,-23.519418],[-46.471262,-23.519445],[-46.471074,-23.519461],[-46.47094,-23.519457],[-46.470775,-23.519424],[-46.470208,-23.519236],[-46.470069,-23.519179],[-46.4700233,-23.5191522],[-46.469856,-23.519053],[-46.469664,-23.518902],[-46.469506,-23.51875],[-46.469378,-23.518618],[-46.469274,-23.518454],[-46.4691468,-23.5182445],[-46.468693,-23.517499],[-46.467981,-23.516329],[-46.4679328,-23.5162621],[-46.467909,-23.516229],[-46.467859,-23.516179],[-46.467781,-23.516136],[-46.467678,-23.516104],[-46.467533,-23.516073],[-46.4641654,-23.5155362],[-46.463672,-23.51546],[-46.4636024,-23.5154485],[-46.46341,-23.51542],[-46.463267,-23.515408],[-46.462844,-23.51539],[-46.4625435,-23.5153887],[-46.455255,-23.515357],[-46.455137,-23.515343],[-46.454761,-23.5152056],[-46.451999,-23.514175],[-46.451882,-23.514132],[-46.451734,-23.514096],[-46.45157,-23.514076],[-46.443718,-23.513474]]],[[[-46.4763267,-23.516766],[-46.4763531,-23.5165791],[-46.4765181,-23.5154114],[-46.4765382,-23.5152302],[-46.476684,-23.514171],[-46.476932,-23.512366],[-46.476986,-23.512075],[-46.4773245,-23.5103474],[-46.477465,-23.5096588],[-46.478031,-23.506912]]],[[[-46.478031,-23.506912],[-46.475697,-23.505861],[-46.474432,-23.505293],[-46.474207,-23.50518],[-46.473974,-23.505027],[-46.473719,-23.504835],[-46.471689,-23.503219],[-46.471587,-23.503121],[-46.471525,-23.503049],[-46.471458,-23.502942],[-46.470956,-23.501851],[-46.470877,-23.501726],[-46.470763,-23.501588],[-46.470617,-23.501431],[-46.469577,-23.500385],[-46.46937,-23.500203],[-46.469208,-23.500084],[-46.468952,-23.499919],[-46.467849,-23.499247],[-46.467639,-23.499127],[-46.467945,-23.497529],[-46.468076,-23.496342],[-46.4681,-23.496187],[-46.468159,-23.495955],[-46.46822,-23.495796],[-46.468321,-23.495627],[-46.468445,-23.495446],[-46.468594,-23.495269],[-46.468809,-23.495059],[-46.468991,-23.494906],[-46.46912,-23.494812],[-46.469336,-23.494684],[-46.469919,-23.4944184],[-46.470078,-23.494335],[-46.470184,-23.494157],[-46.470238,-23.494005],[-46.470256,-23.493877],[-46.470257,-23.49375],[-46.470222,-23.493528],[-46.470088,-23.49286],[-46.469915,-23.492168],[-46.469816,-23.491857],[-46.469681,-23.491365],[-46.469651,-23.491124],[-46.469644,-23.490945],[-46.469664,-23.490246],[-46.469688,-23.489912],[-46.469688,-23.489469],[-46.469657,-23.489319],[-46.469632,-23.489261],[-46.4693463,-23.489194],[-46.469071,-23.489121],[-46.468637,-23.489031],[-46.468025,-23.488872],[-46.467939,-23.488702],[-46.467804,-23.488529],[-46.467717,-23.48839],[-46.467998,-23.487698],[-46.46813,-23.487347],[-46.468684,-23.485961],[-46.468928,-23.485361],[-46.469051,-23.4851],[-46.469189,-23.484995],[-46.469574,-23.48465],[-46.470256,-23.484062],[-46.469865,-23.482645],[-46.469738,-23.482221],[-46.469631,-23.481891],[-46.469562,-23.481694],[-46.469495,-23.481531],[-46.469337,-23.481058]]],[[[-46.457701,-23.482646],[-46.458191,-23.482483],[-46.458748,-23.482582],[-46.459267,-23.482754],[-46.459656,-23.482887],[-46.460754,-23.482946],[-46.4613876,-23.4830653],[-46.4638991,-23.4827333],[-46.465412,-23.482285],[-46.467007,-23.481859],[-46.46838,-23.481453],[-46.469337,-23.481058]]],[[[-46.443718,-23.513474],[-46.443675,-23.513063],[-46.443551,-23.511616],[-46.443682,-23.511098],[-46.443818,-23.510709],[-46.444388,-23.509542],[-46.444599,-23.509029],[-46.444733,-23.508665],[-46.444917,-23.508258],[-46.445034,-23.508044],[-46.445255,-23.507701],[-46.445647,-23.507168],[-46.445768,-23.50697],[-46.445997,-23.506483],[-46.446284,-23.505701],[-46.44639,-23.505375],[-46.44645,-23.505139],[-46.446548,-23.504526],[-46.446612,-23.504251],[-46.446695,-23.504108],[-46.446786,-23.503983],[-46.447627,-23.50307],[-46.447838,-23.502809],[-46.448003,-23.50256],[-46.448073,-23.50242],[-46.448129,-23.502187],[-46.448175,-23.501591],[-46.448019,-23.500587],[-46.447904,-23.500004],[-46.447778,-23.499289],[-46.447773,-23.499131],[-46.447796,-23.498968],[-46.447849,-23.498786],[-46.447943,-23.498619],[-46.448047,-23.498505],[-46.448218,-23.498407],[-46.448318,-23.498383],[-46.448674,-23.49833],[-46.448976,-23.498299],[-46.449663,-23.498208],[-46.449986,-23.498205],[-46.450208,-23.498257],[-46.450591,-23.498377],[-46.451648,-23.498739],[-46.451819,-23.498818],[-46.451926,-23.498669],[-46.452251,-23.498105],[-46.452331,-23.497755],[-46.45233,-23.497639],[-46.452343,-23.497526],[-46.45241,-23.4974],[-46.452829,-23.49679],[-46.453063,-23.496507],[-46.453421,-23.496874],[-46.453761,-23.497159],[-46.454695,-23.49783],[-46.454972,-23.497994],[-46.455171,-23.498099],[-46.455654,-23.498324],[-46.455795,-23.498385],[-46.455904,-23.498419],[-46.456058,-23.498443],[-46.456483,-23.498461],[-46.456655,-23.498432],[-46.456773,-23.498404],[-46.456673,-23.498278],[-46.456609,-23.498154],[-46.456486,-23.497833],[-46.456339,-23.497406],[-46.456051,-23.496519],[-46.45541,-23.494696],[-46.455339,-23.494527],[-46.455144,-23.494173],[-46.454891,-23.493826],[-46.454745,-23.493661],[-46.45346,-23.492386],[-46.453383,-23.492294],[-46.453359,-23.492245],[-46.453368,-23.492119],[-46.453537,-23.49131],[-46.453659,-23.49078],[-46.453757,-23.490469],[-46.453918,-23.490034],[-46.454479,-23.488741],[-46.454796,-23.48794],[-46.454928,-23.487541],[-46.455126,-23.486991],[-46.455491,-23.48601],[-46.456062,-23.484765],[-46.45645,-23.484087],[-46.456857,-23.483549],[-46.457035,-23.483343],[-46.457283,-23.483091],[-46.457701,-23.482646]]]]},"properties":{"name":"Vila Jacuí","admin_level":"9"}},{"type":"Feature","geometry":{"type":"MultiPolygon","coordinates":[[[[-46.5513573,-23.606781],[-46.551538,-23.606617],[-46.551574,-23.606596],[-46.551648,-23.606574],[-46.551692,-23.606548],[-46.551743,-23.606491],[-46.551812,-23.60638],[-46.551902,-23.606068],[-46.551922,-23.605926],[-46.55192,-23.605802],[-46.551941,-23.605666],[-46.551954,-23.605503],[-46.551927,-23.605328],[-46.551937,-23.604994],[-46.55192,-23.60487],[-46.551918,-23.604778],[-46.55193,-23.604196],[-46.551911,-23.603514],[-46.551877,-23.603336],[-46.551891,-23.603267],[-46.551865,-23.603084],[-46.551841,-23.603038],[-46.551765,-23.602943],[-46.551635,-23.602757],[-46.551267,-23.602327],[-46.55112,-23.602142],[-46.550986,-23.602013],[-46.550935,-23.601982],[-46.550829,-23.601948],[-46.550803,-23.601928],[-46.550352,-23.600429],[-46.551149,-23.600032],[-46.551113,-23.599926],[-46.551031,-23.599405],[-46.550995,-23.5985302],[-46.550997,-23.598225],[-46.551006,-23.598121],[-46.55109,-23.598054],[-46.551205,-23.598002],[-46.551969,-23.597611],[-46.552768,-23.597187],[-46.553144,-23.596997],[-46.553287,-23.596913],[-46.553385,-23.596835],[-46.554054,-23.596221],[-46.554363,-23.595951],[-46.554463,-23.595881],[-46.554584,-23.595819],[-46.554725,-23.595775],[-46.5551567,-23.5956936],[-46.555084,-23.595413],[-46.555051,-23.595338],[-46.555281,-23.595261],[-46.555404,-23.595252],[-46.555491,-23.595262],[-46.55558,-23.595305],[-46.555668,-23.595381],[-46.555743,-23.595402],[-46.55579,-23.5954],[-46.55583,-23.595373],[-46.555873,-23.595327],[-46.556637,-23.59464],[-46.557725,-23.594199],[-46.557993,-23.594101],[-46.558804,-23.593781],[-46.55887,-23.593739],[-46.558997,-23.593621],[-46.559273,-23.593312],[-46.559439,-23.59316],[-46.5596772,-23.5929981],[-46.559871,-23.59273],[-46.560516,-23.59194],[-46.561325,-23.591154],[-46.561709,-23.590741],[-46.563174,-23.589056],[-46.563428,-23.588737],[-46.563567,-23.588575],[-46.563658,-23.588437],[-46.563748,-23.588258],[-46.5642053,-23.5870341],[-46.565485,-23.583738],[-46.5657007,-23.583184],[-46.565796,-23.582902],[-46.565853,-23.582815],[-46.565925,-23.582682],[-46.562907,-23.582377],[-46.562901,-23.5822906],[-46.562922,-23.582109],[-46.563131,-23.581412]]],[[[-46.5513573,-23.606781],[-46.5526318,-23.6081764],[-46.5531304,-23.6087181],[-46.5533155,-23.6089684],[-46.5534207,-23.6091847],[-46.5537579,-23.6100311],[-46.5538573,-23.6102268],[-46.5539378,-23.6103595],[-46.5540589,-23.6104916],[-46.5542358,-23.6106443],[-46.5562028,-23.611815],[-46.5564043,-23.6119288],[-46.5566396,-23.6120182]]],[[[-46.5566396,-23.6120182],[-46.5568115,-23.6120609],[-46.5571947,-23.6120909],[-46.5574767,-23.6120632],[-46.5577279,-23.6119959],[-46.5579236,-23.6119007],[-46.5611208,-23.6099216],[-46.5657449,-23.6070829],[-46.565989,-23.6069236],[-46.566218,-23.6067695],[-46.5663864,-23.6066329],[-46.5668499,-23.6063006],[-46.5678141,-23.6054601],[-46.5679967,-23.6053248],[-46.5682507,-23.6051656],[-46.5703998,-23.6038436],[-46.5746685,-23.6011773],[-46.5749821,-23.6009935],[-46.5752373,-23.6008724],[-46.5754106,-23.600805],[-46.5756464,-23.600734],[-46.5758683,-23.6006954],[-46.5766197,-23.6006327],[-46.5768671,-23.6005825],[-46.5771824,-23.6004939],[-46.5773696,-23.6004167],[-46.5790865,-23.5994926]]],[[[-46.5793341,-23.604637],[-46.5793115,-23.6044387],[-46.579311,-23.6042323],[-46.5793172,-23.6035113],[-46.5794188,-23.6031595],[-46.5794759,-23.6028878],[-46.5795127,-23.6024332],[-46.5794986,-23.6021994],[-46.5794554,-23.6019679],[-46.5793691,-23.6017965],[-46.5790653,-23.6013401],[-46.5789622,-23.601158],[-46.5788984,-23.6009856],[-46.5788595,-23.6008204],[-46.5788381,-23.6006673],[-46.5788358,-23.6004875],[-46.5788857,-23.6001969],[-46.5789152,-23.6000664],[-46.5790865,-23.5994926]]],[[[-46.5793341,-23.604637],[-46.5845454,-23.598461],[-46.590353,-23.591598],[-46.5935246,-23.5877919],[-46.594368,-23.586749],[-46.594769,-23.586103],[-46.595112,-23.585515],[-46.595452,-23.584847],[-46.5970016,-23.5817004]]],[[[-46.5970016,-23.5817004],[-46.5967166,-23.5816814],[-46.5963566,-23.5816844],[-46.5960806,-23.5817004],[-46.5948286,-23.5818104],[-46.5936786,-23.5818944],[-46.5926426,-23.5819584],[-46.5920196,-23.5819884],[-46.5911556,-23.5820494],[-46.5908616,-23.5820384],[-46.5901188,-23.5820494],[-46.5901356,-23.5819534],[-46.5901664,-23.5818778],[-46.5906156,-23.5809594],[-46.5907186,-23.5807674],[-46.5909006,-23.5803404],[-46.5906236,-23.5806894],[-46.5903226,-23.5809204],[-46.5901026,-23.5810284],[-46.5898086,-23.5811194],[-46.5894656,-23.5811654],[-46.5892226,-23.5811734],[-46.5888376,-23.5810994],[-46.5886266,-23.5810404],[-46.5884086,-23.5809504],[-46.5879026,-23.5806324],[-46.5877496,-23.5804844],[-46.5872646,-23.5798004],[-46.5868577,-23.5791519],[-46.5856876,-23.5773444],[-46.5850946,-23.5764084],[-46.5849296,-23.5760714],[-46.5848436,-23.5757994],[-46.5847836,-23.5755564],[-46.5847617,-23.5753218],[-46.5847636,-23.5749504],[-46.5848096,-23.5746604],[-46.5848396,-23.5745564],[-46.5845626,-23.5745124],[-46.5844746,-23.5744694],[-46.5827906,-23.5737644],[-46.5813226,-23.5731034]]],[[[-46.563131,-23.581412],[-46.5632649,-23.5814376],[-46.565566,-23.581373],[-46.567154,-23.581123],[-46.567416,-23.58103],[-46.56972,-23.580027],[-46.571725,-23.579556],[-46.571991,-23.579503],[-46.572383,-23.579392],[-46.5750684,-23.5780672],[-46.575716,-23.5777488],[-46.5759477,-23.5776595],[-46.575995,-23.577676],[-46.576138,-23.577712],[-46.576293,-23.577729],[-46.576449,-23.577718],[-46.576597,-23.577685],[-46.576687,-23.577691],[-46.576724,-23.577574],[-46.577416,-23.576246],[-46.57751,-23.576095],[-46.577696,-23.575904],[-46.577807,-23.575891],[-46.577866,-23.575906],[-46.578056,-23.575978],[-46.578246,-23.576006],[-46.578472,-23.575974],[-46.579204,-23.575842],[-46.57928,-23.575699],[-46.579351,-23.575539],[-46.579336,-23.575413],[-46.579275,-23.575093],[-46.5792,-23.574847],[-46.579141,-23.574728],[-46.579088,-23.574687],[-46.578971,-23.574633],[-46.579089,-23.574515],[-46.579714,-23.573967],[-46.579806,-23.573918],[-46.580145,-23.573839],[-46.580227,-23.57384],[-46.5803022,-23.5738442],[-46.580391,-23.573785],[-46.580698,-23.573544],[-46.581119,-23.573186],[-46.5813226,-23.5731034]]]]},"properties":{"name":"Vila Prudente","admin_level":"9"}},{"type":"Feature","geometry":{"type":"MultiPolygon","coordinates":[[[[-46.557118,-23.575385],[-46.557059,-23.574906],[-46.55695,-23.57413],[-46.556662,-23.574221],[-46.554047,-23.568518],[-46.55616,-23.566548],[-46.556278,-23.566449],[-46.556469,-23.56632],[-46.55706,-23.566],[-46.557484,-23.565783],[-46.558717,-23.565159],[-46.559784,-23.564654],[-46.564949,-23.562013],[-46.565061,-23.561951],[-46.56518,-23.561872],[-46.565313,-23.561768],[-46.565444,-23.561651],[-46.565521,-23.561572],[-46.565635,-23.561432],[-46.565715,-23.561316],[-46.565865,-23.561065],[-46.566148,-23.560528],[-46.566341,-23.560217],[-46.566443,-23.560084],[-46.566757,-23.559767],[-46.5669062,-23.5596561],[-46.5669357,-23.5596265],[-46.5669472,-23.559611],[-46.567593,-23.558738],[-46.567833,-23.558518],[-46.567968,-23.558428],[-46.568115,-23.558348],[-46.568611,-23.558152],[-46.568871,-23.557824],[-46.569674,-23.556961],[-46.569692,-23.556925],[-46.569685,-23.556839],[-46.569703,-23.556777],[-46.569716,-23.556678],[-46.569464,-23.555748],[-46.568925,-23.553839],[-46.568901,-23.55367],[-46.5689226,-23.5536258]]],[[[-46.578843,-23.549299],[-46.578705,-23.549656],[-46.57859,-23.549939],[-46.577407,-23.552019],[-46.576585,-23.552191],[-46.575652,-23.552428],[-46.575334,-23.552496],[-46.574976,-23.552568],[-46.574677,-23.552611],[-46.574487,-23.552617],[-46.573905,-23.552605],[-46.573073,-23.552538],[-46.572643,-23.552471],[-46.571166,-23.552167],[-46.571151,-23.552241],[-46.571063,-23.552482],[-46.571026,-23.552551],[-46.570956,-23.552618],[-46.570854,-23.552671],[-46.570729,-23.552698],[-46.570166,-23.552755],[-46.569746,-23.5528158],[-46.5696192,-23.5528864],[-46.569552,-23.55296],[-46.569487,-23.553102],[-46.569462,-23.553302],[-46.569136,-23.553475],[-46.5689226,-23.5536258]]],[[[-46.583664,-23.554021],[-46.583605,-23.553942],[-46.581945,-23.552424],[-46.581307,-23.551821],[-46.580221,-23.550764],[-46.580161,-23.550715],[-46.580589,-23.550047],[-46.580656,-23.549962],[-46.578843,-23.549299]]],[[[-46.5813226,-23.5731034],[-46.581481,-23.572839],[-46.581685,-23.572601],[-46.581781,-23.572454],[-46.581799,-23.572388],[-46.581812,-23.572259],[-46.5813785,-23.5717283],[-46.581241,-23.571549],[-46.58122,-23.571437],[-46.581198,-23.571161],[-46.581193,-23.57069],[-46.581274,-23.569858],[-46.5813,-23.569687],[-46.581333,-23.569579],[-46.581392,-23.569494],[-46.581491,-23.569383],[-46.581631,-23.569246],[-46.581774,-23.569128],[-46.581946,-23.569001],[-46.582419,-23.568697],[-46.582518,-23.568609],[-46.585428,-23.56845],[-46.58561,-23.568426],[-46.585759,-23.568365],[-46.586055,-23.568099],[-46.58728,-23.567066],[-46.588433,-23.566059],[-46.588913,-23.565584],[-46.589507,-23.564899],[-46.589381,-23.564695],[-46.588623,-23.563272],[-46.586991,-23.560189],[-46.586558,-23.55935],[-46.585961,-23.558272],[-46.585584,-23.557565],[-46.58543,-23.557253],[-46.585135,-23.556723],[-46.583734,-23.554115],[-46.583664,-23.554021]]],[[[-46.563131,-23.581412],[-46.5632649,-23.5814376],[-46.565566,-23.581373],[-46.567154,-23.581123],[-46.567416,-23.58103],[-46.56972,-23.580027],[-46.571725,-23.579556],[-46.571991,-23.579503],[-46.572383,-23.579392],[-46.5750684,-23.5780672],[-46.575716,-23.5777488],[-46.5759477,-23.5776595],[-46.575995,-23.577676],[-46.576138,-23.577712],[-46.576293,-23.577729],[-46.576449,-23.577718],[-46.576597,-23.577685],[-46.576687,-23.577691],[-46.576724,-23.577574],[-46.577416,-23.576246],[-46.57751,-23.576095],[-46.577696,-23.575904],[-46.577807,-23.575891],[-46.577866,-23.575906],[-46.578056,-23.575978],[-46.578246,-23.576006],[-46.578472,-23.575974],[-46.579204,-23.575842],[-46.57928,-23.575699],[-46.579351,-23.575539],[-46.579336,-23.575413],[-46.579275,-23.575093],[-46.5792,-23.574847],[-46.579141,-23.574728],[-46.579088,-23.574687],[-46.578971,-23.574633],[-46.579089,-23.574515],[-46.579714,-23.573967],[-46.579806,-23.573918],[-46.580145,-23.573839],[-46.580227,-23.57384],[-46.5803022,-23.5738442],[-46.580391,-23.573785],[-46.580698,-23.573544],[-46.581119,-23.573186],[-46.5813226,-23.5731034]]],[[[-46.563131,-23.581412],[-46.562931,-23.581374],[-46.55998,-23.580704],[-46.5599077,-23.5806927],[-46.559778,-23.58068],[-46.559669,-23.580681],[-46.557824,-23.580868],[-46.5576059,-23.5787888],[-46.557368,-23.577368],[-46.557118,-23.575385]]]]},"properties":{"name":"Água Rasa","admin_level":"9"}},{"type":"Feature","geometry":{"type":"MultiPolygon","coordinates":[[[[-46.501283,-23.530955],[-46.501712,-23.531519],[-46.501613,-23.53163],[-46.501554,-23.531712],[-46.501492,-23.531843],[-46.501382,-23.532144],[-46.501309,-23.532319],[-46.501204,-23.532469],[-46.499406,-23.534606],[-46.498565,-23.535626],[-46.498485,-23.535698],[-46.49837,-23.535762],[-46.497884,-23.536457],[-46.497717,-23.536682],[-46.497576,-23.536916],[-46.4973454,-23.5373217],[-46.4973085,-23.5373623],[-46.497107,-23.537741],[-46.4969461,-23.5380344],[-46.496479,-23.538886],[-46.495915,-23.539842],[-46.496277,-23.540003],[-46.495985,-23.540352],[-46.49375,-23.542954],[-46.493449,-23.543325],[-46.496129,-23.542862],[-46.496592,-23.542789],[-46.496878,-23.542772],[-46.49713,-23.542783],[-46.497318,-23.542803],[-46.497762,-23.54288],[-46.498032,-23.542965],[-46.498419,-23.543105],[-46.49876,-23.543279],[-46.498976,-23.5434],[-46.499295,-23.543641],[-46.499457,-23.543792],[-46.499675,-23.544039],[-46.499862,-23.544312],[-46.500301,-23.545042],[-46.500445,-23.545265],[-46.500598,-23.545428],[-46.501093,-23.545875],[-46.5012,-23.545992],[-46.501261,-23.546139],[-46.50225,-23.54945]]],[[[-46.501283,-23.530955],[-46.4985,-23.532751],[-46.497673,-23.533293],[-46.497416,-23.533473],[-46.497225,-23.533626],[-46.496421,-23.534361],[-46.496099,-23.534595],[-46.495854,-23.534737],[-46.49565,-23.534845],[-46.495462,-23.534934],[-46.495288,-23.535006],[-46.49482,-23.535163],[-46.494699,-23.535194],[-46.494499,-23.535228],[-46.493661,-23.535309],[-46.493608,-23.535192],[-46.4934826,-23.5349641],[-46.493361,-23.534795],[-46.49309,-23.534446],[-46.492551,-23.53384],[-46.491711,-23.533018],[-46.490505,-23.531855],[-46.48955,-23.530901],[-46.488877,-23.530213],[-46.488558,-23.529901],[-46.488692,-23.529664],[-46.488874,-23.529292],[-46.489182,-23.528722],[-46.489426,-23.528299],[-46.489581,-23.527984],[-46.489706,-23.527753]]],[[[-46.489706,-23.527753],[-46.489513,-23.527699],[-46.489412,-23.527664],[-46.489323,-23.527612],[-46.489199,-23.527505],[-46.488967,-23.527238],[-46.488962,-23.527205],[-46.488942,-23.52718],[-46.488892,-23.52714],[-46.488792,-23.52701],[-46.488763,-23.526924],[-46.488729,-23.52689],[-46.488616,-23.526806],[-46.488529,-23.526672],[-46.488395,-23.526498],[-46.488219,-23.526306],[-46.488142,-23.526183],[-46.488106,-23.526081],[-46.488043,-23.525996],[-46.487877,-23.525835],[-46.487822,-23.525714],[-46.487409,-23.526087],[-46.487285,-23.526157],[-46.487089,-23.52623],[-46.486944,-23.526242],[-46.486736,-23.526231],[-46.486159,-23.526167],[-46.486034,-23.526142],[-46.485941,-23.526114],[-46.485536,-23.525936],[-46.48393,-23.525166],[-46.483886,-23.52516],[-46.483815,-23.525169],[-46.483751,-23.525193],[-46.482421,-23.525933],[-46.482339,-23.525961],[-46.482259,-23.525975],[-46.482163,-23.525971],[-46.480947,-23.525865],[-46.478036,-23.524816],[-46.4766607,-23.5243267],[-46.475748,-23.524002],[-46.475096,-23.52379],[-46.475061,-23.523784]]],[[[-46.477552,-23.548743],[-46.477545,-23.548706],[-46.477531,-23.548153],[-46.477503,-23.547728],[-46.477456,-23.547535],[-46.477381,-23.547338],[-46.4769852,-23.5465677],[-46.476486,-23.545596],[-46.475995,-23.54495],[-46.475668,-23.544542],[-46.475267,-23.544108],[-46.474954,-23.543835],[-46.474494,-23.543521],[-46.474318,-23.543332],[-46.474221,-23.543167],[-46.47363,-23.541547],[-46.473319,-23.540727],[-46.473261,-23.540549],[-46.473244,-23.540384],[-46.473278,-23.5402],[-46.473304,-23.540109],[-46.473379,-23.540009],[-46.4740941,-23.5394459],[-46.474193,-23.539327],[-46.474303,-23.539115],[-46.474365,-23.538977],[-46.474664,-23.538554],[-46.474894,-23.538253],[-46.474978,-23.5381129],[-46.475047,-23.537922],[-46.4751571,-23.5375667],[-46.475153,-23.537488],[-46.475119,-23.537382],[-46.4747299,-23.5364059],[-46.474445,-23.536098],[-46.474337,-23.535969],[-46.474101,-23.535545],[-46.473934,-23.535119],[-46.473767,-23.534616],[-46.473625,-23.534058],[-46.473563,-23.53367],[-46.473512,-23.533147],[-46.473489,-23.532706],[-46.473495,-23.532359],[-46.473513,-23.532131],[-46.474174,-23.528536],[-46.475061,-23.523784]]],[[[-46.50225,-23.54945],[-46.501744,-23.54963],[-46.501173,-23.549796],[-46.500879,-23.549864],[-46.500737,-23.549883],[-46.50052,-23.549902],[-46.500267,-23.549903],[-46.499361,-23.549858],[-46.499081,-23.549864],[-46.498901,-23.549881],[-46.498788,-23.549909],[-46.498225,-23.550077],[-46.497664,-23.55026],[-46.497499,-23.550323],[-46.497251,-23.550462],[-46.4968794,-23.5507119],[-46.496564,-23.550924],[-46.496116,-23.551241],[-46.495316,-23.551766],[-46.493282,-23.553029],[-46.493099,-23.553129],[-46.492931,-23.553208],[-46.492307,-23.553421],[-46.491988,-23.553518],[-46.491787,-23.553565],[-46.490942,-23.553703],[-46.487657,-23.554035],[-46.487158,-23.55408],[-46.486828,-23.554121],[-46.48635,-23.554216],[-46.485955,-23.554328],[-46.48526,-23.554597],[-46.485025,-23.554677],[-46.48482,-23.554726],[-46.484615,-23.554765],[-46.484426,-23.554778],[-46.484222,-23.554778],[-46.483972,-23.554765],[-46.483675,-23.554713],[-46.483617,-23.554623],[-46.483468,-23.554428],[-46.483276,-23.5542266],[-46.483263,-23.554213],[-46.483046,-23.554052],[-46.482819,-23.553915],[-46.482391,-23.553725],[-46.482269,-23.553714],[-46.482144,-23.553729],[-46.482011,-23.553774],[-46.481698,-23.553897],[-46.48156,-23.553968],[-46.481348,-23.554046],[-46.481297,-23.554054],[-46.481088,-23.554055],[-46.480941,-23.554027],[-46.480831,-23.553988],[-46.480752,-23.553929],[-46.480738,-23.553837],[-46.480713,-23.553797],[-46.48065,-23.553763],[-46.480355,-23.553671],[-46.480095,-23.553567],[-46.4798161,-23.5534474],[-46.479565,-23.5532547],[-46.479485,-23.553144],[-46.479332,-23.552889],[-46.479246,-23.552706],[-46.479121,-23.552405],[-46.4788332,-23.5516243],[-46.4791001,-23.5514882],[-46.4790001,-23.5513371],[-46.4788746,-23.5511744],[-46.478771,-23.55104],[-46.4785854,-23.5507638],[-46.478425,-23.550525],[-46.4779291,-23.549552],[-46.477767,-23.549234],[-46.4777005,-23.5491112],[-46.477623,-23.548968],[-46.477552,-23.548743]]]]},"properties":{"name":"Artur Alvim","admin_level":"9"}},{"type":"Feature","geometry":{"type":"MultiPolygon","coordinates":[[[[-46.50225,-23.54945],[-46.50254,-23.549362],[-46.502873,-23.549285],[-46.504489,-23.548959],[-46.504958,-23.548873],[-46.505409,-23.548829],[-46.505561,-23.548828],[-46.505764,-23.548842],[-46.505975,-23.54887],[-46.506201,-23.548921],[-46.506485,-23.549012],[-46.506705,-23.549104],[-46.506879,-23.549192],[-46.507109,-23.549321],[-46.50733,-23.549475],[-46.507952,-23.549981],[-46.508103,-23.550078],[-46.508212,-23.550131],[-46.508377,-23.550195],[-46.508503,-23.550222],[-46.508729,-23.550248],[-46.509018,-23.550262],[-46.509902,-23.550248],[-46.5104776,-23.5502999],[-46.510798,-23.550313],[-46.51103,-23.550385],[-46.511178,-23.550466],[-46.511359,-23.55058],[-46.511462,-23.550663],[-46.512155,-23.5513],[-46.51302,-23.552132],[-46.513114,-23.552251],[-46.513221,-23.552431],[-46.513384,-23.552763],[-46.513699,-23.55345],[-46.513787,-23.553586],[-46.513881,-23.553701],[-46.513974,-23.553797],[-46.514083,-23.553893],[-46.514182,-23.553964],[-46.514298,-23.554027],[-46.516166,-23.554811],[-46.516448,-23.554903],[-46.516838,-23.555008],[-46.51701,-23.555068],[-46.517149,-23.555133]]],[[[-46.517149,-23.555133],[-46.516335,-23.5563],[-46.5162,-23.556477],[-46.51603,-23.556679],[-46.515726,-23.556995],[-46.514447,-23.558262],[-46.513873,-23.558806],[-46.513489,-23.559191],[-46.512855,-23.559845],[-46.5119595,-23.5607329],[-46.511786,-23.560905],[-46.511539,-23.561143],[-46.511199,-23.561422],[-46.510415,-23.561978],[-46.510052,-23.562211],[-46.509512,-23.56259],[-46.509243,-23.562807],[-46.50896,-23.563061],[-46.50877,-23.563247],[-46.508576,-23.563458],[-46.508401,-23.56368],[-46.508251,-23.563897],[-46.508022,-23.564259],[-46.507924,-23.564436],[-46.507832,-23.564629],[-46.507532,-23.565356],[-46.507265,-23.565889],[-46.507103,-23.566191],[-46.506959,-23.566391],[-46.50675,-23.566664],[-46.506536,-23.566891],[-46.505807,-23.567523],[-46.505657,-23.567645],[-46.505468,-23.567777],[-46.50518,-23.568057],[-46.504947,-23.5683],[-46.504727,-23.568577],[-46.504543,-23.568842],[-46.504434,-23.569063],[-46.504331,-23.569338],[-46.5042,-23.569788],[-46.504133,-23.570046],[-46.504102,-23.570259],[-46.504096,-23.570765],[-46.504116,-23.571024],[-46.504142,-23.571579],[-46.504146,-23.57205],[-46.504124,-23.572545],[-46.504104,-23.572757],[-46.504044,-23.573042],[-46.503916,-23.573411],[-46.503784,-23.573713],[-46.503559,-23.574123],[-46.503259,-23.574625],[-46.50295,-23.575095],[-46.502596,-23.575573],[-46.502338,-23.575862]]],[[[-46.502338,-23.575862],[-46.502044,-23.576209],[-46.501865,-23.576396],[-46.501551,-23.576697],[-46.500683,-23.577439],[-46.500424,-23.577622],[-46.499987,-23.577901],[-46.499679,-23.578068],[-46.499276,-23.578252],[-46.498898,-23.578397],[-46.498527,-23.578512],[-46.498013,-23.578629],[-46.497701,-23.578686],[-46.497323,-23.578716],[-46.496883,-23.578729],[-46.496546,-23.578736],[-46.495921,-23.578725],[-46.495593,-23.578734],[-46.49526,-23.578764],[-46.494956,-23.578811],[-46.494713,-23.578869],[-46.494504,-23.57893],[-46.493896,-23.579182],[-46.493717,-23.579282],[-46.493549,-23.579386],[-46.493174,-23.579668],[-46.493008,-23.579816],[-46.492809,-23.58001],[-46.492635,-23.580203],[-46.4909902,-23.5822314]]],[[[-46.4909902,-23.5822314],[-46.4905467,-23.5819184],[-46.4898223,-23.5814217],[-46.4893423,-23.5811091],[-46.48883,-23.580808],[-46.488416,-23.580605],[-46.487877,-23.580399],[-46.487824,-23.580325],[-46.487756,-23.580192],[-46.487355,-23.579627],[-46.487241,-23.579427],[-46.487117,-23.57912],[-46.486991,-23.578424],[-46.486926,-23.578174],[-46.486856,-23.577988],[-46.486739,-23.577748],[-46.486662,-23.577629],[-46.486572,-23.577517],[-46.486464,-23.57741],[-46.486185,-23.577179],[-46.485383,-23.576548],[-46.485198,-23.576343],[-46.485029,-23.576131],[-46.484961,-23.575867],[-46.484888,-23.574979],[-46.484798,-23.573497],[-46.484762,-23.573313],[-46.484697,-23.57308],[-46.484625,-23.572889],[-46.484542,-23.5727],[-46.484385,-23.572449],[-46.484044,-23.572003],[-46.48335,-23.571065],[-46.483149,-23.570764],[-46.482316,-23.569796],[-46.4819363,-23.5690271],[-46.4818081,-23.5691037],[-46.4810347,-23.5694511],[-46.480783,-23.569517],[-46.4797449,-23.5699447],[-46.4793647,-23.5697102],[-46.4791807,-23.5695943],[-46.4788487,-23.5694756],[-46.478659,-23.5694111],[-46.4784145,-23.5693541],[-46.478086,-23.5692822],[-46.477517,-23.5691906],[-46.4762909,-23.5689933],[-46.4762065,-23.5689733],[-46.4761101,-23.5689504],[-46.475921,-23.568899],[-46.475691,-23.568836],[-46.475515,-23.568763],[-46.475321,-23.568662],[-46.475195,-23.568577],[-46.475024,-23.568405],[-46.474899,-23.568234],[-46.474809,-23.568081],[-46.474742,-23.567925],[-46.474696,-23.567757],[-46.474525,-23.56697],[-46.474464,-23.56657],[-46.474386,-23.565929],[-46.47438,-23.565379],[-46.474391,-23.564759],[-46.474381,-23.560823],[-46.47355,-23.560906],[-46.473004,-23.560971],[-46.472914,-23.560965],[-46.472136,-23.560712],[-46.471771,-23.560577],[-46.470963,-23.560189],[-46.470814,-23.560096],[-46.470563,-23.559888],[-46.470501,-23.559806],[-46.469097,-23.558348],[-46.468533,-23.557658],[-46.468338,-23.557585],[-46.468293,-23.557534],[-46.468178,-23.55747],[-46.468117,-23.557445],[-46.467794,-23.557374],[-46.467521,-23.557327],[-46.46734,-23.557274],[-46.46726,-23.557277],[-46.467136,-23.557267],[-46.46678,-23.557283],[-46.466296,-23.557366],[-46.466207,-23.557009],[-46.466165,-23.556658],[-46.466142,-23.556584],[-46.466057,-23.556448],[-46.465997,-23.556302],[-46.465957,-23.556084],[-46.465878,-23.555748],[-46.465804,-23.555509],[-46.465743,-23.555396],[-46.465635,-23.555294],[-46.465516,-23.555221],[-46.465476,-23.555205],[-46.46535,-23.555204],[-46.465153,-23.555217],[-46.465123,-23.555211],[-46.465057,-23.555181],[-46.464968,-23.555094],[-46.464842,-23.55493],[-46.464659,-23.554743],[-46.464518,-23.554586],[-46.4645273,-23.5544899],[-46.4645259,-23.5539365],[-46.464512,-23.553787],[-46.464495,-23.553608],[-46.464361,-23.553414],[-46.464142,-23.5532],[-46.463925,-23.552911],[-46.463779,-23.552701],[-46.46364,-23.55244],[-46.463613,-23.552366],[-46.463608,-23.552298],[-46.463655,-23.552042],[-46.463651,-23.551924],[-46.463618,-23.55184],[-46.463548,-23.551718],[-46.463144,-23.551384],[-46.463051,-23.551244],[-46.462982,-23.551107],[-46.462971,-23.551007],[-46.462985,-23.550952],[-46.463019,-23.550898],[-46.463061,-23.550856],[-46.463083,-23.550811],[-46.4630968,-23.5507519]]],[[[-46.4630968,-23.5507519],[-46.463075,-23.550651],[-46.463045,-23.550594],[-46.462894,-23.550438],[-46.46284,-23.550356],[-46.462795,-23.550268],[-46.462767,-23.550172],[-46.462715,-23.549932],[-46.462696,-23.549783],[-46.462707,-23.549738],[-46.462759,-23.549652],[-46.46283,-23.549561],[-46.462887,-23.549513],[-46.463089,-23.54941],[-46.463195,-23.549322],[-46.46327,-23.549244],[-46.463568,-23.548801],[-46.463839,-23.548947],[-46.464412,-23.549177],[-46.464685,-23.549321],[-46.465283,-23.549531],[-46.465475,-23.549557],[-46.465818,-23.549624],[-46.466068,-23.549656],[-46.466508,-23.549689],[-46.466945,-23.549757],[-46.467061,-23.549765],[-46.467245,-23.549766],[-46.467295,-23.549777],[-46.467435,-23.549832],[-46.467531,-23.549849],[-46.467778,-23.549868],[-46.467879,-23.549869],[-46.468417,-23.549955],[-46.468609,-23.549965],[-46.469225,-23.550029],[-46.469641,-23.550083],[-46.470206,-23.550129],[-46.470616,-23.550239],[-46.471005,-23.550316],[-46.471223,-23.550349],[-46.471349,-23.55035],[-46.471457,-23.55034],[-46.471742,-23.550335],[-46.47184,-23.550327],[-46.471885,-23.55031],[-46.4721,-23.550134],[-46.472198,-23.550038],[-46.472222,-23.549989],[-46.472234,-23.549935],[-46.472259,-23.549888],[-46.472349,-23.549825],[-46.472624,-23.549659],[-46.472802,-23.549541],[-46.4730608,-23.5494369],[-46.4732966,-23.5492729],[-46.4733535,-23.5491611],[-46.4734348,-23.5488033],[-46.477552,-23.548743]]],[[[-46.50225,-23.54945],[-46.501744,-23.54963],[-46.501173,-23.549796],[-46.500879,-23.549864],[-46.500737,-23.549883],[-46.50052,-23.549902],[-46.500267,-23.549903],[-46.499361,-23.549858],[-46.499081,-23.549864],[-46.498901,-23.549881],[-46.498788,-23.549909],[-46.498225,-23.550077],[-46.497664,-23.55026],[-46.497499,-23.550323],[-46.497251,-23.550462],[-46.4968794,-23.5507119],[-46.496564,-23.550924],[-46.496116,-23.551241],[-46.495316,-23.551766],[-46.493282,-23.553029],[-46.493099,-23.553129],[-46.492931,-23.553208],[-46.492307,-23.553421],[-46.491988,-23.553518],[-46.491787,-23.553565],[-46.490942,-23.553703],[-46.487657,-23.554035],[-46.487158,-23.55408],[-46.486828,-23.554121],[-46.48635,-23.554216],[-46.485955,-23.554328],[-46.48526,-23.554597],[-46.485025,-23.554677],[-46.48482,-23.554726],[-46.484615,-23.554765],[-46.484426,-23.554778],[-46.484222,-23.554778],[-46.483972,-23.554765],[-46.483675,-23.554713],[-46.483617,-23.554623],[-46.483468,-23.554428],[-46.483276,-23.5542266],[-46.483263,-23.554213],[-46.483046,-23.554052],[-46.482819,-23.553915],[-46.482391,-23.553725],[-46.482269,-23.553714],[-46.482144,-23.553729],[-46.482011,-23.553774],[-46.481698,-23.553897],[-46.48156,-23.553968],[-46.481348,-23.554046],[-46.481297,-23.554054],[-46.481088,-23.554055],[-46.480941,-23.554027],[-46.480831,-23.553988],[-46.480752,-23.553929],[-46.480738,-23.553837],[-46.480713,-23.553797],[-46.48065,-23.553763],[-46.480355,-23.553671],[-46.480095,-23.553567],[-46.4798161,-23.5534474],[-46.479565,-23.5532547],[-46.479485,-23.553144],[-46.479332,-23.552889],[-46.479246,-23.552706],[-46.479121,-23.552405],[-46.4788332,-23.5516243],[-46.4791001,-23.5514882],[-46.4790001,-23.5513371],[-46.4788746,-23.5511744],[-46.478771,-23.55104],[-46.4785854,-23.5507638],[-46.478425,-23.550525],[-46.4779291,-23.549552],[-46.477767,-23.549234],[-46.4777005,-23.5491112],[-46.477623,-23.548968],[-46.477552,-23.548743]]]]},"properties":{"name":"Cidade Líder","admin_level":"9"}},{"type":"Feature","geometry":{"type":"MultiPolygon","coordinates":[[[[-46.445455,-23.556812],[-46.445721,-23.556699],[-46.4460914,-23.5565927],[-46.4464932,-23.5565472],[-46.4473033,-23.556517],[-46.449333,-23.5564558],[-46.451355,-23.556367],[-46.451482,-23.55632],[-46.458995,-23.551969],[-46.45987,-23.551456],[-46.460057,-23.551728],[-46.460796,-23.551308],[-46.461578,-23.550846],[-46.462239,-23.550469],[-46.462262,-23.550561],[-46.462802,-23.550674],[-46.4630968,-23.5507519]]],[[[-46.4630968,-23.5507519],[-46.463075,-23.550651],[-46.463045,-23.550594],[-46.462894,-23.550438],[-46.46284,-23.550356],[-46.462795,-23.550268],[-46.462767,-23.550172],[-46.462715,-23.549932],[-46.462696,-23.549783],[-46.462707,-23.549738],[-46.462759,-23.549652],[-46.46283,-23.549561],[-46.462887,-23.549513],[-46.463089,-23.54941],[-46.463195,-23.549322],[-46.46327,-23.549244],[-46.463568,-23.548801],[-46.463839,-23.548947],[-46.464412,-23.549177],[-46.464685,-23.549321],[-46.465283,-23.549531],[-46.465475,-23.549557],[-46.465818,-23.549624],[-46.466068,-23.549656],[-46.466508,-23.549689],[-46.466945,-23.549757],[-46.467061,-23.549765],[-46.467245,-23.549766],[-46.467295,-23.549777],[-46.467435,-23.549832],[-46.467531,-23.549849],[-46.467778,-23.549868],[-46.467879,-23.549869],[-46.468417,-23.549955],[-46.468609,-23.549965],[-46.469225,-23.550029],[-46.469641,-23.550083],[-46.470206,-23.550129],[-46.470616,-23.550239],[-46.471005,-23.550316],[-46.471223,-23.550349],[-46.471349,-23.55035],[-46.471457,-23.55034],[-46.471742,-23.550335],[-46.47184,-23.550327],[-46.471885,-23.55031],[-46.4721,-23.550134],[-46.472198,-23.550038],[-46.472222,-23.549989],[-46.472234,-23.549935],[-46.472259,-23.549888],[-46.472349,-23.549825],[-46.472624,-23.549659],[-46.472802,-23.549541],[-46.4730608,-23.5494369],[-46.4732966,-23.5492729],[-46.4733535,-23.5491611],[-46.4734348,-23.5488033],[-46.477552,-23.548743]]],[[[-46.477552,-23.548743],[-46.477545,-23.548706],[-46.477531,-23.548153],[-46.477503,-23.547728],[-46.477456,-23.547535],[-46.477381,-23.547338],[-46.4769852,-23.5465677],[-46.476486,-23.545596],[-46.475995,-23.54495],[-46.475668,-23.544542],[-46.475267,-23.544108],[-46.474954,-23.543835],[-46.474494,-23.543521],[-46.474318,-23.543332],[-46.474221,-23.543167],[-46.47363,-23.541547],[-46.473319,-23.540727],[-46.473261,-23.540549],[-46.473244,-23.540384],[-46.473278,-23.5402],[-46.473304,-23.540109],[-46.473379,-23.540009],[-46.4740941,-23.5394459],[-46.474193,-23.539327],[-46.474303,-23.539115],[-46.474365,-23.538977],[-46.474664,-23.538554],[-46.474894,-23.538253],[-46.474978,-23.5381129],[-46.475047,-23.537922],[-46.4751571,-23.5375667],[-46.475153,-23.537488],[-46.475119,-23.537382],[-46.4747299,-23.5364059],[-46.474445,-23.536098],[-46.474337,-23.535969],[-46.474101,-23.535545],[-46.473934,-23.535119],[-46.473767,-23.534616],[-46.473625,-23.534058],[-46.473563,-23.53367],[-46.473512,-23.533147],[-46.473489,-23.532706],[-46.473495,-23.532359],[-46.473513,-23.532131],[-46.474174,-23.528536],[-46.475061,-23.523784]]],[[[-46.475061,-23.523784],[-46.4763267,-23.516766]]],[[[-46.4763267,-23.516766],[-46.476073,-23.51686],[-46.475733,-23.517038],[-46.4757008,-23.5170577],[-46.475597,-23.517121],[-46.475398,-23.517289],[-46.475314,-23.517392],[-46.475199,-23.517557],[-46.474471,-23.518778],[-46.474385,-23.518879],[-46.474307,-23.518944],[-46.474199,-23.519001],[-46.474116,-23.519028],[-46.47399,-23.519045],[-46.4728555,-23.519164],[-46.472475,-23.519205],[-46.472303,-23.519229],[-46.472076,-23.519268],[-46.471428,-23.519418],[-46.471262,-23.519445],[-46.471074,-23.519461],[-46.47094,-23.519457],[-46.470775,-23.519424],[-46.470208,-23.519236],[-46.470069,-23.519179],[-46.4700233,-23.5191522],[-46.469856,-23.519053],[-46.469664,-23.518902],[-46.469506,-23.51875],[-46.469378,-23.518618],[-46.469274,-23.518454],[-46.4691468,-23.5182445],[-46.468693,-23.517499],[-46.467981,-23.516329],[-46.4679328,-23.5162621],[-46.467909,-23.516229],[-46.467859,-23.516179],[-46.467781,-23.516136],[-46.467678,-23.516104],[-46.467533,-23.516073],[-46.4641654,-23.5155362],[-46.463672,-23.51546],[-46.4636024,-23.5154485],[-46.46341,-23.51542],[-46.463267,-23.515408],[-46.462844,-23.51539],[-46.4625435,-23.5153887],[-46.455255,-23.515357],[-46.455137,-23.515343],[-46.454761,-23.5152056],[-46.451999,-23.514175],[-46.451882,-23.514132],[-46.451734,-23.514096],[-46.45157,-23.514076],[-46.443718,-23.513474]]],[[[-46.443718,-23.513474],[-46.443784,-23.514165],[-46.443808,-23.514474],[-46.443818,-23.514761],[-46.443796,-23.514947],[-46.44372,-23.515238],[-46.443652,-23.515541],[-46.4436,-23.515845],[-46.443593,-23.516097],[-46.443611,-23.516325],[-46.443654,-23.516692],[-46.444028,-23.519785],[-46.444092,-23.520387],[-46.44409,-23.520544],[-46.444069,-23.520765],[-46.444032,-23.520894],[-46.443991,-23.521004],[-46.443893,-23.521208],[-46.443721,-23.521467],[-46.443546,-23.5217],[-46.443356,-23.522006],[-46.443311,-23.522144],[-46.443289,-23.52224],[-46.443268,-23.522429],[-46.443266,-23.522568],[-46.443295,-23.522768],[-46.443367,-23.522974],[-46.443474,-23.523212],[-46.44354,-23.523312],[-46.443716,-23.523448],[-46.444043,-23.523659],[-46.444604,-23.524003],[-46.444708,-23.52408],[-46.444904,-23.5243],[-46.445062,-23.524566],[-46.445541,-23.5255872],[-46.4449854,-23.5258428],[-46.4447501,-23.5259443],[-46.444157,-23.525569],[-46.443891,-23.525442],[-46.443675,-23.525357],[-46.4435,-23.525306],[-46.443207,-23.525246],[-46.442803,-23.525186],[-46.442413,-23.525153],[-46.442063,-23.52514],[-46.441636,-23.52515],[-46.4414465,-23.5251523],[-46.441237,-23.525188],[-46.4410231,-23.5252344],[-46.440803,-23.525298],[-46.440246,-23.525522],[-46.439829,-23.5257],[-46.439409,-23.525848],[-46.439155,-23.525912],[-46.438857,-23.525973],[-46.438622,-23.525999],[-46.43841,-23.525997],[-46.438124,-23.525974],[-46.437868,-23.525935],[-46.437664,-23.525889],[-46.437452,-23.525824],[-46.437001,-23.525662],[-46.435528,-23.525107],[-46.435155,-23.524973],[-46.434911,-23.524908],[-46.434731,-23.524881],[-46.434555,-23.524879],[-46.434211,-23.524918],[-46.433939,-23.524959],[-46.433704,-23.525038],[-46.433482,-23.525129],[-46.433305,-23.525222],[-46.433144,-23.525355],[-46.432978,-23.525531],[-46.432847,-23.525686],[-46.432406,-23.526335]]],[[[-46.432406,-23.526335],[-46.432145,-23.526795],[-46.431997,-23.527092],[-46.431434,-23.528229],[-46.430988,-23.529154],[-46.430665,-23.529792],[-46.430487,-23.530161],[-46.430359,-23.53045],[-46.430109,-23.531066],[-46.4294138,-23.533448]]],[[[-46.445455,-23.556812],[-46.445315,-23.556881],[-46.445149,-23.556978],[-46.445101,-23.556708],[-46.445072,-23.556247],[-46.444907,-23.55502],[-46.444885,-23.554813],[-46.444882,-23.5546556],[-46.444953,-23.552497],[-46.444983,-23.552272],[-46.4450003,-23.5517742],[-46.4450223,-23.551443],[-46.445052,-23.551073],[-46.444928,-23.548733],[-46.444944,-23.548582],[-46.445,-23.548307],[-46.445126,-23.547772],[-46.445244,-23.547221],[-46.44549,-23.54618],[-46.44466,-23.545666],[-46.444017,-23.545281],[-46.441864,-23.543944],[-46.441713,-23.543875],[-46.441573,-23.543794],[-46.440823,-23.543339],[-46.440232,-23.543118],[-46.439225,-23.542911],[-46.439134,-23.542902],[-46.439119,-23.542711],[-46.439121,-23.542582],[-46.439139,-23.542448],[-46.439204,-23.542125],[-46.439411,-23.541238],[-46.439571,-23.540503],[-46.439581,-23.540356],[-46.439563,-23.539995],[-46.439487,-23.539691],[-46.439426,-23.539547],[-46.439332,-23.539373],[-46.439085,-23.539022],[-46.438129,-23.537601],[-46.438029,-23.537406],[-46.437977,-23.537272],[-46.437933,-23.5371],[-46.437907,-23.536946],[-46.437892,-23.536703],[-46.437443,-23.536609],[-46.437321,-23.536571],[-46.437169,-23.536493],[-46.436951,-23.536404],[-46.436754,-23.536364],[-46.436668,-23.536309],[-46.436525,-23.536146],[-46.436454,-23.536081],[-46.436385,-23.53604],[-46.435793,-23.535822],[-46.435488,-23.535644],[-46.435311,-23.535555],[-46.434855,-23.535398],[-46.434475,-23.535242],[-46.434308,-23.535183],[-46.434147,-23.535145],[-46.433977,-23.53509],[-46.433838,-23.535017],[-46.433711,-23.534925],[-46.433573,-23.534769],[-46.433498,-23.534662],[-46.433422,-23.534603],[-46.433331,-23.534559],[-46.432934,-23.534449],[-46.432655,-23.534352],[-46.432377,-23.534247],[-46.431992,-23.534058],[-46.431772,-23.534009],[-46.431355,-23.533934],[-46.430817,-23.533878],[-46.430511,-23.533783],[-46.430415,-23.533721],[-46.430324,-23.533692],[-46.43018,-23.53371],[-46.430057,-23.5337],[-46.429959,-23.533677],[-46.4294138,-23.533448]]]]},"properties":{"name":"Itaquera","admin_level":"9"}},{"type":"Feature","geometry":{"type":"MultiPolygon","coordinates":[[[[-46.419786,-23.564527],[-46.420056,-23.564575],[-46.420308,-23.56458],[-46.4205,-23.564569],[-46.420565,-23.564536],[-46.420969,-23.56439],[-46.421119,-23.564266],[-46.421222,-23.564221],[-46.421393,-23.564166],[-46.421736,-23.564118],[-46.421983,-23.564142],[-46.422256,-23.564209],[-46.42236,-23.564222],[-46.422584,-23.564187],[-46.42276,-23.564139],[-46.422853,-23.564148],[-46.42299,-23.5642],[-46.423061,-23.564211],[-46.423134,-23.564194],[-46.423261,-23.564111],[-46.423374,-23.564071],[-46.423752,-23.564027],[-46.424227,-23.5636798],[-46.4249036,-23.5630645],[-46.427026,-23.561032],[-46.427007,-23.560997],[-46.426985,-23.560881],[-46.426986,-23.560741],[-46.426975,-23.560646],[-46.426917,-23.560368],[-46.426897,-23.559982],[-46.426878,-23.559857],[-46.426842,-23.559771],[-46.426804,-23.559713],[-46.426758,-23.559683],[-46.426629,-23.559624],[-46.426575,-23.559567],[-46.426484,-23.55934],[-46.426417,-23.559124],[-46.426374,-23.558936],[-46.426348,-23.558878],[-46.426256,-23.558726],[-46.42623,-23.558403],[-46.426219,-23.55837],[-46.425931,-23.558085],[-46.425882,-23.558004],[-46.425882,-23.55796],[-46.425963,-23.557493],[-46.426048,-23.557248],[-46.426099,-23.557072],[-46.426125,-23.556865],[-46.426116,-23.556697],[-46.42602,-23.556445],[-46.425817,-23.556149],[-46.425786,-23.556077],[-46.425785,-23.55601],[-46.42582,-23.555928],[-46.425961,-23.555741],[-46.426048,-23.555589],[-46.426037,-23.555452],[-46.425928,-23.555207],[-46.425922,-23.555079],[-46.425946,-23.555002],[-46.426007,-23.554857],[-46.426009,-23.554806],[-46.425976,-23.554751],[-46.425844,-23.554654],[-46.425701,-23.55453],[-46.42566,-23.554484],[-46.42562,-23.554461],[-46.425549,-23.554457],[-46.425458,-23.554437],[-46.425341,-23.554368],[-46.425178,-23.55414],[-46.425094,-23.554089],[-46.424992,-23.554007],[-46.42491,-23.553905],[-46.424872,-23.553826],[-46.424823,-23.553748],[-46.424772,-23.553699],[-46.424638,-23.553635],[-46.424448,-23.553577],[-46.42472,-23.55305],[-46.424816,-23.552831],[-46.424872,-23.55268],[-46.42628,-23.548181],[-46.426393,-23.547411],[-46.426394,-23.547299],[-46.426363,-23.547004],[-46.4262648,-23.5466047],[-46.42614,-23.546098],[-46.426088,-23.545952],[-46.426042,-23.545877],[-46.425726,-23.545506],[-46.42566,-23.54541],[-46.425427,-23.544957],[-46.425378,-23.544842],[-46.425345,-23.544696],[-46.425366,-23.544507],[-46.425433,-23.544121],[-46.425436,-23.54404],[-46.425418,-23.543878],[-46.425334,-23.543491],[-46.424808,-23.542663],[-46.4249476,-23.5425316],[-46.4231371,-23.5397357],[-46.4230834,-23.5394948]]],[[[-46.4230834,-23.5394948],[-46.423015,-23.539382],[-46.4233295,-23.5392004],[-46.4235992,-23.5389807],[-46.4238114,-23.5387866],[-46.4239717,-23.5386259],[-46.4241905,-23.538358],[-46.4244722,-23.5379624],[-46.4247745,-23.537573],[-46.4250947,-23.5371927],[-46.4254822,-23.5368024],[-46.4258843,-23.5364754],[-46.426572,-23.5360201],[-46.4281639,-23.5350276],[-46.4284277,-23.5348391],[-46.4286133,-23.5346823],[-46.4288898,-23.5343871],[-46.4290463,-23.5341836],[-46.4292082,-23.5339351],[-46.4293265,-23.5336899],[-46.4294138,-23.533448]]],[[[-46.445455,-23.556812],[-46.445315,-23.556881],[-46.445149,-23.556978],[-46.445101,-23.556708],[-46.445072,-23.556247],[-46.444907,-23.55502],[-46.444885,-23.554813],[-46.444882,-23.5546556],[-46.444953,-23.552497],[-46.444983,-23.552272],[-46.4450003,-23.5517742],[-46.4450223,-23.551443],[-46.445052,-23.551073],[-46.444928,-23.548733],[-46.444944,-23.548582],[-46.445,-23.548307],[-46.445126,-23.547772],[-46.445244,-23.547221],[-46.44549,-23.54618],[-46.44466,-23.545666],[-46.444017,-23.545281],[-46.441864,-23.543944],[-46.441713,-23.543875],[-46.441573,-23.543794],[-46.440823,-23.543339],[-46.440232,-23.543118],[-46.439225,-23.542911],[-46.439134,-23.542902],[-46.439119,-23.542711],[-46.439121,-23.542582],[-46.439139,-23.542448],[-46.439204,-23.542125],[-46.439411,-23.541238],[-46.439571,-23.540503],[-46.439581,-23.540356],[-46.439563,-23.539995],[-46.439487,-23.539691],[-46.439426,-23.539547],[-46.439332,-23.539373],[-46.439085,-23.539022],[-46.438129,-23.537601],[-46.438029,-23.537406],[-46.437977,-23.537272],[-46.437933,-23.5371],[-46.437907,-23.536946],[-46.437892,-23.536703],[-46.437443,-23.536609],[-46.437321,-23.536571],[-46.437169,-23.536493],[-46.436951,-23.536404],[-46.436754,-23.536364],[-46.436668,-23.536309],[-46.436525,-23.536146],[-46.436454,-23.536081],[-46.436385,-23.53604],[-46.435793,-23.535822],[-46.435488,-23.535644],[-46.435311,-23.535555],[-46.434855,-23.535398],[-46.434475,-23.535242],[-46.434308,-23.535183],[-46.434147,-23.535145],[-46.433977,-23.53509],[-46.433838,-23.535017],[-46.433711,-23.534925],[-46.433573,-23.534769],[-46.433498,-23.534662],[-46.433422,-23.534603],[-46.433331,-23.534559],[-46.432934,-23.534449],[-46.432655,-23.534352],[-46.432377,-23.534247],[-46.431992,-23.534058],[-46.431772,-23.534009],[-46.431355,-23.533934],[-46.430817,-23.533878],[-46.430511,-23.533783],[-46.430415,-23.533721],[-46.430324,-23.533692],[-46.43018,-23.53371],[-46.430057,-23.5337],[-46.429959,-23.533677],[-46.4294138,-23.533448]]],[[[-46.444706,-23.592688],[-46.444481,-23.5926899],[-46.444459,-23.592612],[-46.44436,-23.592351],[-46.444155,-23.591873],[-46.444061,-23.5917],[-46.44391,-23.59146],[-46.443361,-23.590725],[-46.443076,-23.590301],[-46.442976,-23.590131],[-46.442812,-23.58978],[-46.442719,-23.589499],[-46.442669,-23.589287],[-46.442623,-23.589011],[-46.442609,-23.588787],[-46.442612,-23.588567],[-46.442625,-23.588415],[-46.442661,-23.588191],[-46.442753,-23.587815],[-46.442987,-23.586973],[-46.443045,-23.586718],[-46.443081,-23.586257],[-46.443068,-23.58599],[-46.443013,-23.585597],[-46.442962,-23.585392],[-46.442887,-23.585161],[-46.442796,-23.584947],[-46.442713,-23.584776],[-46.442491,-23.584365],[-46.442246,-23.583865],[-46.442145,-23.583566],[-46.442078,-23.583264],[-46.442043,-23.583018],[-46.442036,-23.582621],[-46.44207,-23.582311],[-46.442534,-23.580415],[-46.442975,-23.578783],[-46.443114,-23.578326],[-46.443286,-23.577876],[-46.4434203,-23.5776145],[-46.4436003,-23.5772956],[-46.443909,-23.576722],[-46.444592,-23.575577],[-46.444919,-23.575013],[-46.445074,-23.5747],[-46.446686,-23.571054],[-46.446919,-23.570452],[-46.447073,-23.569972],[-46.447137,-23.569646],[-46.447153,-23.569441],[-46.44715,-23.569186],[-46.447122,-23.568949],[-46.447077,-23.568696],[-46.446909,-23.568133],[-46.446724,-23.567393],[-46.446452,-23.5658],[-46.446331,-23.565061],[-46.446254,-23.564524],[-46.446122,-23.563033],[-46.446023,-23.562271],[-46.445819,-23.561176],[-46.445711,-23.560535],[-46.445681,-23.560301],[-46.445588,-23.558953],[-46.445542,-23.5584],[-46.445455,-23.556812]]],[[[-46.4440425,-23.592768],[-46.444706,-23.592688]]],[[[-46.417995,-23.592739],[-46.418163,-23.592607],[-46.418332,-23.592508],[-46.418433,-23.592417],[-46.418482,-23.592384],[-46.41856,-23.592358],[-46.418803,-23.592354],[-46.418971,-23.592335],[-46.419353,-23.59232],[-46.419412,-23.592296],[-46.419491,-23.59224],[-46.419615,-23.59209],[-46.419674,-23.592059],[-46.419709,-23.592055],[-46.41984,-23.59209],[-46.419878,-23.592086],[-46.419916,-23.592055],[-46.419936,-23.592019],[-46.419984,-23.591973],[-46.420068,-23.591942],[-46.420189,-23.591944],[-46.420248,-23.591964],[-46.420276,-23.591998],[-46.420362,-23.592165],[-46.420481,-23.59227],[-46.420597,-23.592334],[-46.420782,-23.592378],[-46.420941,-23.592447],[-46.421127,-23.592586],[-46.421204,-23.592619],[-46.421371,-23.592661],[-46.421438,-23.592686],[-46.421558,-23.59278],[-46.421921,-23.593032],[-46.422055,-23.593061],[-46.422123,-23.593062],[-46.42227,-23.593039],[-46.422405,-23.593029],[-46.422484,-23.593041],[-46.42266,-23.593088],[-46.42278,-23.593128],[-46.422972,-23.593239],[-46.423062,-23.593252],[-46.423344,-23.593224],[-46.423681,-23.593229],[-46.423823,-23.593207],[-46.423866,-23.593193],[-46.423913,-23.593194],[-46.424042,-23.593269],[-46.424122,-23.593289],[-46.424281,-23.593297],[-46.424919,-23.593279],[-46.425013,-23.593283],[-46.425047,-23.593301],[-46.42513,-23.593367],[-46.425207,-23.593411],[-46.425337,-23.593457],[-46.425443,-23.593478],[-46.425546,-23.593482],[-46.42617,-23.593379],[-46.426237,-23.593393],[-46.426324,-23.593425],[-46.426528,-23.593527],[-46.426861,-23.593665],[-46.427094,-23.593809],[-46.427178,-23.593834],[-46.427243,-23.593842],[-46.42729,-23.593862],[-46.427411,-23.593938],[-46.42755,-23.594],[-46.427723,-23.59404],[-46.4279,-23.594096],[-46.429095,-23.59463],[-46.429244,-23.594668],[-46.429503,-23.594703],[-46.429712,-23.594765],[-46.4299,-23.5947743],[-46.430001,-23.594735],[-46.430151,-23.594602],[-46.430201,-23.59458],[-46.430266,-23.594566],[-46.430446,-23.594595],[-46.430495,-23.594593],[-46.430657,-23.59453],[-46.430729,-23.594466],[-46.430737,-23.594436],[-46.430726,-23.594389],[-46.430619,-23.594231],[-46.430662,-23.594055],[-46.430694,-23.593985],[-46.430786,-23.593922],[-46.430848,-23.593897],[-46.431019,-23.593891],[-46.431286,-23.593943],[-46.431402,-23.593976],[-46.43151,-23.594053],[-46.431584,-23.594146],[-46.431616,-23.594272],[-46.431638,-23.594507],[-46.431652,-23.594532],[-46.431684,-23.594537],[-46.431758,-23.594518],[-46.431965,-23.594439],[-46.432098,-23.594418],[-46.432145,-23.594399],[-46.432219,-23.594344],[-46.432426,-23.594162],[-46.432539,-23.59409],[-46.432606,-23.594081],[-46.432763,-23.594105],[-46.432898,-23.594091],[-46.43297,-23.594058],[-46.433022,-23.593994],[-46.433102,-23.593825],[-46.433144,-23.593682],[-46.433177,-23.593642],[-46.433228,-23.593629],[-46.433327,-23.593625],[-46.433412,-23.593633],[-46.433652,-23.593701],[-46.4337875,-23.5938194],[-46.4340008,-23.5938155],[-46.4340987,-23.5938227],[-46.434203,-23.5938374],[-46.4344498,-23.5938727],[-46.43481,-23.59392],[-46.434931,-23.59394],[-46.435057,-23.593935],[-46.435278,-23.593897],[-46.435461,-23.593832],[-46.435543,-23.593781],[-46.435595,-23.593725],[-46.435734,-23.593545],[-46.435887,-23.593392],[-46.436034,-23.593224],[-46.43613,-23.593149],[-46.436352,-23.593059],[-46.436473,-23.593047],[-46.436577,-23.593066],[-46.43665,-23.593092],[-46.436771,-23.593199],[-46.436896,-23.593379],[-46.436948,-23.593477],[-46.437005,-23.593527],[-46.437094,-23.593577],[-46.437196,-23.593596],[-46.437353,-23.593582],[-46.437752,-23.593506],[-46.437988,-23.593482],[-46.438115,-23.59345],[-46.438207,-23.593403],[-46.438561,-23.593184],[-46.438644,-23.593118],[-46.43872,-23.593033],[-46.438822,-23.592851],[-46.438878,-23.592798],[-46.439123,-23.592641],[-46.439226,-23.592566],[-46.439255,-23.59252],[-46.439254,-23.59247],[-46.439224,-23.592375],[-46.439219,-23.59231],[-46.439259,-23.592223],[-46.439359,-23.592054],[-46.439508,-23.591818],[-46.439581,-23.591719],[-46.439649,-23.591668],[-46.439706,-23.59165],[-46.439778,-23.591649],[-46.439829,-23.591667],[-46.440282,-23.59191],[-46.440341,-23.591906],[-46.440404,-23.591878],[-46.440427,-23.591854],[-46.4405,-23.59174],[-46.440532,-23.591572],[-46.440539,-23.591377],[-46.440566,-23.591326],[-46.440605,-23.591302],[-46.440771,-23.591297],[-46.441066,-23.591325],[-46.441701,-23.591429],[-46.442087,-23.59153],[-46.442195,-23.591567],[-46.4426837,-23.591695],[-46.4427328,-23.5917592],[-46.4427509,-23.5918066],[-46.44277,-23.5918827],[-46.4427499,-23.5919744],[-46.4427169,-23.5921138],[-46.4427009,-23.59218],[-46.4426809,-23.5923138],[-46.4427449,-23.5927621],[-46.4428048,-23.5929448],[-46.4429574,-23.593032],[-46.4430387,-23.5930492],[-46.4431348,-23.5930446],[-46.4432411,-23.5929982],[-46.443844,-23.5928456],[-46.4440425,-23.592768]]],[[[-46.417995,-23.592739],[-46.417531,-23.59214],[-46.417092,-23.591535],[-46.4169113,-23.5911326],[-46.416888,-23.591087],[-46.416689,-23.590541],[-46.416564,-23.59016],[-46.416508,-23.590046],[-46.416437,-23.58994],[-46.416215,-23.589708],[-46.415575,-23.589238],[-46.4154,-23.589064],[-46.415307,-23.588945],[-46.415192,-23.588773],[-46.415112,-23.588558],[-46.415024,-23.58815],[-46.414885,-23.587441],[-46.41481,-23.5869685],[-46.414769,-23.586798],[-46.414742,-23.586511],[-46.414734,-23.586235],[-46.414773,-23.585596],[-46.4150936,-23.5827223],[-46.4152336,-23.5818858],[-46.415478,-23.582008],[-46.415566,-23.58192],[-46.415684,-23.58185],[-46.415754,-23.581776],[-46.415771,-23.581739],[-46.415813,-23.581525],[-46.415797,-23.581424],[-46.415795,-23.581322],[-46.415779,-23.581287],[-46.415781,-23.58122],[-46.41581,-23.581077],[-46.415813,-23.580963],[-46.415847,-23.580807],[-46.415851,-23.580731],[-46.415775,-23.580202],[-46.415782,-23.580016],[-46.415773,-23.579997],[-46.415699,-23.579952],[-46.415666,-23.579903],[-46.41566,-23.57984],[-46.415685,-23.579759],[-46.415729,-23.579451],[-46.415773,-23.579279],[-46.415786,-23.579132],[-46.415796,-23.579091],[-46.415846,-23.579018],[-46.415885,-23.578934],[-46.415919,-23.578787],[-46.416093,-23.578293],[-46.416117,-23.578246],[-46.41618,-23.578194],[-46.416256,-23.578003],[-46.416301,-23.577956],[-46.416316,-23.577951],[-46.416475,-23.577966],[-46.416556,-23.577965],[-46.416601,-23.577951],[-46.41666,-23.577869],[-46.416716,-23.577662],[-46.416746,-23.577631],[-46.416929,-23.57752],[-46.417076,-23.577331],[-46.417251,-23.577238],[-46.417379,-23.577135],[-46.4173925,-23.5771025],[-46.417516,-23.576994],[-46.417585,-23.576861],[-46.4176845,-23.5766395],[-46.417748,-23.576577],[-46.417791,-23.576639],[-46.417854,-23.576667],[-46.418094,-23.576632],[-46.418315,-23.576576],[-46.418363,-23.576555],[-46.418415,-23.576506],[-46.418477,-23.576408],[-46.418664,-23.576201],[-46.418759,-23.576156],[-46.419127,-23.576053],[-46.419217,-23.57601],[-46.419437,-23.575862],[-46.41953,-23.575819],[-46.419704,-23.575783],[-46.41986,-23.575732],[-46.42018,-23.575591],[-46.420708,-23.575382],[-46.421149,-23.57515],[-46.42171,-23.574754],[-46.422084,-23.574393],[-46.422348,-23.574083],[-46.422626,-23.573658],[-46.42276,-23.573419],[-46.422919,-23.573241],[-46.423264,-23.572968],[-46.423408,-23.572721],[-46.423462,-23.572609],[-46.42347,-23.572399],[-46.423359,-23.571956],[-46.423162,-23.571437],[-46.423064,-23.571224],[-46.422809,-23.57099],[-46.422443,-23.570695],[-46.422264,-23.570506],[-46.42211,-23.570271],[-46.421981,-23.569998],[-46.421887,-23.569706],[-46.421723,-23.568977],[-46.421758,-23.568275],[-46.421698,-23.567843],[-46.42163,-23.56762],[-46.421599,-23.567481],[-46.421571,-23.56727],[-46.421516,-23.567112],[-46.421426,-23.566946],[-46.421273,-23.566754],[-46.421128,-23.566597],[-46.420732,-23.566206],[-46.42061,-23.566061],[-46.420528,-23.565915],[-46.420169,-23.56517],[-46.420067,-23.564852],[-46.419995,-23.564695],[-46.419957,-23.564653],[-46.419786,-23.564527]]]]},"properties":{"name":"José Bonifácio","admin_level":"9"}},{"type":"Feature","geometry":{"type":"MultiPolygon","coordinates":[[[[-46.430555,-23.524196],[-46.4303642,-23.5242354],[-46.4302826,-23.524089],[-46.430215,-23.523939],[-46.430211,-23.523379],[-46.430168,-23.522244],[-46.430028,-23.520709],[-46.430008,-23.520631],[-46.429937,-23.520514],[-46.429357,-23.519736],[-46.429224,-23.519587],[-46.429095,-23.519513],[-46.428987,-23.519468],[-46.428375,-23.519459],[-46.426815,-23.519474],[-46.426123,-23.519491],[-46.424254,-23.520465],[-46.423788,-23.520718],[-46.421888,-23.521412],[-46.4217304,-23.5215056],[-46.4193956,-23.5202989],[-46.4192018,-23.5202802],[-46.419066,-23.520613],[-46.418455,-23.522084],[-46.4182768,-23.5224598],[-46.4181901,-23.5227275],[-46.4181744,-23.5235892],[-46.417302,-23.52379],[-46.416116,-23.5240329],[-46.4154329,-23.5241338],[-46.414151,-23.524323],[-46.413539,-23.524454],[-46.412926,-23.524638],[-46.412783,-23.524708],[-46.412492,-23.524899],[-46.412151,-23.525209],[-46.411796,-23.52542],[-46.411374,-23.52576],[-46.410701,-23.526322],[-46.410417,-23.526533],[-46.41028,-23.526656],[-46.409946,-23.526919],[-46.409789,-23.527009],[-46.409423,-23.527162],[-46.4092982,-23.5272176],[-46.408488,-23.527588],[-46.408004,-23.527852],[-46.4078515,-23.5279814],[-46.406884,-23.528561],[-46.406252,-23.529057],[-46.406057,-23.529002],[-46.405874,-23.528934],[-46.405781,-23.52892],[-46.405668,-23.528923],[-46.405559,-23.528904],[-46.405268,-23.528892],[-46.405117,-23.52895],[-46.405075,-23.52895],[-46.404992,-23.528933],[-46.404895,-23.528877],[-46.404823,-23.528818],[-46.404783,-23.528771],[-46.404702,-23.52864],[-46.404664,-23.528609],[-46.404609,-23.528583],[-46.404482,-23.52856],[-46.404189,-23.528543],[-46.403918,-23.528563],[-46.403709,-23.528565],[-46.403608,-23.528557],[-46.403503,-23.528527],[-46.403357,-23.528443],[-46.40318,-23.528304],[-46.402977,-23.528189],[-46.402934,-23.52819],[-46.402906,-23.528208],[-46.402689,-23.528203],[-46.402509,-23.528183],[-46.402475,-23.52817],[-46.402433,-23.528138],[-46.40228,-23.528064],[-46.402187,-23.528031],[-46.402133,-23.528002],[-46.402065,-23.527924],[-46.401774,-23.527699],[-46.401744,-23.527652],[-46.401749,-23.527588],[-46.401739,-23.527531],[-46.401724,-23.527504],[-46.401669,-23.527456],[-46.401579,-23.527414],[-46.401488,-23.527393],[-46.401395,-23.527356],[-46.401046,-23.527127],[-46.400969,-23.52709],[-46.400852,-23.527056],[-46.400755,-23.527041],[-46.40064,-23.527049],[-46.400605,-23.527062],[-46.400569,-23.527104],[-46.400556,-23.527156],[-46.400517,-23.527174],[-46.400366,-23.527137],[-46.400275,-23.527138],[-46.400174,-23.527075],[-46.400156,-23.527057],[-46.400147,-23.526999],[-46.400139,-23.526988],[-46.400123,-23.526984],[-46.400086,-23.527009],[-46.40006,-23.527],[-46.399988,-23.526936],[-46.399869,-23.526866],[-46.399747,-23.52678],[-46.399639,-23.526659],[-46.3996,-23.526632],[-46.399538,-23.526623],[-46.399495,-23.526625],[-46.399281,-23.526575],[-46.399146,-23.526521],[-46.39909,-23.526469],[-46.399012,-23.526424],[-46.398969,-23.526413],[-46.398707,-23.526392],[-46.398577,-23.526368],[-46.398461,-23.526303],[-46.39833,-23.526242],[-46.398242,-23.526152],[-46.398016,-23.525969],[-46.397494,-23.526617],[-46.397439,-23.526712],[-46.397323,-23.526379],[-46.397077,-23.525566],[-46.397024,-23.525286]]],[[[-46.397024,-23.525286],[-46.397001,-23.525165],[-46.396964,-23.524778],[-46.396931,-23.524733],[-46.396836,-23.524693],[-46.396134,-23.524536],[-46.39658,-23.522909],[-46.396594,-23.522724],[-46.396572,-23.522499],[-46.396512,-23.522297],[-46.396398,-23.522152],[-46.39627,-23.522078],[-46.395913,-23.521917],[-46.39561,-23.521767],[-46.3951789,-23.5216587],[-46.3949795,-23.5216366],[-46.394653,-23.521572],[-46.393363,-23.521619],[-46.39123,-23.521649],[-46.391063,-23.521629],[-46.390885,-23.521584],[-46.390373,-23.521425],[-46.390179,-23.521355],[-46.390016,-23.521286],[-46.389887,-23.521187],[-46.389829,-23.521102],[-46.389734,-23.520928],[-46.389737,-23.520821],[-46.389721,-23.520761],[-46.389537,-23.520606],[-46.38944,-23.520553],[-46.389344,-23.520547],[-46.389282,-23.520572],[-46.389014,-23.520799],[-46.388796,-23.52104],[-46.388689,-23.521126],[-46.388547,-23.521217],[-46.38842,-23.521282],[-46.3883,-23.521304],[-46.386736,-23.521054]]],[[[-46.389307,-23.542707],[-46.389514,-23.542448],[-46.3900893,-23.5417281],[-46.3918608,-23.5404288],[-46.393636,-23.5378748],[-46.3939356,-23.5351598],[-46.3938113,-23.5347452],[-46.3938636,-23.5344616],[-46.3939526,-23.5340974],[-46.393913,-23.5337968],[-46.3941335,-23.5334651],[-46.3944048,-23.5325375],[-46.3943935,-23.532211],[-46.3946931,-23.5317808],[-46.395411,-23.5315372],[-46.3956557,-23.5309585],[-46.3953944,-23.5305323],[-46.3951893,-23.529756],[-46.3945403,-23.5296591],[-46.3943592,-23.5296323],[-46.3942739,-23.5296216],[-46.3942029,-23.5296239],[-46.394118,-23.5296581],[-46.3940367,-23.5297069],[-46.3935749,-23.5300476],[-46.3934204,-23.5301241],[-46.3930533,-23.5302549],[-46.392928,-23.5303291],[-46.3927492,-23.5304138],[-46.3925181,-23.5305283],[-46.3924143,-23.5305471],[-46.3922605,-23.5305451],[-46.3921735,-23.5305207],[-46.392133,-23.5304912],[-46.3919906,-23.5303967],[-46.3918613,-23.5303144],[-46.3917642,-23.5302832],[-46.391663,-23.5302304],[-46.3915306,-23.5301411],[-46.3914497,-23.5300606],[-46.3913809,-23.5299558],[-46.3913099,-23.5298583],[-46.3912435,-23.529801],[-46.3911701,-23.5297614],[-46.3910857,-23.5297369],[-46.391021,-23.5297082],[-46.390954,-23.5296629],[-46.3909053,-23.5296165],[-46.390793,-23.5294704],[-46.390612,-23.5291266],[-46.3905416,-23.5289362],[-46.3903097,-23.5285938],[-46.3902867,-23.5285427],[-46.3902714,-23.5285064],[-46.3902618,-23.5284629],[-46.3902471,-23.5284214],[-46.3902257,-23.5283907],[-46.3902031,-23.5283679],[-46.3901692,-23.5283493],[-46.3901227,-23.5283306],[-46.3900933,-23.528312],[-46.3900637,-23.5282743],[-46.3898416,-23.5280266],[-46.3896734,-23.5278271],[-46.3895959,-23.5277531],[-46.3895434,-23.5277145],[-46.3894894,-23.5276887],[-46.3894332,-23.527669],[-46.3893134,-23.5276329],[-46.3892548,-23.5276052],[-46.3891323,-23.5275202],[-46.3890253,-23.5273864],[-46.3888412,-23.5272573],[-46.3886637,-23.5271512],[-46.3885223,-23.5270482],[-46.3882523,-23.5267942],[-46.3879626,-23.5266755],[-46.3875051,-23.5264704],[-46.3873359,-23.5264116],[-46.3872136,-23.5263993],[-46.3871067,-23.5263671],[-46.3869889,-23.526315],[-46.3867725,-23.526149],[-46.3864748,-23.5258931],[-46.3857278,-23.5248993],[-46.3841654,-23.5235059],[-46.3842811,-23.5234152],[-46.3844114,-23.5233444],[-46.3845974,-23.5232819],[-46.3847622,-23.5232523],[-46.3849691,-23.5232298],[-46.3852938,-23.523191],[-46.3856391,-23.523137],[-46.385784,-23.5230854],[-46.3859313,-23.5230008],[-46.3860821,-23.5228688],[-46.3861907,-23.5227583],[-46.3862684,-23.5226283],[-46.386314,-23.5225441],[-46.3863667,-23.5223617],[-46.3864865,-23.5219575],[-46.386736,-23.521054]]],[[[-46.3929786,-23.5523316],[-46.3931452,-23.5521961],[-46.3936731,-23.5518557],[-46.395,-23.551],[-46.3958443,-23.5499203],[-46.3947529,-23.5491712],[-46.3944858,-23.5492459],[-46.3940187,-23.5492166],[-46.3934049,-23.5493406],[-46.3925379,-23.549312],[-46.3921038,-23.5493903],[-46.3877645,-23.5468889],[-46.3878238,-23.5456547],[-46.3882157,-23.5451597],[-46.3884712,-23.5442345],[-46.389307,-23.542707]]],[[[-46.3929786,-23.5523316],[-46.3931077,-23.552407],[-46.3930932,-23.5525519],[-46.393117,-23.5526313]]],[[[-46.393117,-23.5526313],[-46.3932404,-23.5525401],[-46.393542,-23.552322],[-46.394826,-23.551562],[-46.395101,-23.551385],[-46.395368,-23.551198],[-46.395566,-23.551044],[-46.395751,-23.550877],[-46.39599,-23.550636],[-46.397589,-23.548764],[-46.397806,-23.548536],[-46.397979,-23.54837],[-46.398162,-23.548215],[-46.398355,-23.548069],[-46.398482,-23.547984],[-46.400764,-23.546543],[-46.400985,-23.546409],[-46.401175,-23.546321],[-46.401366,-23.546245],[-46.40158,-23.546173],[-46.401892,-23.54608],[-46.405328,-23.545137],[-46.407742,-23.544488],[-46.408051,-23.54439],[-46.408727,-23.544147],[-46.411414,-23.543392],[-46.412456,-23.543181],[-46.41285,-23.543056],[-46.413699,-23.542711],[-46.414114,-23.542589],[-46.415993,-23.542209],[-46.416305,-23.542141],[-46.416894,-23.541985],[-46.417956,-23.541806],[-46.418398,-23.541713],[-46.418705,-23.541631],[-46.419014,-23.541526],[-46.419273,-23.541419],[-46.421365,-23.540482],[-46.421867,-23.540205],[-46.422588,-23.539773],[-46.422854,-23.539634],[-46.4230834,-23.5394948]]],[[[-46.4230834,-23.5394948],[-46.423015,-23.539382],[-46.4233295,-23.5392004],[-46.4235992,-23.5389807],[-46.4238114,-23.5387866],[-46.4239717,-23.5386259],[-46.4241905,-23.538358],[-46.4244722,-23.5379624],[-46.4247745,-23.537573],[-46.4250947,-23.5371927],[-46.4254822,-23.5368024],[-46.4258843,-23.5364754],[-46.426572,-23.5360201],[-46.4281639,-23.5350276],[-46.4284277,-23.5348391],[-46.4286133,-23.5346823],[-46.4288898,-23.5343871],[-46.4290463,-23.5341836],[-46.4292082,-23.5339351],[-46.4293265,-23.5336899],[-46.4294138,-23.533448]]],[[[-46.432406,-23.526335],[-46.432145,-23.526795],[-46.431997,-23.527092],[-46.431434,-23.528229],[-46.430988,-23.529154],[-46.430665,-23.529792],[-46.430487,-23.530161],[-46.430359,-23.53045],[-46.430109,-23.531066],[-46.4294138,-23.533448]]],[[[-46.432406,-23.526335],[-46.432264,-23.526235],[-46.432216,-23.526149],[-46.431965,-23.525841],[-46.431891,-23.525717],[-46.431843,-23.525589],[-46.431842,-23.525468],[-46.431809,-23.525333],[-46.431595,-23.524857],[-46.431512,-23.52463],[-46.4313653,-23.5242546],[-46.4312996,-23.5241987],[-46.4312125,-23.5241921],[-46.430555,-23.524196]]]]},"properties":{"name":"Lajeado","admin_level":"9"}},{"type":"Feature","geometry":{"type":"MultiPolygon","coordinates":[[[[-46.461504,-23.596664],[-46.461591,-23.596544],[-46.461971,-23.59619],[-46.462707,-23.595549],[-46.462913,-23.59539],[-46.463164,-23.595232],[-46.464165,-23.59476],[-46.464202,-23.594731],[-46.464202,-23.594686],[-46.464187,-23.594635],[-46.464205,-23.594605],[-46.464792,-23.59442],[-46.464937,-23.594356],[-46.465042,-23.594328],[-46.465236,-23.59429],[-46.465494,-23.594264],[-46.465742,-23.594197],[-46.465933,-23.594085],[-46.466024,-23.59401],[-46.466337,-23.59364],[-46.466486,-23.593498],[-46.466634,-23.593388],[-46.466829,-23.593262],[-46.467056,-23.593137],[-46.467298,-23.593037],[-46.46749,-23.592978],[-46.467708,-23.59293],[-46.467912,-23.5929],[-46.468331,-23.59289],[-46.472686,-23.592715],[-46.472976,-23.592694],[-46.473171,-23.592668],[-46.473832,-23.592554],[-46.474104,-23.592475],[-46.474578,-23.592305],[-46.474817,-23.592201],[-46.475353,-23.591888],[-46.475609,-23.591701],[-46.476878,-23.59073],[-46.477271,-23.590495],[-46.477448,-23.590402],[-46.477625,-23.590317],[-46.477986,-23.590173],[-46.479092,-23.589908],[-46.479363,-23.589816],[-46.479582,-23.589735],[-46.479759,-23.589652],[-46.479926,-23.589562],[-46.480082,-23.589465],[-46.480251,-23.58934],[-46.480356,-23.589251],[-46.480637,-23.588956],[-46.481865,-23.587586],[-46.481966,-23.587499],[-46.482094,-23.587405],[-46.48238,-23.587222],[-46.482604,-23.587128],[-46.482854,-23.587041],[-46.483169,-23.586956],[-46.483333,-23.586921],[-46.483493,-23.586912],[-46.484313,-23.586965],[-46.485363,-23.586988],[-46.485854,-23.586952],[-46.486126,-23.586912],[-46.486534,-23.586827],[-46.486739,-23.586765],[-46.487071,-23.586605],[-46.487365,-23.586449],[-46.487732,-23.586214],[-46.487915,-23.58607],[-46.488159,-23.585845],[-46.488412,-23.585556],[-46.489059,-23.584687],[-46.490005,-23.583464],[-46.4909902,-23.5822314]]],[[[-46.461504,-23.596664],[-46.461319,-23.596909],[-46.461185,-23.59701],[-46.461092,-23.59711],[-46.461067,-23.59717],[-46.461045,-23.597275],[-46.461009,-23.597367],[-46.460892,-23.597583],[-46.460826,-23.597679],[-46.460693,-23.597831],[-46.460611,-23.597873],[-46.460482,-23.597903],[-46.460309,-23.597914],[-46.459686,-23.597847],[-46.459486,-23.597808],[-46.459304,-23.597741],[-46.459223,-23.597677],[-46.459196,-23.59763],[-46.459183,-23.597534],[-46.459236,-23.597391],[-46.459276,-23.59731],[-46.459281,-23.597248],[-46.459265,-23.597167],[-46.459233,-23.597113],[-46.4591425,-23.5970348],[-46.459059,-23.596951],[-46.458746,-23.596684],[-46.458014,-23.595989],[-46.457885,-23.595831],[-46.457791,-23.595691],[-46.4578077,-23.5957308],[-46.457431,-23.595377],[-46.45682,-23.594711],[-46.456688,-23.594613],[-46.456074,-23.594236],[-46.455974,-23.594194],[-46.45586,-23.594184],[-46.455753,-23.594199],[-46.455671,-23.594243],[-46.455432,-23.594435],[-46.455364,-23.594477],[-46.455309,-23.594483],[-46.455164,-23.594436],[-46.454971,-23.59434],[-46.454917,-23.59429],[-46.45478,-23.594075],[-46.454679,-23.594],[-46.454431,-23.593881],[-46.45428,-23.593847],[-46.453652,-23.593827],[-46.4533578,-23.5937571],[-46.453244,-23.59373],[-46.452369,-23.593404],[-46.452154,-23.593334],[-46.451989,-23.593305],[-46.451791,-23.593299],[-46.451201,-23.593245],[-46.450297,-23.593198],[-46.450178,-23.593204],[-46.449245,-23.59335],[-46.449071,-23.593363],[-46.448985,-23.593351],[-46.448601,-23.593233],[-46.448355,-23.593129]]],[[[-46.444706,-23.592688],[-46.444965,-23.592688],[-46.44506,-23.592707],[-46.445231,-23.59277],[-46.445432,-23.592889],[-46.445631,-23.592978],[-46.445818,-23.593034],[-46.446137,-23.593085],[-46.446241,-23.593106],[-46.446355,-23.593151],[-46.446528,-23.593177],[-46.446685,-23.593175],[-46.446939,-23.593142],[-46.447228,-23.593089],[-46.44753,-23.593066],[-46.448008,-23.593069],[-46.448263,-23.593099],[-46.448355,-23.593129]]],[[[-46.444706,-23.592688],[-46.444481,-23.5926899],[-46.444459,-23.592612],[-46.44436,-23.592351],[-46.444155,-23.591873],[-46.444061,-23.5917],[-46.44391,-23.59146],[-46.443361,-23.590725],[-46.443076,-23.590301],[-46.442976,-23.590131],[-46.442812,-23.58978],[-46.442719,-23.589499],[-46.442669,-23.589287],[-46.442623,-23.589011],[-46.442609,-23.588787],[-46.442612,-23.588567],[-46.442625,-23.588415],[-46.442661,-23.588191],[-46.442753,-23.587815],[-46.442987,-23.586973],[-46.443045,-23.586718],[-46.443081,-23.586257],[-46.443068,-23.58599],[-46.443013,-23.585597],[-46.442962,-23.585392],[-46.442887,-23.585161],[-46.442796,-23.584947],[-46.442713,-23.584776],[-46.442491,-23.584365],[-46.442246,-23.583865],[-46.442145,-23.583566],[-46.442078,-23.583264],[-46.442043,-23.583018],[-46.442036,-23.582621],[-46.44207,-23.582311],[-46.442534,-23.580415],[-46.442975,-23.578783],[-46.443114,-23.578326],[-46.443286,-23.577876],[-46.4434203,-23.5776145],[-46.4436003,-23.5772956],[-46.443909,-23.576722],[-46.444592,-23.575577],[-46.444919,-23.575013],[-46.445074,-23.5747],[-46.446686,-23.571054],[-46.446919,-23.570452],[-46.447073,-23.569972],[-46.447137,-23.569646],[-46.447153,-23.569441],[-46.44715,-23.569186],[-46.447122,-23.568949],[-46.447077,-23.568696],[-46.446909,-23.568133],[-46.446724,-23.567393],[-46.446452,-23.5658],[-46.446331,-23.565061],[-46.446254,-23.564524],[-46.446122,-23.563033],[-46.446023,-23.562271],[-46.445819,-23.561176],[-46.445711,-23.560535],[-46.445681,-23.560301],[-46.445588,-23.558953],[-46.445542,-23.5584],[-46.445455,-23.556812]]],[[[-46.4909902,-23.5822314],[-46.4905467,-23.5819184],[-46.4898223,-23.5814217],[-46.4893423,-23.5811091],[-46.48883,-23.580808],[-46.488416,-23.580605],[-46.487877,-23.580399],[-46.487824,-23.580325],[-46.487756,-23.580192],[-46.487355,-23.579627],[-46.487241,-23.579427],[-46.487117,-23.57912],[-46.486991,-23.578424],[-46.486926,-23.578174],[-46.486856,-23.577988],[-46.486739,-23.577748],[-46.486662,-23.577629],[-46.486572,-23.577517],[-46.486464,-23.57741],[-46.486185,-23.577179],[-46.485383,-23.576548],[-46.485198,-23.576343],[-46.485029,-23.576131],[-46.484961,-23.575867],[-46.484888,-23.574979],[-46.484798,-23.573497],[-46.484762,-23.573313],[-46.484697,-23.57308],[-46.484625,-23.572889],[-46.484542,-23.5727],[-46.484385,-23.572449],[-46.484044,-23.572003],[-46.48335,-23.571065],[-46.483149,-23.570764],[-46.482316,-23.569796],[-46.4819363,-23.5690271],[-46.4818081,-23.5691037],[-46.4810347,-23.5694511],[-46.480783,-23.569517],[-46.4797449,-23.5699447],[-46.4793647,-23.5697102],[-46.4791807,-23.5695943],[-46.4788487,-23.5694756],[-46.478659,-23.5694111],[-46.4784145,-23.5693541],[-46.478086,-23.5692822],[-46.477517,-23.5691906],[-46.4762909,-23.5689933],[-46.4762065,-23.5689733],[-46.4761101,-23.5689504],[-46.475921,-23.568899],[-46.475691,-23.568836],[-46.475515,-23.568763],[-46.475321,-23.568662],[-46.475195,-23.568577],[-46.475024,-23.568405],[-46.474899,-23.568234],[-46.474809,-23.568081],[-46.474742,-23.567925],[-46.474696,-23.567757],[-46.474525,-23.56697],[-46.474464,-23.56657],[-46.474386,-23.565929],[-46.47438,-23.565379],[-46.474391,-23.564759],[-46.474381,-23.560823],[-46.47355,-23.560906],[-46.473004,-23.560971],[-46.472914,-23.560965],[-46.472136,-23.560712],[-46.471771,-23.560577],[-46.470963,-23.560189],[-46.470814,-23.560096],[-46.470563,-23.559888],[-46.470501,-23.559806],[-46.469097,-23.558348],[-46.468533,-23.557658],[-46.468338,-23.557585],[-46.468293,-23.557534],[-46.468178,-23.55747],[-46.468117,-23.557445],[-46.467794,-23.557374],[-46.467521,-23.557327],[-46.46734,-23.557274],[-46.46726,-23.557277],[-46.467136,-23.557267],[-46.46678,-23.557283],[-46.466296,-23.557366],[-46.466207,-23.557009],[-46.466165,-23.556658],[-46.466142,-23.556584],[-46.466057,-23.556448],[-46.465997,-23.556302],[-46.465957,-23.556084],[-46.465878,-23.555748],[-46.465804,-23.555509],[-46.465743,-23.555396],[-46.465635,-23.555294],[-46.465516,-23.555221],[-46.465476,-23.555205],[-46.46535,-23.555204],[-46.465153,-23.555217],[-46.465123,-23.555211],[-46.465057,-23.555181],[-46.464968,-23.555094],[-46.464842,-23.55493],[-46.464659,-23.554743],[-46.464518,-23.554586],[-46.4645273,-23.5544899],[-46.4645259,-23.5539365],[-46.464512,-23.553787],[-46.464495,-23.553608],[-46.464361,-23.553414],[-46.464142,-23.5532],[-46.463925,-23.552911],[-46.463779,-23.552701],[-46.46364,-23.55244],[-46.463613,-23.552366],[-46.463608,-23.552298],[-46.463655,-23.552042],[-46.463651,-23.551924],[-46.463618,-23.55184],[-46.463548,-23.551718],[-46.463144,-23.551384],[-46.463051,-23.551244],[-46.462982,-23.551107],[-46.462971,-23.551007],[-46.462985,-23.550952],[-46.463019,-23.550898],[-46.463061,-23.550856],[-46.463083,-23.550811],[-46.4630968,-23.5507519]]],[[[-46.445455,-23.556812],[-46.445721,-23.556699],[-46.4460914,-23.5565927],[-46.4464932,-23.5565472],[-46.4473033,-23.556517],[-46.449333,-23.5564558],[-46.451355,-23.556367],[-46.451482,-23.55632],[-46.458995,-23.551969],[-46.45987,-23.551456],[-46.460057,-23.551728],[-46.460796,-23.551308],[-46.461578,-23.550846],[-46.462239,-23.550469],[-46.462262,-23.550561],[-46.462802,-23.550674],[-46.4630968,-23.5507519]]]]},"properties":{"name":"Parque do Carmo","admin_level":"9"}},{"type":"Feature","geometry":{"type":"MultiPolygon","coordinates":[[[[-46.548385,-23.534473],[-46.547912,-23.534363],[-46.54769,-23.534327],[-46.546496,-23.534093],[-46.544707,-23.533766],[-46.541168,-23.53306],[-46.534094,-23.531668],[-46.533543,-23.531575],[-46.532922,-23.531506],[-46.532368,-23.531473],[-46.532015,-23.531492],[-46.531346,-23.531555],[-46.529711,-23.531806],[-46.529092,-23.531884],[-46.528596,-23.531919],[-46.528107,-23.531916],[-46.527708,-23.531879],[-46.525912,-23.531673],[-46.521469,-23.531142],[-46.521082,-23.531092],[-46.520893,-23.53106],[-46.520691,-23.531013],[-46.520296,-23.530892],[-46.519863,-23.530703],[-46.515049,-23.528388],[-46.51453,-23.528185],[-46.514291,-23.528104],[-46.51406,-23.528045],[-46.513698,-23.527973],[-46.509511,-23.527345],[-46.509174,-23.527303],[-46.50885,-23.527279],[-46.508488,-23.527268],[-46.508127,-23.527279],[-46.507803,-23.527308],[-46.5075,-23.527364],[-46.507123,-23.527466],[-46.506751,-23.527587],[-46.506387,-23.527731],[-46.506118,-23.527874],[-46.505865,-23.527997],[-46.501283,-23.530955]]],[[[-46.548385,-23.534473],[-46.548497,-23.534123],[-46.548589,-23.533922],[-46.548641,-23.533844],[-46.548775,-23.53368],[-46.548897,-23.533555],[-46.549022,-23.533451],[-46.549456,-23.533141],[-46.549628,-23.533035],[-46.5498258,-23.5329383],[-46.550037,-23.532835],[-46.550476,-23.532668],[-46.55108,-23.532456],[-46.5513404,-23.532327],[-46.551368,-23.532337],[-46.5516058,-23.5321965],[-46.551713,-23.532148],[-46.5519135,-23.5319849],[-46.552077,-23.531865],[-46.552238,-23.531706],[-46.552422,-23.531454],[-46.553324,-23.53013],[-46.555538,-23.526769],[-46.555726,-23.5265],[-46.556341,-23.525745],[-46.556539,-23.525459],[-46.55698,-23.524917],[-46.557172,-23.524646],[-46.557272,-23.524494],[-46.557676,-23.523765],[-46.558226,-23.522932]]],[[[-46.55547,-23.510097],[-46.555685,-23.510621],[-46.555933,-23.511273],[-46.556145,-23.512068],[-46.556277,-23.512672],[-46.556349,-23.513192],[-46.556382,-23.513668],[-46.556401,-23.5143],[-46.556381,-23.51481],[-46.556323,-23.515471],[-46.556251,-23.515833],[-46.556084,-23.516452],[-46.55567,-23.518267],[-46.555622,-23.518711],[-46.555606,-23.519054],[-46.555641,-23.519454],[-46.555714,-23.519876],[-46.555817,-23.520257],[-46.555976,-23.520702],[-46.556081,-23.52096],[-46.556266,-23.52129],[-46.556421,-23.521515],[-46.556594,-23.521727],[-46.556815,-23.521954],[-46.557109,-23.522233],[-46.557487,-23.522499],[-46.557729,-23.522659],[-46.558012,-23.522821],[-46.558226,-23.522932]]],[[[-46.551094,-23.507035],[-46.5516586,-23.5071275],[-46.5521258,-23.50728],[-46.5525808,-23.5074731],[-46.553051,-23.50769],[-46.5540057,-23.5082442],[-46.5544859,-23.5086284],[-46.5547713,-23.508905],[-46.5551929,-23.5094586],[-46.55547,-23.510097]]],[[[-46.520985,-23.514194],[-46.521421,-23.513936],[-46.521698,-23.5138],[-46.521948,-23.513682],[-46.52218,-23.513602],[-46.522555,-23.513502],[-46.522841,-23.513444],[-46.523131,-23.513399],[-46.523395,-23.513375],[-46.523688,-23.51337],[-46.52403,-23.513383],[-46.524303,-23.513415],[-46.524666,-23.513481],[-46.525024,-23.513558],[-46.5266,-23.513916],[-46.526782,-23.513945],[-46.527068,-23.513999],[-46.527406,-23.514045],[-46.528119,-23.514131],[-46.529188,-23.514255],[-46.530212,-23.514377],[-46.531875,-23.514572],[-46.532231,-23.514607],[-46.532791,-23.514651],[-46.533812,-23.514719],[-46.534267,-23.514753],[-46.534635,-23.514766],[-46.535241,-23.514756],[-46.535698,-23.514732],[-46.536077,-23.514695],[-46.536677,-23.514611],[-46.537726,-23.514398],[-46.538762,-23.514182],[-46.539259,-23.51408],[-46.539837,-23.513983],[-46.540158,-23.513937],[-46.540822,-23.513879],[-46.541172,-23.513863],[-46.541486,-23.513858],[-46.541943,-23.513857],[-46.542576,-23.513876],[-46.54346,-23.513909],[-46.544035,-23.513916],[-46.544154,-23.513921],[-46.54433,-23.513944],[-46.544706,-23.514017],[-46.54511,-23.514079],[-46.545817,-23.514205],[-46.545833,-23.513146],[-46.545844,-23.512818],[-46.545775,-23.512642],[-46.545745,-23.512594],[-46.545798,-23.512395],[-46.545833,-23.512319],[-46.545871,-23.512183],[-46.545943,-23.512007],[-46.546248,-23.511521],[-46.546289,-23.511442],[-46.546332,-23.51125],[-46.546416,-23.510991],[-46.546459,-23.510896],[-46.546637,-23.510539],[-46.546744,-23.510373],[-46.546937,-23.510008],[-46.547199,-23.509442],[-46.54726,-23.509296],[-46.548216,-23.50923],[-46.5487967,-23.5092077],[-46.5490479,-23.5092038],[-46.5492462,-23.5092233],[-46.549414,-23.509253],[-46.549642,-23.50932],[-46.549857,-23.509401],[-46.55,-23.509466],[-46.550099,-23.509518],[-46.550215,-23.509604],[-46.550507,-23.509867],[-46.5506039,-23.5097417],[-46.5506788,-23.5096491],[-46.5507214,-23.5096014],[-46.550763,-23.509449],[-46.55078,-23.509232],[-46.550797,-23.50882],[-46.550819,-23.508551],[-46.55087,-23.508307],[-46.55107,-23.507152],[-46.551094,-23.507035]]],[[[-46.489706,-23.527753],[-46.489772,-23.52763],[-46.489896,-23.527414],[-46.49009,-23.52712],[-46.490793,-23.526169],[-46.491284,-23.525541],[-46.491429,-23.525379],[-46.491632,-23.525175],[-46.491859,-23.524969],[-46.492662,-23.52431],[-46.493213,-23.523891],[-46.493365,-23.523815],[-46.493596,-23.523649],[-46.493878,-23.523423],[-46.494233,-23.523123],[-46.494344,-23.523012],[-46.494463,-23.522862],[-46.494535,-23.522744],[-46.494651,-23.522495],[-46.494789,-23.522104],[-46.494866,-23.521959],[-46.495018,-23.521768],[-46.495175,-23.521615],[-46.495412,-23.521471],[-46.4954901,-23.521433],[-46.495741,-23.521311],[-46.4958752,-23.5212704],[-46.496164,-23.521183],[-46.496458,-23.521114],[-46.4969133,-23.5209868],[-46.4976826,-23.5207575],[-46.4987122,-23.5204566],[-46.499354,-23.520246],[-46.4994193,-23.5202306],[-46.499613,-23.520185],[-46.4997534,-23.5201586],[-46.499778,-23.520154],[-46.499933,-23.520146],[-46.499969,-23.5201493],[-46.500109,-23.520162],[-46.5007606,-23.5202394],[-46.5011314,-23.5202726],[-46.5021857,-23.5203993],[-46.5023871,-23.5204228],[-46.5026121,-23.5204696],[-46.5028318,-23.5204961],[-46.503071,-23.5205261],[-46.5032966,-23.5205562],[-46.50349,-23.520598],[-46.5035648,-23.5206021],[-46.503692,-23.520609],[-46.5038447,-23.5206075],[-46.503902,-23.520607],[-46.504498,-23.520574],[-46.50488,-23.52054],[-46.505243,-23.520525],[-46.5059691,-23.5205108],[-46.507236,-23.520486],[-46.507459,-23.520475],[-46.507641,-23.520448],[-46.507778,-23.52041],[-46.508009,-23.520335],[-46.50857,-23.520128],[-46.509,-23.519993],[-46.509443,-23.51987],[-46.509814,-23.519783],[-46.5099051,-23.5197514],[-46.510091,-23.519687],[-46.51038,-23.519557],[-46.5105306,-23.5194936],[-46.5107975,-23.5194378],[-46.510859,-23.519436],[-46.5113289,-23.5193667],[-46.511442,-23.51935],[-46.511927,-23.519287],[-46.512211,-23.519226],[-46.512393,-23.519173],[-46.5124279,-23.5191564],[-46.512806,-23.518977],[-46.5128447,-23.518949],[-46.512994,-23.518841],[-46.513111,-23.51873],[-46.513326,-23.518507],[-46.513442,-23.518402],[-46.5135286,-23.5183384],[-46.513559,-23.518316],[-46.513959,-23.518056],[-46.514466,-23.517745],[-46.514843,-23.517526],[-46.51514,-23.517367],[-46.5152075,-23.5173346],[-46.515985,-23.516961],[-46.516644,-23.516627],[-46.51717,-23.516333],[-46.517817,-23.515995],[-46.519296,-23.515345],[-46.519514,-23.51524],[-46.51961,-23.515176],[-46.520465,-23.514511],[-46.520985,-23.514194]]],[[[-46.501283,-23.530955],[-46.4985,-23.532751],[-46.497673,-23.533293],[-46.497416,-23.533473],[-46.497225,-23.533626],[-46.496421,-23.534361],[-46.496099,-23.534595],[-46.495854,-23.534737],[-46.49565,-23.534845],[-46.495462,-23.534934],[-46.495288,-23.535006],[-46.49482,-23.535163],[-46.494699,-23.535194],[-46.494499,-23.535228],[-46.493661,-23.535309],[-46.493608,-23.535192],[-46.4934826,-23.5349641],[-46.493361,-23.534795],[-46.49309,-23.534446],[-46.492551,-23.53384],[-46.491711,-23.533018],[-46.490505,-23.531855],[-46.48955,-23.530901],[-46.488877,-23.530213],[-46.488558,-23.529901],[-46.488692,-23.529664],[-46.488874,-23.529292],[-46.489182,-23.528722],[-46.489426,-23.528299],[-46.489581,-23.527984],[-46.489706,-23.527753]]]]},"properties":{"name":"Penha","admin_level":"9"}},{"type":"Feature","geometry":{"type":"MultiPolygon","coordinates":[[[[-46.489706,-23.527753],[-46.489772,-23.52763],[-46.489896,-23.527414],[-46.49009,-23.52712],[-46.490793,-23.526169],[-46.491284,-23.525541],[-46.491429,-23.525379],[-46.491632,-23.525175],[-46.491859,-23.524969],[-46.492662,-23.52431],[-46.493213,-23.523891],[-46.493365,-23.523815],[-46.493596,-23.523649],[-46.493878,-23.523423],[-46.494233,-23.523123],[-46.494344,-23.523012],[-46.494463,-23.522862],[-46.494535,-23.522744],[-46.494651,-23.522495],[-46.494789,-23.522104],[-46.494866,-23.521959],[-46.495018,-23.521768],[-46.495175,-23.521615],[-46.495412,-23.521471],[-46.4954901,-23.521433],[-46.495741,-23.521311],[-46.4958752,-23.5212704],[-46.496164,-23.521183],[-46.496458,-23.521114],[-46.4969133,-23.5209868],[-46.4976826,-23.5207575],[-46.4987122,-23.5204566],[-46.499354,-23.520246],[-46.4994193,-23.5202306],[-46.499613,-23.520185],[-46.4997534,-23.5201586],[-46.499778,-23.520154],[-46.499933,-23.520146],[-46.499969,-23.5201493],[-46.500109,-23.520162],[-46.5007606,-23.5202394],[-46.5011314,-23.5202726],[-46.5021857,-23.5203993],[-46.5023871,-23.5204228],[-46.5026121,-23.5204696],[-46.5028318,-23.5204961],[-46.503071,-23.5205261],[-46.5032966,-23.5205562],[-46.50349,-23.520598],[-46.5035648,-23.5206021],[-46.503692,-23.520609],[-46.5038447,-23.5206075],[-46.503902,-23.520607],[-46.504498,-23.520574],[-46.50488,-23.52054],[-46.505243,-23.520525],[-46.5059691,-23.5205108],[-46.507236,-23.520486],[-46.507459,-23.520475],[-46.507641,-23.520448],[-46.507778,-23.52041],[-46.508009,-23.520335],[-46.50857,-23.520128],[-46.509,-23.519993],[-46.509443,-23.51987],[-46.509814,-23.519783],[-46.5099051,-23.5197514],[-46.510091,-23.519687],[-46.51038,-23.519557],[-46.5105306,-23.5194936],[-46.5107975,-23.5194378],[-46.510859,-23.519436],[-46.5113289,-23.5193667],[-46.511442,-23.51935],[-46.511927,-23.519287],[-46.512211,-23.519226],[-46.512393,-23.519173],[-46.5124279,-23.5191564],[-46.512806,-23.518977],[-46.5128447,-23.518949],[-46.512994,-23.518841],[-46.513111,-23.51873],[-46.513326,-23.518507],[-46.513442,-23.518402],[-46.5135286,-23.5183384],[-46.513559,-23.518316],[-46.513959,-23.518056],[-46.514466,-23.517745],[-46.514843,-23.517526],[-46.51514,-23.517367],[-46.5152075,-23.5173346],[-46.515985,-23.516961],[-46.516644,-23.516627],[-46.51717,-23.516333],[-46.517817,-23.515995],[-46.519296,-23.515345],[-46.519514,-23.51524],[-46.51961,-23.515176],[-46.520465,-23.514511],[-46.520985,-23.514194]]],[[[-46.520985,-23.514194],[-46.5017306,-23.508781],[-46.4971908,-23.5075048],[-46.494339,-23.506703]]],[[[-46.494339,-23.506703],[-46.494213,-23.506658],[-46.493926,-23.506448],[-46.49386,-23.506416],[-46.493801,-23.506407],[-46.493726,-23.506423],[-46.493671,-23.506449],[-46.493612,-23.506515],[-46.493597,-23.506597],[-46.493615,-23.506764],[-46.4935731,-23.5068535]]],[[[-46.4935731,-23.5068535],[-46.493535,-23.506882],[-46.493506,-23.506886],[-46.493429,-23.506876],[-46.493274,-23.506791],[-46.492984,-23.506696],[-46.492915,-23.506689],[-46.492844,-23.506704],[-46.49272,-23.506755],[-46.492454,-23.506849],[-46.491959,-23.507001],[-46.490987,-23.507198],[-46.490766,-23.507255],[-46.490721,-23.507281],[-46.490694,-23.50733],[-46.490699,-23.507583],[-46.490443,-23.507544],[-46.490212,-23.507526],[-46.485998,-23.50723],[-46.48561,-23.507212],[-46.485468,-23.507215],[-46.485341,-23.507231],[-46.484805,-23.50734],[-46.484515,-23.507368],[-46.48215,-23.507199],[-46.482053,-23.5072],[-46.481862,-23.507214],[-46.479953,-23.507462],[-46.479742,-23.507479],[-46.479568,-23.507473],[-46.479372,-23.507455],[-46.479209,-23.50742],[-46.47909,-23.507384],[-46.478031,-23.506912]]],[[[-46.4763267,-23.516766],[-46.4763531,-23.5165791],[-46.4765181,-23.5154114],[-46.4765382,-23.5152302],[-46.476684,-23.514171],[-46.476932,-23.512366],[-46.476986,-23.512075],[-46.4773245,-23.5103474],[-46.477465,-23.5096588],[-46.478031,-23.506912]]],[[[-46.475061,-23.523784],[-46.4763267,-23.516766]]],[[[-46.489706,-23.527753],[-46.489513,-23.527699],[-46.489412,-23.527664],[-46.489323,-23.527612],[-46.489199,-23.527505],[-46.488967,-23.527238],[-46.488962,-23.527205],[-46.488942,-23.52718],[-46.488892,-23.52714],[-46.488792,-23.52701],[-46.488763,-23.526924],[-46.488729,-23.52689],[-46.488616,-23.526806],[-46.488529,-23.526672],[-46.488395,-23.526498],[-46.488219,-23.526306],[-46.488142,-23.526183],[-46.488106,-23.526081],[-46.488043,-23.525996],[-46.487877,-23.525835],[-46.487822,-23.525714],[-46.487409,-23.526087],[-46.487285,-23.526157],[-46.487089,-23.52623],[-46.486944,-23.526242],[-46.486736,-23.526231],[-46.486159,-23.526167],[-46.486034,-23.526142],[-46.485941,-23.526114],[-46.485536,-23.525936],[-46.48393,-23.525166],[-46.483886,-23.52516],[-46.483815,-23.525169],[-46.483751,-23.525193],[-46.482421,-23.525933],[-46.482339,-23.525961],[-46.482259,-23.525975],[-46.482163,-23.525971],[-46.480947,-23.525865],[-46.478036,-23.524816],[-46.4766607,-23.5243267],[-46.475748,-23.524002],[-46.475096,-23.52379],[-46.475061,-23.523784]]]]},"properties":{"name":"Ponte Rasa","admin_level":"9"}},{"type":"Feature","geometry":{"type":"MultiPolygon","coordinates":[[[[-46.548245,-23.534897],[-46.548385,-23.534473]]],[[[-46.548385,-23.534473],[-46.547912,-23.534363],[-46.54769,-23.534327],[-46.546496,-23.534093],[-46.544707,-23.533766],[-46.541168,-23.53306],[-46.534094,-23.531668],[-46.533543,-23.531575],[-46.532922,-23.531506],[-46.532368,-23.531473],[-46.532015,-23.531492],[-46.531346,-23.531555],[-46.529711,-23.531806],[-46.529092,-23.531884],[-46.528596,-23.531919],[-46.528107,-23.531916],[-46.527708,-23.531879],[-46.525912,-23.531673],[-46.521469,-23.531142],[-46.521082,-23.531092],[-46.520893,-23.53106],[-46.520691,-23.531013],[-46.520296,-23.530892],[-46.519863,-23.530703],[-46.515049,-23.528388],[-46.51453,-23.528185],[-46.514291,-23.528104],[-46.51406,-23.528045],[-46.513698,-23.527973],[-46.509511,-23.527345],[-46.509174,-23.527303],[-46.50885,-23.527279],[-46.508488,-23.527268],[-46.508127,-23.527279],[-46.507803,-23.527308],[-46.5075,-23.527364],[-46.507123,-23.527466],[-46.506751,-23.527587],[-46.506387,-23.527731],[-46.506118,-23.527874],[-46.505865,-23.527997],[-46.501283,-23.530955]]],[[[-46.501283,-23.530955],[-46.501712,-23.531519],[-46.501613,-23.53163],[-46.501554,-23.531712],[-46.501492,-23.531843],[-46.501382,-23.532144],[-46.501309,-23.532319],[-46.501204,-23.532469],[-46.499406,-23.534606],[-46.498565,-23.535626],[-46.498485,-23.535698],[-46.49837,-23.535762],[-46.497884,-23.536457],[-46.497717,-23.536682],[-46.497576,-23.536916],[-46.4973454,-23.5373217],[-46.4973085,-23.5373623],[-46.497107,-23.537741],[-46.4969461,-23.5380344],[-46.496479,-23.538886],[-46.495915,-23.539842],[-46.496277,-23.540003],[-46.495985,-23.540352],[-46.49375,-23.542954],[-46.493449,-23.543325],[-46.496129,-23.542862],[-46.496592,-23.542789],[-46.496878,-23.542772],[-46.49713,-23.542783],[-46.497318,-23.542803],[-46.497762,-23.54288],[-46.498032,-23.542965],[-46.498419,-23.543105],[-46.49876,-23.543279],[-46.498976,-23.5434],[-46.499295,-23.543641],[-46.499457,-23.543792],[-46.499675,-23.544039],[-46.499862,-23.544312],[-46.500301,-23.545042],[-46.500445,-23.545265],[-46.500598,-23.545428],[-46.501093,-23.545875],[-46.5012,-23.545992],[-46.501261,-23.546139],[-46.50225,-23.54945]]],[[[-46.50225,-23.54945],[-46.50254,-23.549362],[-46.502873,-23.549285],[-46.504489,-23.548959],[-46.504958,-23.548873],[-46.505409,-23.548829],[-46.505561,-23.548828],[-46.505764,-23.548842],[-46.505975,-23.54887],[-46.506201,-23.548921],[-46.506485,-23.549012],[-46.506705,-23.549104],[-46.506879,-23.549192],[-46.507109,-23.549321],[-46.50733,-23.549475],[-46.507952,-23.549981],[-46.508103,-23.550078],[-46.508212,-23.550131],[-46.508377,-23.550195],[-46.508503,-23.550222],[-46.508729,-23.550248],[-46.509018,-23.550262],[-46.509902,-23.550248],[-46.5104776,-23.5502999],[-46.510798,-23.550313],[-46.51103,-23.550385],[-46.511178,-23.550466],[-46.511359,-23.55058],[-46.511462,-23.550663],[-46.512155,-23.5513],[-46.51302,-23.552132],[-46.513114,-23.552251],[-46.513221,-23.552431],[-46.513384,-23.552763],[-46.513699,-23.55345],[-46.513787,-23.553586],[-46.513881,-23.553701],[-46.513974,-23.553797],[-46.514083,-23.553893],[-46.514182,-23.553964],[-46.514298,-23.554027],[-46.516166,-23.554811],[-46.516448,-23.554903],[-46.516838,-23.555008],[-46.51701,-23.555068],[-46.517149,-23.555133]]],[[[-46.517149,-23.555133],[-46.518108,-23.553775],[-46.518229,-23.553617],[-46.518469,-23.553347],[-46.518611,-23.553213],[-46.518823,-23.553031],[-46.519001,-23.552905],[-46.519215,-23.552771],[-46.523614,-23.550297],[-46.523845,-23.550155],[-46.523998,-23.550044],[-46.524135,-23.549933],[-46.524272,-23.549799],[-46.524392,-23.549666],[-46.524751,-23.549184],[-46.525272,-23.54846],[-46.525505,-23.548202],[-46.52575,-23.547991],[-46.526079,-23.547742],[-46.526633,-23.5474],[-46.527143,-23.547032],[-46.527449,-23.546785],[-46.527608,-23.546634],[-46.527912,-23.546323],[-46.529036,-23.545121],[-46.529262,-23.544897],[-46.529589,-23.544609],[-46.529701,-23.544528],[-46.529844,-23.544438],[-46.530006,-23.544351],[-46.532594,-23.543193],[-46.53339,-23.542809],[-46.533549,-23.542716],[-46.53401,-23.542412],[-46.534841,-23.541771],[-46.535099,-23.541583],[-46.535351,-23.541441],[-46.53553,-23.54136],[-46.535727,-23.541285],[-46.53591,-23.54123],[-46.536123,-23.541184],[-46.536449,-23.541141],[-46.536751,-23.541114],[-46.537301,-23.541105],[-46.538099,-23.541141],[-46.538566,-23.541192],[-46.538699,-23.541194],[-46.538793,-23.541188],[-46.539059,-23.541143],[-46.539253,-23.541091],[-46.539471,-23.541024],[-46.5443447,-23.5390917],[-46.544392,-23.539073],[-46.544599,-23.538972],[-46.544968,-23.538769],[-46.5454869,-23.538512],[-46.546011,-23.538315],[-46.5465073,-23.5381067],[-46.546687,-23.53801],[-46.546824,-23.537919],[-46.546982,-23.537793],[-46.5470365,-23.5377433],[-46.54713,-23.537658],[-46.547338,-23.537418],[-46.547418,-23.5373028],[-46.547438,-23.537274],[-46.5474792,-23.5372022],[-46.547528,-23.537117],[-46.547645,-23.536845],[-46.547706,-23.536671],[-46.5479125,-23.5359745],[-46.5480262,-23.5355547],[-46.548245,-23.534897]]]]},"properties":{"name":"Vila Matilde","admin_level":"9"}},{"type":"Feature","geometry":{"type":"MultiPolygon","coordinates":[[[[-46.7925623,-23.6498628],[-46.7925723,-23.6497468]]],[[[-46.7925723,-23.6497468],[-46.792239,-23.649618],[-46.792074,-23.6495287],[-46.7920057,-23.6494816],[-46.7919318,-23.6494306],[-46.7918754,-23.6493874],[-46.7917632,-23.6493276],[-46.7917085,-23.6493063],[-46.7915748,-23.6490623],[-46.7914031,-23.6485795],[-46.7913026,-23.6482453],[-46.7911725,-23.648023],[-46.7909686,-23.6477699],[-46.7907245,-23.6475598],[-46.7905127,-23.64741],[-46.7901331,-23.6472367],[-46.789877,-23.6471716],[-46.7896879,-23.6471434],[-46.7895469,-23.6471612],[-46.7891896,-23.6472672],[-46.7889085,-23.6473735],[-46.7885945,-23.64755],[-46.7880401,-23.6478777],[-46.7876345,-23.6480712],[-46.787564,-23.6480887],[-46.7874318,-23.6481348],[-46.7874211,-23.6481411]]],[[[-46.7867713,-23.6490161],[-46.7871048,-23.6486665],[-46.7873081,-23.6483786],[-46.7874115,-23.6481762],[-46.7874211,-23.6481411]]],[[[-46.7837005,-23.650483],[-46.7838074,-23.6504601],[-46.7838849,-23.6504581],[-46.7840767,-23.6504165],[-46.7846025,-23.6502552],[-46.7850815,-23.650022],[-46.7864249,-23.6493339],[-46.7866188,-23.6491836],[-46.7867713,-23.6490161]]],[[[-46.7835342,-23.6504167],[-46.7837005,-23.650483]]],[[[-46.7804318,-23.651257],[-46.7804809,-23.6512552],[-46.7805567,-23.6512554],[-46.780618,-23.6512602],[-46.7808121,-23.6512754],[-46.781012,-23.651291],[-46.781082,-23.6512757],[-46.7811448,-23.6512478],[-46.7812208,-23.6512001],[-46.7812724,-23.6511528],[-46.7813197,-23.6511116],[-46.7813941,-23.6510477],[-46.7814568,-23.6510051],[-46.781529,-23.6509696],[-46.7819706,-23.6508103],[-46.782332,-23.6506671],[-46.7824907,-23.6506137],[-46.7828786,-23.6504581],[-46.7829435,-23.6504431],[-46.7831346,-23.6504197],[-46.7832733,-23.6504135],[-46.7833257,-23.6504111],[-46.7834397,-23.6504056],[-46.7834869,-23.6504084],[-46.7835342,-23.6504167]]],[[[-46.780283,-23.6512659],[-46.7804318,-23.651257]]],[[[-46.7788133,-23.6520163],[-46.7789822,-23.6518301],[-46.7790705,-23.6517538],[-46.7791567,-23.6516948],[-46.7792643,-23.6516113],[-46.779389,-23.6515346],[-46.7794592,-23.6514847],[-46.7795441,-23.6514361],[-46.779647,-23.6513902],[-46.7797368,-23.6513488],[-46.7798214,-23.6513214],[-46.7799212,-23.651304],[-46.7800293,-23.6512932],[-46.7801191,-23.6512843],[-46.7801827,-23.6512765],[-46.7802361,-23.65127],[-46.780283,-23.6512659]]],[[[-46.7788133,-23.6520163],[-46.7787092,-23.6521414],[-46.7786991,-23.6521567]]],[[[-46.7786991,-23.6521567],[-46.7786503,-23.6522302],[-46.7785424,-23.6523929]]],[[[-46.7785424,-23.6523929],[-46.7784856,-23.6524497],[-46.7784523,-23.6524619],[-46.7783909,-23.6524599]]],[[[-46.7783909,-23.6524599],[-46.7783669,-23.6523951],[-46.7785762,-23.6517925],[-46.7785286,-23.6517709]]],[[[-46.7780476,-23.6500698],[-46.777891,-23.6508418],[-46.777866,-23.650932],[-46.7778553,-23.6510155],[-46.7778667,-23.6510886],[-46.7778862,-23.6511384],[-46.777913,-23.6511808],[-46.7785286,-23.6517709]]],[[[-46.7780476,-23.6500698],[-46.77743,-23.650358],[-46.7773619,-23.6504069],[-46.776737,-23.650717],[-46.776442,-23.650874],[-46.775789,-23.6512],[-46.775611,-23.651251],[-46.774959,-23.651299],[-46.77456,-23.651331],[-46.774402,-23.651353],[-46.774341,-23.651376],[-46.774201,-23.65145],[-46.774155,-23.651521],[-46.773992,-23.651675],[-46.773887,-23.651735],[-46.77382,-23.651796],[-46.773746,-23.651825],[-46.773506,-23.652021],[-46.773415,-23.652112],[-46.7733795,-23.6521599],[-46.773286,-23.652333],[-46.773063,-23.652659],[-46.772924,-23.652887],[-46.772838,-23.652941],[-46.772265,-23.653138],[-46.771707,-23.653319],[-46.771358,-23.653434],[-46.771233,-23.653482],[-46.770701,-23.653658],[-46.770205,-23.653827],[-46.769598,-23.654044],[-46.769048,-23.654234],[-46.768521,-23.654406],[-46.76844,-23.654596],[-46.768367,-23.654721],[-46.76824,-23.654876],[-46.76791,-23.655196],[-46.767543,-23.655529],[-46.767334,-23.655683],[-46.767106,-23.655811],[-46.766655,-23.655951],[-46.766593,-23.655977],[-46.766531,-23.656026],[-46.766379,-23.656186],[-46.76624,-23.656256],[-46.766114,-23.656333],[-46.76587,-23.6564676],[-46.7655181,-23.656041],[-46.7643388,-23.6546116],[-46.7642049,-23.6544463],[-46.763833,-23.6540189],[-46.7630957,-23.6532859],[-46.7623087,-23.6525129],[-46.7621412,-23.6523858],[-46.7619874,-23.6522969],[-46.7618286,-23.6522304],[-46.761604,-23.652212],[-46.761331,-23.652101],[-46.761043,-23.651957],[-46.760879,-23.65184],[-46.760771,-23.651735],[-46.760667,-23.651624],[-46.760343,-23.651086],[-46.760214,-23.650909],[-46.760073,-23.650768],[-46.759939,-23.650652],[-46.759831,-23.650573],[-46.759675,-23.650476],[-46.759038,-23.650153],[-46.758907,-23.650074],[-46.758695,-23.649863],[-46.758551,-23.649679],[-46.758456,-23.649492],[-46.758399,-23.649291],[-46.758374,-23.64911],[-46.758351,-23.648681],[-46.758339,-23.64854]]],[[[-46.762072,-23.66987],[-46.762078,-23.669758],[-46.76208,-23.669393],[-46.762072,-23.669296],[-46.76198,-23.669169],[-46.761802,-23.669079],[-46.761779,-23.669024],[-46.761752,-23.668839],[-46.761692,-23.668658],[-46.761563,-23.66832],[-46.761511,-23.668206],[-46.761493,-23.668067],[-46.761505,-23.667852],[-46.761513,-23.667537],[-46.76152,-23.667138],[-46.76153,-23.666961],[-46.761565,-23.666781],[-46.761632,-23.666533],[-46.761686,-23.666319],[-46.7617274,-23.6661384],[-46.761733,-23.666114],[-46.7617425,-23.6660057],[-46.761744,-23.665988],[-46.761713,-23.665896],[-46.7616778,-23.6657436],[-46.761615,-23.6655785],[-46.761542,-23.665444],[-46.76149,-23.6653294],[-46.761458,-23.665259],[-46.7612103,-23.664742],[-46.7610618,-23.6645345],[-46.760801,-23.664229],[-46.760662,-23.664104],[-46.760499,-23.663987],[-46.760175,-23.66385],[-46.7600961,-23.6638068],[-46.76002,-23.663765],[-46.7599789,-23.6637265],[-46.759894,-23.663647],[-46.7598533,-23.6636132],[-46.759674,-23.663464],[-46.759581,-23.663382],[-46.759439,-23.663184],[-46.759302,-23.662972],[-46.7592,-23.66284],[-46.759104,-23.66275],[-46.759048,-23.66267],[-46.758972,-23.662538],[-46.758865,-23.662369],[-46.758746,-23.662233],[-46.758633,-23.662122],[-46.758321,-23.661907],[-46.758252,-23.661837],[-46.758194,-23.661759],[-46.758168,-23.661691],[-46.758162,-23.661613],[-46.758186,-23.661489],[-46.758184,-23.661392],[-46.758169,-23.661337],[-46.758094,-23.661141],[-46.758053,-23.661072],[-46.757925,-23.660801],[-46.757784,-23.66049],[-46.757696,-23.660289],[-46.757654,-23.660145],[-46.75765,-23.660037],[-46.757657,-23.659984],[-46.757694,-23.659927],[-46.757785,-23.65982],[-46.757836,-23.659732],[-46.757862,-23.659636],[-46.757888,-23.659371],[-46.757885,-23.659312],[-46.757758,-23.659127],[-46.757568,-23.658898],[-46.757471,-23.658754],[-46.757416,-23.658707],[-46.757358,-23.658689],[-46.757105,-23.658593],[-46.757032,-23.658537],[-46.756954,-23.658443],[-46.75682,-23.658296],[-46.756714,-23.658203],[-46.756605,-23.658098],[-46.756557,-23.658014],[-46.756541,-23.657966],[-46.756533,-23.657888],[-46.756566,-23.657757],[-46.756682,-23.65751],[-46.756762,-23.657287],[-46.756768,-23.65719],[-46.756754,-23.657112],[-46.756721,-23.657041],[-46.756652,-23.656948],[-46.756405,-23.656708],[-46.756263,-23.65651],[-46.756178,-23.656327],[-46.755995,-23.656022],[-46.755865,-23.655835],[-46.755737,-23.655602],[-46.755683,-23.655467],[-46.755625,-23.655379],[-46.755537,-23.655304],[-46.7554,-23.65517],[-46.755372,-23.655129],[-46.755349,-23.65504],[-46.755263,-23.654786],[-46.755181,-23.654573],[-46.755122,-23.654448],[-46.755053,-23.654336],[-46.754982,-23.654273],[-46.754837,-23.654212],[-46.7547878,-23.6541625],[-46.754763,-23.654103],[-46.754749,-23.653977],[-46.754737,-23.653612],[-46.754711,-23.6535478],[-46.754642,-23.653446],[-46.754431,-23.653088],[-46.754337,-23.652958],[-46.754227,-23.6527668],[-46.754086,-23.6524118],[-46.753915,-23.652144],[-46.753819,-23.652009],[-46.753773,-23.6519288],[-46.753664,-23.651794],[-46.753558,-23.6517198],[-46.75345,-23.651634],[-46.753331,-23.651527],[-46.753232,-23.651361],[-46.753201,-23.651283],[-46.753182,-23.651141],[-46.7531915,-23.6508429],[-46.7531866,-23.6506521],[-46.753123,-23.650474],[-46.7529589,-23.6498941],[-46.752718,-23.649127],[-46.752698,-23.649056],[-46.752987,-23.648878],[-46.753265,-23.648762],[-46.753655,-23.648687],[-46.753843,-23.648662],[-46.754622,-23.64855],[-46.75486,-23.648535],[-46.755608,-23.648542],[-46.757262,-23.648564],[-46.757957,-23.648552],[-46.758339,-23.64854]]],[[[-46.7981568,-23.6966754],[-46.797431,-23.696719],[-46.797276,-23.696716],[-46.79721,-23.696693],[-46.797139,-23.696643],[-46.796952,-23.696454],[-46.796922,-23.696417],[-46.796684,-23.696075],[-46.796525,-23.69588],[-46.796397,-23.69574],[-46.796205,-23.695585],[-46.796018,-23.695451],[-46.795983,-23.695435],[-46.795915,-23.69542],[-46.795736,-23.695435],[-46.795455,-23.695543],[-46.795343,-23.695577],[-46.795253,-23.69558],[-46.795213,-23.695573],[-46.795082,-23.695516],[-46.794982,-23.695432],[-46.794922,-23.69535],[-46.794891,-23.695278],[-46.794826,-23.695086],[-46.794725,-23.69467],[-46.794655,-23.694428],[-46.794672,-23.694328],[-46.794554,-23.694359],[-46.794367,-23.694437],[-46.794034,-23.694593],[-46.793719,-23.694055],[-46.793612,-23.693854],[-46.793587,-23.693771],[-46.793421,-23.693822],[-46.793335,-23.693864],[-46.792597,-23.694259],[-46.792508,-23.694297],[-46.792425,-23.694311],[-46.792257,-23.694305],[-46.792068,-23.694288],[-46.791906,-23.694281],[-46.791822,-23.694295],[-46.791632,-23.694346],[-46.791335,-23.694439],[-46.791288,-23.694465],[-46.791221,-23.694521],[-46.791113,-23.694552],[-46.791038,-23.69459],[-46.791043,-23.694545],[-46.791161,-23.694338],[-46.791183,-23.694281],[-46.791198,-23.69426],[-46.791539,-23.693999],[-46.791828,-23.693739],[-46.791519,-23.693806],[-46.791127,-23.693875],[-46.790591,-23.694],[-46.790523,-23.694035],[-46.790575,-23.693861],[-46.790751,-23.693415],[-46.7908247,-23.6932928],[-46.7909488,-23.6931325],[-46.791046,-23.692989],[-46.791076,-23.692909],[-46.791091,-23.692827],[-46.79108,-23.692707],[-46.791052,-23.692589],[-46.791003,-23.692478],[-46.790867,-23.692324],[-46.790585,-23.69199],[-46.790113,-23.691351],[-46.789917,-23.691088],[-46.789796,-23.690884],[-46.789722,-23.690773],[-46.78955,-23.690557],[-46.789484,-23.690454],[-46.789443,-23.690374],[-46.789416,-23.690255],[-46.78936,-23.689953],[-46.789356,-23.689873],[-46.789368,-23.689827],[-46.789559,-23.689572],[-46.789835,-23.689158],[-46.78991,-23.689031],[-46.790088,-23.688862],[-46.790158,-23.688718],[-46.790228,-23.688548],[-46.790261,-23.688446],[-46.790269,-23.688311],[-46.790289,-23.688097],[-46.790314,-23.687934],[-46.790362,-23.687789],[-46.790505,-23.687292],[-46.790547,-23.687101],[-46.79059,-23.686988],[-46.790621,-23.68687],[-46.790698,-23.686688],[-46.790844,-23.686243],[-46.790955,-23.685916],[-46.790973,-23.685817],[-46.79095,-23.685681],[-46.7909801,-23.6855525],[-46.790897,-23.6855],[-46.790833,-23.685427],[-46.790749,-23.685229],[-46.79071,-23.685167],[-46.790611,-23.685054],[-46.790474,-23.6849361],[-46.790452,-23.685054],[-46.790427,-23.685243],[-46.790399,-23.685401],[-46.790341,-23.685615],[-46.790258,-23.68583],[-46.790105,-23.686244],[-46.790009,-23.68652],[-46.789956,-23.686682],[-46.789914,-23.686605],[-46.789869,-23.686473],[-46.789801,-23.686169],[-46.789732,-23.685898],[-46.78962,-23.685741],[-46.789479,-23.685628],[-46.789336,-23.685491],[-46.789252,-23.685431],[-46.789116,-23.685371],[-46.789036,-23.685504],[-46.788978,-23.68562],[-46.788931,-23.685769],[-46.788774,-23.685775],[-46.788698,-23.6858],[-46.788485,-23.685894],[-46.788172,-23.686039],[-46.78794,-23.686138],[-46.787411,-23.686371],[-46.786698,-23.686696],[-46.786566,-23.686762],[-46.785891,-23.687128],[-46.785393,-23.687381],[-46.785307,-23.687421],[-46.784831,-23.687678],[-46.784724,-23.687754],[-46.784707,-23.687775],[-46.784693,-23.687806],[-46.784691,-23.687874],[-46.78472,-23.687979],[-46.784837,-23.68834],[-46.784839,-23.688437],[-46.784819,-23.688504],[-46.7846879,-23.6887656],[-46.783621,-23.688481],[-46.782827,-23.688338],[-46.7818656,-23.688132],[-46.7817033,-23.6881028],[-46.781073,-23.688288],[-46.780924,-23.687979],[-46.780763,-23.687668],[-46.780675,-23.687508],[-46.780598,-23.687351],[-46.780405,-23.686985],[-46.780265,-23.686729],[-46.779943,-23.686124],[-46.779727,-23.685712],[-46.779648,-23.685572],[-46.779506,-23.685308],[-46.779263,-23.684866],[-46.778899,-23.684165],[-46.778836,-23.68406],[-46.778607,-23.683647],[-46.778447,-23.683343],[-46.778236,-23.682956],[-46.778131,-23.682771],[-46.777908,-23.682353],[-46.777612,-23.681829],[-46.777327,-23.681315],[-46.777181,-23.68107],[-46.777017,-23.680745],[-46.776922,-23.68057],[-46.7767537,-23.6802633],[-46.776563,-23.679925],[-46.776442,-23.679613],[-46.776413,-23.67956],[-46.776329,-23.679371],[-46.776312,-23.679281],[-46.776308,-23.679119],[-46.776352,-23.678979],[-46.776399,-23.67889],[-46.776511,-23.678736],[-46.776559,-23.678656],[-46.776622,-23.67849],[-46.776639,-23.678317],[-46.776526,-23.678076],[-46.776442,-23.677905],[-46.776349,-23.67774],[-46.776262,-23.677562],[-46.776151,-23.677348],[-46.776064,-23.677198],[-46.775803,-23.676872],[-46.775422,-23.676426],[-46.775211,-23.676257],[-46.7751224,-23.676217],[-46.774943,-23.676136],[-46.774668,-23.676064],[-46.774175,-23.675926],[-46.774091,-23.675878],[-46.773979,-23.675836],[-46.773903,-23.675828],[-46.773896,-23.676022],[-46.77389,-23.676462],[-46.773895,-23.676864],[-46.773867,-23.677014],[-46.773796,-23.677198],[-46.773681,-23.677357],[-46.773512,-23.677494],[-46.7725683,-23.6781404],[-46.7720033,-23.6784571],[-46.771233,-23.678908],[-46.770764,-23.679168],[-46.770559,-23.679289],[-46.770486,-23.679343],[-46.77035,-23.679471],[-46.7702437,-23.679587],[-46.770171,-23.679797],[-46.770144,-23.679992],[-46.770148,-23.680205],[-46.770129,-23.680317],[-46.770097,-23.680387],[-46.770054,-23.680452],[-46.769972,-23.680524],[-46.769861,-23.680583],[-46.76952,-23.6806661],[-46.769438,-23.6807],[-46.76936,-23.680761],[-46.769306,-23.680833],[-46.769278,-23.680898],[-46.769261,-23.680969],[-46.769285,-23.681381],[-46.768662,-23.681427],[-46.768596,-23.681423],[-46.768553,-23.681407],[-46.768417,-23.681279],[-46.768427,-23.681264],[-46.7684507,-23.6811982],[-46.7684508,-23.6811066],[-46.768431,-23.681026],[-46.768305,-23.680726],[-46.767578,-23.67929],[-46.767436,-23.679106],[-46.767078,-23.678614],[-46.766849,-23.678314],[-46.766488,-23.677831],[-46.766289,-23.677562],[-46.766025,-23.67722],[-46.765831,-23.676958],[-46.765681,-23.676739],[-46.765126,-23.675999],[-46.76506,-23.675902],[-46.764877,-23.675659],[-46.764331,-23.674925],[-46.764198,-23.674737],[-46.764168,-23.674716],[-46.764138,-23.674703],[-46.764088,-23.67471],[-46.764046,-23.674743],[-46.763996,-23.674743],[-46.763944,-23.674733],[-46.763898,-23.674692],[-46.763834,-23.67455],[-46.763622,-23.674151],[-46.763202,-23.673348],[-46.763109,-23.673227],[-46.762995,-23.673109],[-46.76277,-23.672898],[-46.762664,-23.672783],[-46.762608,-23.672701],[-46.762543,-23.672476],[-46.762521,-23.672334],[-46.762515,-23.672229],[-46.762564,-23.671987],[-46.762559,-23.671834],[-46.76253,-23.671724],[-46.762468,-23.671527],[-46.762354,-23.671193],[-46.76233,-23.671086],[-46.762302,-23.670845],[-46.762283,-23.67074],[-46.762221,-23.670548],[-46.762104,-23.670244],[-46.762077,-23.670086],[-46.762068,-23.669955],[-46.762072,-23.66987]]],[[[-46.8010118,-23.6853585],[-46.8010118,-23.6856374],[-46.8011244,-23.6857031],[-46.8014783,-23.6859129],[-46.8016061,-23.6859846],[-46.8017501,-23.6860662],[-46.8017675,-23.6860759],[-46.8018774,-23.6861372],[-46.8018945,-23.6861467],[-46.8017796,-23.6863326],[-46.8017471,-23.686318],[-46.8016573,-23.6864062],[-46.801412,-23.6867567],[-46.8012055,-23.687056],[-46.8007413,-23.6877488],[-46.8005847,-23.6879669],[-46.8003421,-23.6883049],[-46.7999152,-23.6889537],[-46.7997631,-23.6891696],[-46.7997282,-23.689219],[-46.7995188,-23.6895159],[-46.7993363,-23.6897748],[-46.7992781,-23.6898573],[-46.7992086,-23.6899545],[-46.7990245,-23.6902122],[-46.7988188,-23.6905001],[-46.7986161,-23.6907839],[-46.7984788,-23.6909761],[-46.7984716,-23.6909876],[-46.7983348,-23.6912071],[-46.7982736,-23.6913053],[-46.7982052,-23.6914539],[-46.7981341,-23.6916603],[-46.7980631,-23.6918665],[-46.797971,-23.6922085],[-46.7979102,-23.6924032],[-46.7979044,-23.6924237],[-46.7978471,-23.6926265],[-46.7976165,-23.6934421],[-46.7975052,-23.6938114],[-46.7977104,-23.6940451],[-46.7977975,-23.6941212],[-46.7980014,-23.6942526],[-46.7979871,-23.6943486],[-46.7979629,-23.6944445],[-46.7979169,-23.6945434],[-46.7978585,-23.6946377],[-46.7977493,-23.6948421],[-46.7977199,-23.6949211],[-46.7977104,-23.6949956],[-46.7977157,-23.6950742],[-46.7977332,-23.6951872],[-46.7977975,-23.6954868],[-46.7977989,-23.6955838],[-46.7977801,-23.6956563],[-46.7977412,-23.6957717],[-46.7977157,-23.6958712],[-46.7977211,-23.6959584],[-46.7977721,-23.6960775],[-46.7980763,-23.696549],[-46.7981568,-23.6966754]]],[[[-46.8010118,-23.6853585],[-46.8009136,-23.6844585],[-46.800901,-23.6843602],[-46.8008227,-23.6843635],[-46.8007971,-23.6841402],[-46.8007607,-23.6841288],[-46.800691,-23.6840999],[-46.8005805,-23.6840425],[-46.8006978,-23.6839112],[-46.8008956,-23.683682],[-46.8010376,-23.6835175],[-46.8007624,-23.6832661],[-46.8009243,-23.6830958],[-46.8008552,-23.6829809],[-46.8007899,-23.6828398],[-46.8007759,-23.6828444],[-46.8007362,-23.6827438],[-46.8007174,-23.6827496],[-46.8006641,-23.682631],[-46.8005952,-23.6826558],[-46.8005548,-23.6825674],[-46.800603,-23.6825487],[-46.8005233,-23.6823841],[-46.8004763,-23.6822582],[-46.8004429,-23.6822782],[-46.8003425,-23.6819785],[-46.8003175,-23.681828],[-46.8003202,-23.6816708],[-46.8003177,-23.6815618],[-46.8003738,-23.6813987],[-46.8002667,-23.6813638],[-46.800297,-23.6813193],[-46.8002309,-23.6813038],[-46.7998899,-23.6812111]]],[[[-46.7998899,-23.6812111],[-46.7997399,-23.6811735]]],[[[-46.7997399,-23.6811735],[-46.7997502,-23.6811106],[-46.7998843,-23.680634],[-46.7999151,-23.6805075],[-46.799942,-23.6804007],[-46.7999326,-23.680241],[-46.8000077,-23.680031],[-46.800005,-23.6799045],[-46.800009,-23.6797461],[-46.7999473,-23.679428],[-46.7999513,-23.6793334],[-46.8000573,-23.6788814],[-46.800068,-23.6786566],[-46.8000439,-23.6783975],[-46.7999916,-23.6782612],[-46.7998588,-23.6780352],[-46.7995597,-23.6776004],[-46.7994203,-23.6774395],[-46.7991976,-23.6772553],[-46.7991467,-23.677184],[-46.7990997,-23.6770256],[-46.7990032,-23.6768843],[-46.7989281,-23.6768033],[-46.7987202,-23.6765282],[-46.7986424,-23.676409],[-46.798629,-23.6763427],[-46.7986666,-23.6761241],[-46.79868,-23.6760012],[-46.7986773,-23.6758342],[-46.7986384,-23.6756979],[-46.7986344,-23.6755517],[-46.7985593,-23.6751661],[-46.7985392,-23.6751096],[-46.798503,-23.6750666],[-46.7983715,-23.6749978],[-46.7981341,-23.6748516],[-46.7979893,-23.6747558],[-46.7979276,-23.6746797],[-46.7977493,-23.6743775],[-46.7976755,-23.6742707],[-46.7976232,-23.6741933],[-46.7975427,-23.6741368],[-46.7974086,-23.6740778],[-46.7973013,-23.6739906],[-46.7972705,-23.6739557],[-46.797194,-23.673869],[-46.7971629,-23.6737989]]],[[[-46.7971629,-23.6737989],[-46.7971195,-23.6737012]]],[[[-46.7971195,-23.6737012],[-46.7970626,-23.673573],[-46.7970733,-23.673406],[-46.7970733,-23.6733016],[-46.7970277,-23.6731296],[-46.7969781,-23.6730658],[-46.7969352,-23.6730314],[-46.7968668,-23.6730289],[-46.7968172,-23.6730572],[-46.7967622,-23.6730756],[-46.7967086,-23.6730682],[-46.7966589,-23.6730363],[-46.7966267,-23.672981],[-46.7966147,-23.6728778],[-46.7966482,-23.6727415],[-46.7966643,-23.6726039],[-46.7966415,-23.6724885],[-46.7966013,-23.6724172],[-46.7963491,-23.672163],[-46.796321,-23.6719431],[-46.7962982,-23.6718621],[-46.796274,-23.6717663],[-46.7961131,-23.6714813],[-46.7958677,-23.6710158],[-46.7955042,-23.6702493],[-46.7954385,-23.6700098],[-46.7954399,-23.6699128],[-46.7954935,-23.6696782],[-46.7954868,-23.6695443],[-46.7953976,-23.6692182],[-46.7953755,-23.6690948],[-46.7953809,-23.6688847],[-46.7953715,-23.668768],[-46.7953406,-23.6686317],[-46.7952964,-23.6685433],[-46.7951502,-23.6683799],[-46.7950737,-23.6682976],[-46.7950469,-23.6682423],[-46.795056,-23.668188],[-46.7951231,-23.6680615],[-46.795229,-23.6678969],[-46.7952666,-23.6677753],[-46.7951861,-23.6675395],[-46.7949823,-23.6672251],[-46.7949823,-23.6670728],[-46.7951078,-23.6668249],[-46.7952988,-23.6666551],[-46.7954973,-23.6663947],[-46.7954865,-23.6662178],[-46.7954651,-23.6660164],[-46.7954383,-23.6658592],[-46.7954651,-23.6656184],[-46.7954463,-23.6654416],[-46.7953577,-23.6652057],[-46.7951861,-23.6649306],[-46.7949716,-23.6647488],[-46.7948696,-23.664637],[-46.794826,-23.664551],[-46.794828,-23.6644343],[-46.7948387,-23.664282],[-46.7947838,-23.6641715],[-46.794716,-23.6641242],[-46.7945464,-23.6640351],[-46.7944995,-23.6639479],[-46.7943546,-23.6632748],[-46.7943408,-23.6630671],[-46.7942814,-23.6629453],[-46.7942118,-23.6628018],[-46.7942304,-23.662745],[-46.7943171,-23.6623806],[-46.7943992,-23.6621616],[-46.7944536,-23.6619885],[-46.79447,-23.6618474],[-46.794478,-23.6616926],[-46.7942849,-23.6609507],[-46.7941106,-23.6606437],[-46.7940971,-23.6604028],[-46.7941189,-23.6602192],[-46.7942118,-23.6600986],[-46.7942881,-23.6599742],[-46.7943788,-23.6598827],[-46.7944402,-23.6596595],[-46.7944081,-23.6595659],[-46.7943461,-23.6594964],[-46.7942699,-23.6592724],[-46.7942635,-23.6591229],[-46.7942259,-23.6589509],[-46.7940972,-23.6588133],[-46.7939389,-23.6587357],[-46.7937973,-23.6586733],[-46.7936353,-23.6584689],[-46.7934695,-23.6583416],[-46.7933837,-23.65815],[-46.79333,-23.6578945],[-46.7933408,-23.6577422],[-46.7933944,-23.6576046],[-46.7933998,-23.6574326],[-46.7933622,-23.6572557],[-46.7933891,-23.6570445],[-46.7935071,-23.6567496],[-46.7935714,-23.6565629],[-46.7936151,-23.6563539],[-46.7936258,-23.6561604],[-46.7934817,-23.6558848],[-46.793382,-23.6558502],[-46.7932297,-23.6559795],[-46.7930988,-23.6559987],[-46.7930528,-23.6559539],[-46.7930121,-23.6558706],[-46.7929727,-23.6556122],[-46.7929817,-23.6552915],[-46.79274,-23.6546269],[-46.792343,-23.6532953],[-46.7918334,-23.6517327],[-46.7918569,-23.6515512],[-46.791924,-23.6514603],[-46.792005,-23.6513937],[-46.7921359,-23.6513178],[-46.7922733,-23.651207],[-46.7923054,-23.6510448],[-46.7923054,-23.6507942],[-46.792284,-23.6505829],[-46.7922572,-23.6503863],[-46.7923022,-23.6502564],[-46.7923988,-23.6501139],[-46.7925377,-23.6499308],[-46.7925623,-23.6498628]]]]},"properties":{"name":"Capão Redondo","admin_level":"9"}}]}